# ms1.py output
# case: {'case_id': 1, 'description': 'default case'}
# params: {'nx': 101, 'ny': 101, 'x_min': 0.0, 'x_max': 1.0, 'y_min': 0.0, 'y_max': 1.0, 'temperature': 300.0, 'output': 'ms1_out.txt'}
# total_signal: 15586.347058380834

# x y Z_norm_row_major
0.00000000e+00 0.00000000e+00 8.56113296e-12
1.00000000e-02 0.00000000e+00 1.09323571e-11
2.00000000e-02 0.00000000e+00 1.38890388e-11
3.00000000e-02 0.00000000e+00 1.75553742e-11
4.00000000e-02 0.00000000e+00 2.20765498e-11
5.00000000e-02 0.00000000e+00 2.76209892e-11
6.00000000e-02 0.00000000e+00 3.43825354e-11
7.00000000e-02 0.00000000e+00 4.25824840e-11
8.00000000e-02 0.00000000e+00 5.24713613e-11
9.00000000e-02 0.00000000e+00 6.43303337e-11
1.00000000e-01 0.00000000e+00 7.84721154e-11
1.10000000e-01 0.00000000e+00 9.52412341e-11
1.20000000e-01 0.00000000e+00 1.15013507e-10
1.30000000e-01 0.00000000e+00 1.38194575e-10
1.40000000e-01 0.00000000e+00 1.65217354e-10
1.50000000e-01 0.00000000e+00 1.96538256e-10
1.60000000e-01 0.00000000e+00 2.32632078e-10
1.70000000e-01 0.00000000e+00 2.73985452e-10
1.80000000e-01 0.00000000e+00 3.21088807e-10
1.90000000e-01 0.00000000e+00 3.74426838e-10
2.00000000e-01 0.00000000e+00 4.34467502e-10
2.10000000e-01 0.00000000e+00 5.01649664e-10
2.20000000e-01 0.00000000e+00 5.76369534e-10
2.30000000e-01 0.00000000e+00 6.58966137e-10
2.40000000e-01 0.00000000e+00 7.49706111e-10
2.50000000e-01 0.00000000e+00 8.48768198e-10
2.60000000e-01 0.00000000e+00 9.56227851e-10
2.70000000e-01 0.00000000e+00 1.07204244e-09
2.80000000e-01 0.00000000e+00 1.19603757e-09
2.90000000e-01 0.00000000e+00 1.32789506e-09
3.00000000e-01 0.00000000e+00 1.46714310e-09
3.10000000e-01 0.00000000e+00 1.61314918e-09
3.20000000e-01 0.00000000e+00 1.76511625e-09
3.30000000e-01 0.00000000e+00 1.92208250e-09
3.40000000e-01 0.00000000e+00 2.08292522e-09
3.50000000e-01 0.00000000e+00 2.24636894e-09
3.60000000e-01 0.00000000e+00 2.41099791e-09
3.70000000e-01 0.00000000e+00 2.57527306e-09
3.80000000e-01 0.00000000e+00 2.73755312e-09
3.90000000e-01 0.00000000e+00 2.89611971e-09
4.00000000e-01 0.00000000e+00 3.04920594e-09
4.10000000e-01 0.00000000e+00 3.19502775e-09
4.20000000e-01 0.00000000e+00 3.33181752e-09
4.30000000e-01 0.00000000e+00 3.45785882e-09
4.40000000e-01 0.00000000e+00 3.57152164e-09
4.50000000e-01 0.00000000e+00 3.67129691e-09
4.60000000e-01 0.00000000e+00 3.75582936e-09
4.70000000e-01 0.00000000e+00 3.82394783e-09
4.80000000e-01 0.00000000e+00 3.87469197e-09
4.90000000e-01 0.00000000e+00 3.90733456e-09
5.00000000e-01 0.00000000e+00 3.92139873e-09
5.10000000e-01 0.00000000e+00 3.91666948e-09
5.20000000e-01 0.00000000e+00 3.89319916e-09
5.30000000e-01 0.00000000e+00 3.85130664e-09
5.40000000e-01 0.00000000e+00 3.79157034e-09
5.50000000e-01 0.00000000e+00 3.71481508e-09
5.60000000e-01 0.00000000e+00 3.62209340e-09
5.70000000e-01 0.00000000e+00 3.51466178e-09
5.80000000e-01 0.00000000e+00 3.39395257e-09
5.90000000e-01 0.00000000e+00 3.26154245e-09
6.00000000e-01 0.00000000e+00 3.11911846e-09
6.10000000e-01 0.00000000e+00 2.96844251e-09
6.20000000e-01 0.00000000e+00 2.81131549e-09
6.30000000e-01 0.00000000e+00 2.64954198e-09
6.40000000e-01 0.00000000e+00 2.48489643e-09
6.50000000e-01 0.00000000e+00 2.31909181e-09
6.60000000e-01 0.00000000e+00 2.15375138e-09
6.70000000e-01 0.00000000e+00 1.99038422e-09
6.80000000e-01 0.00000000e+00 1.83036496e-09
6.90000000e-01 0.00000000e+00 1.67491797e-09
7.00000000e-01 0.00000000e+00 1.52510626e-09
7.10000000e-01 0.00000000e+00 1.38182485e-09
7.20000000e-01 0.00000000e+00 1.24579866e-09
7.30000000e-01 0.00000000e+00 1.11758437e-09
7.40000000e-01 0.00000000e+00 9.97576133e-10
7.50000000e-01 0.00000000e+00 8.86014354e-10
7.60000000e-01 0.00000000e+00 7.82997177e-10
7.70000000e-01 0.00000000e+00 6.88494029e-10
7.80000000e-01 0.00000000e+00 6.02360639e-10
7.90000000e-01 0.00000000e+00 5.24354953e-10
8.00000000e-01 0.00000000e+00 4.54153419e-10
8.10000000e-01 0.00000000e+00 3.91367140e-10
8.20000000e-01 0.00000000e+00 3.35557475e-10
8.30000000e-01 0.00000000e+00 2.86250730e-10
8.40000000e-01 0.00000000e+00 2.42951652e-10
8.50000000e-01 0.00000000e+00 2.05155536e-10
8.60000000e-01 0.00000000e+00 1.72358786e-10
8.70000000e-01 0.00000000e+00 1.44067896e-10
8.80000000e-01 0.00000000e+00 1.19806814e-10
8.90000000e-01 0.00000000e+00 9.91227602e-11
9.00000000e-01 0.00000000e+00 8.15905717e-11
9.10000000e-01 0.00000000e+00 6.68157080e-11
9.20000000e-01 0.00000000e+00 5.44360476e-11
9.30000000e-01 0.00000000e+00 4.41226439e-11
9.40000000e-01 0.00000000e+00 3.55795973e-11
9.50000000e-01 0.00000000e+00 2.85432102e-11
9.60000000e-01 0.00000000e+00 2.27805761e-11
9.70000000e-01 0.00000000e+00 1.80877516e-11
9.80000000e-01 0.00000000e+00 1.42876372e-11
9.90000000e-01 0.00000000e+00 1.12276840e-11
1.00000000e+00 0.00000000e+00 8.77752125e-12
0.00000000e+00 1.00000000e-02 1.40413982e-11
1.00000000e-02 1.00000000e-02 1.79307825e-11
2.00000000e-02 1.00000000e-02 2.27805495e-11
3.00000000e-02 1.00000000e-02 2.87944583e-11
4.00000000e-02 1.00000000e-02 3.62107125e-11
5.00000000e-02 1.00000000e-02 4.53056493e-11
6.00000000e-02 1.00000000e-02 5.63973239e-11
7.00000000e-02 1.00000000e-02 6.98488473e-11
8.00000000e-02 1.00000000e-02 8.60713093e-11
9.00000000e-02 1.00000000e-02 1.05526094e-10
1.00000000e-01 1.00000000e-02 1.28726376e-10
1.10000000e-01 1.00000000e-02 1.56237556e-10
1.20000000e-01 1.00000000e-02 1.88676412e-10
1.30000000e-01 1.00000000e-02 2.26708699e-10
1.40000000e-01 1.00000000e-02 2.71044961e-10
1.50000000e-01 1.00000000e-02 3.22434351e-10
1.60000000e-01 1.00000000e-02 3.81656229e-10
1.70000000e-01 1.00000000e-02 4.49509427e-10
1.80000000e-01 1.00000000e-02 5.26799058e-10
1.90000000e-01 1.00000000e-02 6.14320867e-10
2.00000000e-01 1.00000000e-02 7.12843180e-10
2.10000000e-01 1.00000000e-02 8.23086613e-10
2.20000000e-01 1.00000000e-02 9.45701813e-10
2.30000000e-01 1.00000000e-02 1.08124560e-09
2.40000000e-01 1.00000000e-02 1.23015601e-09
2.50000000e-01 1.00000000e-02 1.39272680e-09
2.60000000e-01 1.00000000e-02 1.56908223e-09
2.70000000e-01 1.00000000e-02 1.75915270e-09
2.80000000e-01 1.00000000e-02 1.96265229e-09
2.90000000e-01 1.00000000e-02 2.17905904e-09
3.00000000e-01 1.00000000e-02 2.40759876e-09
3.10000000e-01 1.00000000e-02 2.64723341e-09
3.20000000e-01 1.00000000e-02 2.89665475e-09
3.30000000e-01 1.00000000e-02 3.15428403e-09
3.40000000e-01 1.00000000e-02 3.41827828e-09
3.50000000e-01 1.00000000e-02 3.68654368e-09
3.60000000e-01 1.00000000e-02 3.95675603e-09
3.70000000e-01 1.00000000e-02 4.22638862e-09
3.80000000e-01 1.00000000e-02 4.49274691e-09
3.90000000e-01 1.00000000e-02 4.75300975e-09
4.00000000e-01 1.00000000e-02 5.00427626e-09
4.10000000e-01 1.00000000e-02 5.24361744e-09
4.20000000e-01 1.00000000e-02 5.46813123e-09
4.30000000e-01 1.00000000e-02 5.67499973e-09
4.40000000e-01 1.00000000e-02 5.86154692e-09
4.50000000e-01 1.00000000e-02 6.02529539e-09
4.60000000e-01 1.00000000e-02 6.16402038e-09
4.70000000e-01 1.00000000e-02 6.27579946e-09
4.80000000e-01 1.00000000e-02 6.35905640e-09
4.90000000e-01 1.00000000e-02 6.41259786e-09
5.00000000e-01 1.00000000e-02 6.43564156e-09
5.10000000e-01 1.00000000e-02 6.42783527e-09
5.20000000e-01 1.00000000e-02 6.38926573e-09
5.30000000e-01 1.00000000e-02 6.32045731e-09
5.40000000e-01 1.00000000e-02 6.22236047e-09
5.50000000e-01 1.00000000e-02 6.09633021e-09
5.60000000e-01 1.00000000e-02 5.94409533e-09
5.70000000e-01 1.00000000e-02 5.76771936e-09
5.80000000e-01 1.00000000e-02 5.56955444e-09
5.90000000e-01 1.00000000e-02 5.35218955e-09
6.00000000e-01 1.00000000e-02 5.11839464e-09
6.10000000e-01 1.00000000e-02 4.87106243e-09
6.20000000e-01 1.00000000e-02 4.61314943e-09
6.30000000e-01 1.00000000e-02 4.34761798e-09
6.40000000e-01 1.00000000e-02 4.07738078e-09
6.50000000e-01 1.00000000e-02 3.80524941e-09
6.60000000e-01 1.00000000e-02 3.53388801e-09
6.70000000e-01 1.00000000e-02 3.26577311e-09
6.80000000e-01 1.00000000e-02 3.00316038e-09
6.90000000e-01 1.00000000e-02 2.74805876e-09
7.00000000e-01 1.00000000e-02 2.50221218e-09
7.10000000e-01 1.00000000e-02 2.26708878e-09
7.20000000e-01 1.00000000e-02 2.04387744e-09
7.30000000e-01 1.00000000e-02 1.83349090e-09
7.40000000e-01 1.00000000e-02 1.63657514e-09
7.50000000e-01 1.00000000e-02 1.45352380e-09
7.60000000e-01 1.00000000e-02 1.28449710e-09
7.70000000e-01 1.00000000e-02 1.12944405e-09
7.80000000e-01 1.00000000e-02 9.88127161e-10
7.90000000e-01 1.00000000e-02 8.60148515e-10
8.00000000e-01 1.00000000e-02 7.44976553e-10
8.10000000e-01 1.00000000e-02 6.41972566e-10
8.20000000e-01 1.00000000e-02 5.50416302e-10
8.30000000e-01 1.00000000e-02 4.69530072e-10
8.40000000e-01 1.00000000e-02 3.98500896e-10
8.50000000e-01 1.00000000e-02 3.36500358e-10
8.60000000e-01 1.00000000e-02 2.82701940e-10
8.70000000e-01 1.00000000e-02 2.36295736e-10
8.80000000e-01 1.00000000e-02 1.96500541e-10
8.90000000e-01 1.00000000e-02 1.62573381e-10
9.00000000e-01 1.00000000e-02 1.33816640e-10
9.10000000e-01 1.00000000e-02 1.09582977e-10
9.20000000e-01 1.00000000e-02 8.92782719e-11
9.30000000e-01 1.00000000e-02 7.23628543e-11
9.40000000e-01 1.00000000e-02 5.83512911e-11
9.50000000e-01 1.00000000e-02 4.68109930e-11
9.60000000e-01 1.00000000e-02 3.73598964e-11
9.70000000e-01 1.00000000e-02 2.96634594e-11
9.80000000e-01 1.00000000e-02 2.34311828e-11
9.90000000e-01 1.00000000e-02 1.84128453e-11
1.00000000e+00 1.00000000e-02 1.43946094e-11
0.00000000e+00 2.00000000e-02 2.27905106e-11
1.00000000e-02 2.00000000e-02 2.91046143e-11
2.00000000e-02 2.00000000e-02 3.69782600e-11
3.00000000e-02 2.00000000e-02 4.67424619e-11
4.00000000e-02 2.00000000e-02 5.87842285e-11
5.00000000e-02 2.00000000e-02 7.35525683e-11
6.00000000e-02 2.00000000e-02 9.15643289e-11
7.00000000e-02 2.00000000e-02 1.13409637e-10
8.00000000e-02 2.00000000e-02 1.39756668e-10
9.00000000e-02 2.00000000e-02 1.71355428e-10
1.00000000e-01 2.00000000e-02 2.09040209e-10
1.10000000e-01 2.00000000e-02 2.53730322e-10
1.20000000e-01 2.00000000e-02 3.06428738e-10
1.30000000e-01 2.00000000e-02 3.68218206e-10
1.40000000e-01 2.00000000e-02 4.40254484e-10
1.50000000e-01 2.00000000e-02 5.23756287e-10
1.60000000e-01 2.00000000e-02 6.19991671e-10
1.70000000e-01 2.00000000e-02 7.30260570e-10
1.80000000e-01 2.00000000e-02 8.55873361e-10
1.90000000e-01 2.00000000e-02 9.98125420e-10
2.00000000e-01 2.00000000e-02 1.15826775e-09
2.10000000e-01 2.00000000e-02 1.33747396e-09
2.20000000e-01 2.00000000e-02 1.53680406e-09
2.30000000e-01 2.00000000e-02 1.75716556e-09
2.40000000e-01 2.00000000e-02 1.99927289e-09
2.50000000e-01 2.00000000e-02 2.26360584e-09
2.60000000e-01 2.00000000e-02 2.55036843e-09
2.70000000e-01 2.00000000e-02 2.85944926e-09
2.80000000e-01 2.00000000e-02 3.19038487e-09
2.90000000e-01 2.00000000e-02 3.54232756e-09
3.00000000e-01 2.00000000e-02 3.91401898e-09
3.10000000e-01 2.00000000e-02 4.30377113e-09
3.20000000e-01 2.00000000e-02 4.70945600e-09
3.30000000e-01 2.00000000e-02 5.12850500e-09
3.40000000e-01 2.00000000e-02 5.55791917e-09
3.50000000e-01 2.00000000e-02 5.99429084e-09
3.60000000e-01 2.00000000e-02 6.43383710e-09
3.70000000e-01 2.00000000e-02 6.87244507e-09
3.80000000e-01 2.00000000e-02 7.30572842e-09
3.90000000e-01 2.00000000e-02 7.72909454e-09
4.00000000e-01 2.00000000e-02 8.13782093e-09
4.10000000e-01 2.00000000e-02 8.52713930e-09
4.20000000e-01 2.00000000e-02 8.89232528e-09
4.30000000e-01 2.00000000e-02 9.22879168e-09
4.40000000e-01 2.00000000e-02 9.53218255e-09
4.50000000e-01 2.00000000e-02 9.79846565e-09
4.60000000e-01 2.00000000e-02 1.00240204e-08
4.70000000e-01 2.00000000e-02 1.02057190e-08
4.80000000e-01 2.00000000e-02 1.03409976e-08
4.90000000e-01 2.00000000e-02 1.04279163e-08
5.00000000e-01 2.00000000e-02 1.04652047e-08
5.10000000e-01 2.00000000e-02 1.04522930e-08
5.20000000e-01 2.00000000e-02 1.03893263e-08
5.30000000e-01 2.00000000e-02 1.02771623e-08
5.40000000e-01 2.00000000e-02 1.01173524e-08
5.50000000e-01 2.00000000e-02 9.91210659e-09
5.60000000e-01 2.00000000e-02 9.66424284e-09
5.70000000e-01 2.00000000e-02 9.37712379e-09
5.80000000e-01 2.00000000e-02 9.05458131e-09
5.90000000e-01 2.00000000e-02 8.70083208e-09
6.00000000e-01 2.00000000e-02 8.32038660e-09
6.10000000e-01 2.00000000e-02 7.91795427e-09
6.20000000e-01 2.00000000e-02 7.49834740e-09
6.30000000e-01 2.00000000e-02 7.06638682e-09
6.40000000e-01 2.00000000e-02 6.62681160e-09
6.50000000e-01 2.00000000e-02 6.18419531e-09
6.60000000e-01 2.00000000e-02 5.74287068e-09
6.70000000e-01 2.00000000e-02 5.30686435e-09
6.80000000e-01 2.00000000e-02 4.87984286e-09
6.90000000e-01 2.00000000e-02 4.46507071e-09
7.00000000e-01 2.00000000e-02 4.06538076e-09
7.10000000e-01 2.00000000e-02 3.68315684e-09
7.20000000e-01 2.00000000e-02 3.32032821e-09
7.30000000e-01 2.00000000e-02 2.97837492e-09
7.40000000e-01 2.00000000e-02 2.65834304e-09
7.50000000e-01 2.00000000e-02 2.36086839e-09
7.60000000e-01 2.00000000e-02 2.08620733e-09
7.70000000e-01 2.00000000e-02 1.83427306e-09
7.80000000e-01 2.00000000e-02 1.60467579e-09
7.90000000e-01 2.00000000e-02 1.39676529e-09
8.00000000e-01 2.00000000e-02 1.20967446e-09
8.10000000e-01 2.00000000e-02 1.04236239e-09
8.20000000e-01 2.00000000e-02 8.93656038e-10
8.30000000e-01 2.00000000e-02 7.62289436e-10
8.40000000e-01 2.00000000e-02 6.46939634e-10
8.50000000e-01 2.00000000e-02 5.46258973e-10
8.60000000e-01 2.00000000e-02 4.58903224e-10
8.70000000e-01 2.00000000e-02 3.83555472e-10
8.80000000e-01 2.00000000e-02 3.18945716e-10
8.90000000e-01 2.00000000e-02 2.63866324e-10
9.00000000e-01 2.00000000e-02 2.17183573e-10
9.10000000e-01 2.00000000e-02 1.77845597e-10
9.20000000e-01 2.00000000e-02 1.44887141e-10
9.30000000e-01 2.00000000e-02 1.17431525e-10
9.40000000e-01 2.00000000e-02 9.46902699e-11
9.50000000e-01 2.00000000e-02 7.59608051e-11
9.60000000e-01 2.00000000e-02 6.06226837e-11
9.70000000e-01 2.00000000e-02 4.81326828e-11
9.80000000e-01 2.00000000e-02 3.80191379e-11
9.90000000e-01 2.00000000e-02 2.98758146e-11
1.00000000e+00 2.00000000e-02 2.33555750e-11
0.00000000e+00 3.00000000e-02 3.66070596e-11
1.00000000e-02 3.00000000e-02 4.67524093e-11
2.00000000e-02 3.00000000e-02 5.94047584e-11
3.00000000e-02 3.00000000e-02 7.50965800e-11
4.00000000e-02 3.00000000e-02 9.44505193e-11
5.00000000e-02 3.00000000e-02 1.18189090e-10
6.00000000e-02 3.00000000e-02 1.47144110e-10
7.00000000e-02 3.00000000e-02 1.82265500e-10
8.00000000e-02 3.00000000e-02 2.24629006e-10
9.00000000e-02 3.00000000e-02 2.75442352e-10
1.00000000e-01 3.00000000e-02 3.36049234e-10
1.10000000e-01 3.00000000e-02 4.07930584e-10
1.20000000e-01 3.00000000e-02 4.92702424e-10
1.30000000e-01 3.00000000e-02 5.92109696e-10
1.40000000e-01 3.00000000e-02 7.08015407e-10
1.50000000e-01 3.00000000e-02 8.42384508e-10
1.60000000e-01 3.00000000e-02 9.97261991e-10
1.70000000e-01 3.00000000e-02 1.17474481e-09
1.80000000e-01 3.00000000e-02 1.37694734e-09
1.90000000e-01 3.00000000e-02 1.60596041e-09
2.00000000e-01 3.00000000e-02 1.86380392e-09
2.10000000e-01 3.00000000e-02 2.15237360e-09
2.20000000e-01 3.00000000e-02 2.47338254e-09
2.30000000e-01 3.00000000e-02 2.82829847e-09
2.40000000e-01 3.00000000e-02 3.21827807e-09
2.50000000e-01 3.00000000e-02 3.64409998e-09
2.60000000e-01 3.00000000e-02 4.10609816e-09
2.70000000e-01 3.00000000e-02 4.60409785e-09
2.80000000e-01 3.00000000e-02 5.13735624e-09
2.90000000e-01 3.00000000e-02 5.70451035e-09
3.00000000e-01 3.00000000e-02 6.30353425e-09
3.10000000e-01 3.00000000e-02 6.93170825e-09
3.20000000e-01 3.00000000e-02 7.58560193e-09
3.30000000e-01 3.00000000e-02 8.26107315e-09
3.40000000e-01 3.00000000e-02 8.95328445e-09
3.50000000e-01 3.00000000e-02 9.65673789e-09
3.60000000e-01 3.00000000e-02 1.03653291e-08
3.70000000e-01 3.00000000e-02 1.10724205e-08
3.80000000e-01 3.00000000e-02 1.17709322e-08
3.90000000e-01 3.00000000e-02 1.24534513e-08
4.00000000e-01 3.00000000e-02 1.31123546e-08
4.10000000e-01 3.00000000e-02 1.37399451e-08
4.20000000e-01 3.00000000e-02 1.43285971e-08
4.30000000e-01 3.00000000e-02 1.48709063e-08
4.40000000e-01 3.00000000e-02 1.53598429e-08
4.50000000e-01 3.00000000e-02 1.57889003e-08
4.60000000e-01 3.00000000e-02 1.61522375e-08
4.70000000e-01 3.00000000e-02 1.64448101e-08
4.80000000e-01 3.00000000e-02 1.66624859e-08
4.90000000e-01 3.00000000e-02 1.68021404e-08
5.00000000e-01 3.00000000e-02 1.68617316e-08
5.10000000e-01 3.00000000e-02 1.68403493e-08
5.20000000e-01 3.00000000e-02 1.67382381e-08
5.30000000e-01 3.00000000e-02 1.65567931e-08
5.40000000e-01 3.00000000e-02 1.62985297e-08
5.50000000e-01 3.00000000e-02 1.59670255e-08
5.60000000e-01 3.00000000e-02 1.55668394e-08
5.70000000e-01 3.00000000e-02 1.51034079e-08
5.80000000e-01 3.00000000e-02 1.45829235e-08
5.90000000e-01 3.00000000e-02 1.40121980e-08
6.00000000e-01 3.00000000e-02 1.33985151e-08
6.10000000e-01 3.00000000e-02 1.27494774e-08
6.20000000e-01 3.00000000e-02 1.20728507e-08
6.30000000e-01 3.00000000e-02 1.13764123e-08
6.40000000e-01 3.00000000e-02 1.06678049e-08
6.50000000e-01 3.00000000e-02 9.95440158e-09
6.60000000e-01 3.00000000e-02 9.24318467e-09
6.70000000e-01 3.00000000e-02 8.54064055e-09
6.80000000e-01 3.00000000e-02 7.85267293e-09
6.90000000e-01 3.00000000e-02 7.18453551e-09
7.00000000e-01 3.00000000e-02 6.54078462e-09
7.10000000e-01 3.00000000e-02 5.92525166e-09
7.20000000e-01 3.00000000e-02 5.34103450e-09
7.30000000e-01 3.00000000e-02 4.79050658e-09
7.40000000e-01 3.00000000e-02 4.27534178e-09
7.50000000e-01 3.00000000e-02 3.79655309e-09
7.60000000e-01 3.00000000e-02 3.35454251e-09
7.70000000e-01 3.00000000e-02 2.94915977e-09
7.80000000e-01 3.00000000e-02 2.57976734e-09
7.90000000e-01 3.00000000e-02 2.24530915e-09
8.00000000e-01 3.00000000e-02 1.94438080e-09
8.10000000e-01 3.00000000e-02 1.67529916e-09
8.20000000e-01 3.00000000e-02 1.43616938e-09
8.30000000e-01 3.00000000e-02 1.22494810e-09
8.40000000e-01 3.00000000e-02 1.03950128e-09
8.50000000e-01 3.00000000e-02 8.77656097e-10
8.60000000e-01 3.00000000e-02 7.37246172e-10
8.70000000e-01 3.00000000e-02 6.16149925e-10
8.80000000e-01 3.00000000e-02 5.12322024e-10
8.90000000e-01 3.00000000e-02 4.23818149e-10
9.00000000e-01 3.00000000e-02 3.48813461e-10
9.10000000e-01 3.00000000e-02 2.85615295e-10
9.20000000e-01 3.00000000e-02 2.32670710e-10
9.30000000e-01 3.00000000e-02 1.88569564e-10
9.40000000e-01 3.00000000e-02 1.52043832e-10
9.50000000e-01 3.00000000e-02 1.21963855e-10
9.60000000e-01 3.00000000e-02 9.73321858e-11
9.70000000e-01 3.00000000e-02 7.72756666e-11
9.80000000e-01 3.00000000e-02 6.10362711e-11
9.90000000e-01 3.00000000e-02 4.79612187e-11
1.00000000e+00 3.00000000e-02 3.74927635e-11
0.00000000e+00 4.00000000e-02 5.81898044e-11
1.00000000e-02 4.00000000e-02 7.43240929e-11
2.00000000e-02 4.00000000e-02 9.44478697e-11
3.00000000e-02 4.00000000e-02 1.19409275e-10
4.00000000e-02 4.00000000e-02 1.50200296e-10
5.00000000e-02 4.00000000e-02 1.87972295e-10
6.00000000e-02 4.00000000e-02 2.34051122e-10
7.00000000e-02 4.00000000e-02 2.89951244e-10
8.00000000e-02 4.00000000e-02 3.57388165e-10
9.00000000e-02 4.00000000e-02 4.38288342e-10
1.00000000e-01 4.00000000e-02 5.34795705e-10
1.10000000e-01 4.00000000e-02 6.49273785e-10
1.20000000e-01 4.00000000e-02 7.84302453e-10
1.30000000e-01 4.00000000e-02 9.42668204e-10
1.40000000e-01 4.00000000e-02 1.12734698e-09
1.50000000e-01 4.00000000e-02 1.34147856e-09
1.60000000e-01 4.00000000e-02 1.58833171e-09
1.70000000e-01 4.00000000e-02 1.87125946e-09
1.80000000e-01 4.00000000e-02 2.19364401e-09
1.90000000e-01 4.00000000e-02 2.55883124e-09
2.00000000e-01 4.00000000e-02 2.97005515e-09
2.10000000e-01 4.00000000e-02 3.43035260e-09
2.20000000e-01 4.00000000e-02 3.94246983e-09
2.30000000e-01 4.00000000e-02 4.50876203e-09
2.40000000e-01 4.00000000e-02 5.13108813e-09
2.50000000e-01 4.00000000e-02 5.81070337e-09
2.60000000e-01 4.00000000e-02 6.54815245e-09
2.70000000e-01 4.00000000e-02 7.34316680e-09
2.80000000e-01 4.00000000e-02 8.19456925e-09
2.90000000e-01 4.00000000e-02 9.10019019e-09
3.00000000e-01 4.00000000e-02 1.00567989e-08
3.10000000e-01 4.00000000e-02 1.10600536e-08
3.20000000e-01 4.00000000e-02 1.21044743e-08
3.30000000e-01 4.00000000e-02 1.31834406e-08
3.40000000e-01 4.00000000e-02 1.42892178e-08
3.50000000e-01 4.00000000e-02 1.54130126e-08
3.60000000e-01 4.00000000e-02 1.65450597e-08
3.70000000e-01 4.00000000e-02 1.76747385e-08
3.80000000e-01 4.00000000e-02 1.87907199e-08
3.90000000e-01 4.00000000e-02 1.98811400e-08
4.00000000e-01 4.00000000e-02 2.09337983e-08
4.10000000e-01 4.00000000e-02 2.19363759e-08
4.20000000e-01 4.00000000e-02 2.28766684e-08
4.30000000e-01 4.00000000e-02 2.37428270e-08
4.40000000e-01 4.00000000e-02 2.45236035e-08
4.50000000e-01 4.00000000e-02 2.52085892e-08
4.60000000e-01 4.00000000e-02 2.57884436e-08
4.70000000e-01 4.00000000e-02 2.62551034e-08
4.80000000e-01 4.00000000e-02 2.66019679e-08
4.90000000e-01 4.00000000e-02 2.68240529e-08
5.00000000e-01 4.00000000e-02 2.69181088e-08
5.10000000e-01 4.00000000e-02 2.68826997e-08
5.20000000e-01 4.00000000e-02 2.67182397e-08
5.30000000e-01 4.00000000e-02 2.64269856e-08
5.40000000e-01 4.00000000e-02 2.60129870e-08
5.50000000e-01 4.00000000e-02 2.54819930e-08
5.60000000e-01 4.00000000e-02 2.48413215e-08
5.70000000e-01 4.00000000e-02 2.40996927e-08
5.80000000e-01 4.00000000e-02 2.32670330e-08
5.90000000e-01 4.00000000e-02 2.23542558e-08
6.00000000e-01 4.00000000e-02 2.13730250e-08
6.10000000e-01 4.00000000e-02 2.03355093e-08
6.20000000e-01 4.00000000e-02 1.92541334e-08
6.30000000e-01 4.00000000e-02 1.81413345e-08
6.40000000e-01 4.00000000e-02 1.70093286e-08
6.50000000e-01 4.00000000e-02 1.58698954e-08
6.60000000e-01 4.00000000e-02 1.47341845e-08
6.70000000e-01 4.00000000e-02 1.36125475e-08
6.80000000e-01 4.00000000e-02 1.25144005e-08
6.90000000e-01 4.00000000e-02 1.14481172e-08
7.00000000e-01 4.00000000e-02 1.04209535e-08
7.10000000e-01 4.00000000e-02 9.43900515e-09
7.20000000e-01 4.00000000e-02 8.50719419e-09
7.30000000e-01 4.00000000e-02 7.62928482e-09
7.40000000e-01 4.00000000e-02 6.80792381e-09
7.50000000e-01 4.00000000e-02 6.04470304e-09
7.60000000e-01 4.00000000e-02 5.34023988e-09
7.70000000e-01 4.00000000e-02 4.69427157e-09
7.80000000e-01 4.00000000e-02 4.10575944e-09
7.90000000e-01 4.00000000e-02 3.57299900e-09
8.00000000e-01 4.00000000e-02 3.09373229e-09
8.10000000e-01 4.00000000e-02 2.66525901e-09
8.20000000e-01 4.00000000e-02 2.28454368e-09
8.30000000e-01 4.00000000e-02 1.94831630e-09
8.40000000e-01 4.00000000e-02 1.65316463e-09
8.50000000e-01 4.00000000e-02 1.39561678e-09
8.60000000e-01 4.00000000e-02 1.17221316e-09
8.70000000e-01 4.00000000e-02 9.79567456e-10
8.80000000e-01 4.00000000e-02 8.14416499e-10
8.90000000e-01 4.00000000e-02 6.73659545e-10
9.00000000e-01 4.00000000e-02 5.54387465e-10
9.10000000e-01 4.00000000e-02 4.53902753e-10
9.20000000e-01 4.00000000e-02 3.69731344e-10
9.30000000e-01 4.00000000e-02 2.99627328e-10
9.40000000e-01 4.00000000e-02 2.41571686e-10
9.50000000e-01 4.00000000e-02 1.93766166e-10
9.60000000e-01 4.00000000e-02 1.54623355e-10
9.70000000e-01 4.00000000e-02 1.22753946e-10
9.80000000e-01 4.00000000e-02 9.69520720e-11
9.90000000e-01 4.00000000e-02 7.61794898e-11
1.00000000e+00 4.00000000e-02 5.95492679e-11
0.00000000e+00 5.00000000e-02 9.15389689e-11
1.00000000e-02 5.00000000e-02 1.16934912e-10
2.00000000e-02 5.00000000e-02 1.48615600e-10
3.00000000e-02 5.00000000e-02 1.87918719e-10
4.00000000e-02 5.00000000e-02 2.36409272e-10
5.00000000e-02 5.00000000e-02 2.95904217e-10
6.00000000e-02 5.00000000e-02 3.68496497e-10
7.00000000e-02 5.00000000e-02 4.56577534e-10
8.00000000e-02 5.00000000e-02 5.62857051e-10
9.00000000e-02 5.00000000e-02 6.90378977e-10
1.00000000e-01 5.00000000e-02 8.42531991e-10
1.10000000e-01 5.00000000e-02 1.02305317e-09
1.20000000e-01 5.00000000e-02 1.23602311e-09
1.30000000e-01 5.00000000e-02 1.48585085e-09
1.40000000e-01 5.00000000e-02 1.77724700e-09
1.50000000e-01 5.00000000e-02 2.11518348e-09
1.60000000e-01 5.00000000e-02 2.50483869e-09
1.70000000e-01 5.00000000e-02 2.95152684e-09
1.80000000e-01 5.00000000e-02 3.46061095e-09
1.90000000e-01 5.00000000e-02 4.03739934e-09
2.00000000e-01 5.00000000e-02 4.68702581e-09
2.10000000e-01 5.00000000e-02 5.41431470e-09
2.20000000e-01 5.00000000e-02 6.22363248e-09
2.30000000e-01 5.00000000e-02 7.11872840e-09
2.40000000e-01 5.00000000e-02 8.10256738e-09
2.50000000e-01 5.00000000e-02 9.17715917e-09
2.60000000e-01 5.00000000e-02 1.03433884e-08
2.70000000e-01 5.00000000e-02 1.16008511e-08
2.80000000e-01 5.00000000e-02 1.29477025e-08
2.90000000e-01 5.00000000e-02 1.43805235e-08
3.00000000e-01 5.00000000e-02 1.58942111e-08
3.10000000e-01 5.00000000e-02 1.74818981e-08
3.20000000e-01 5.00000000e-02 1.91349094e-08
3.30000000e-01 5.00000000e-02 2.08427581e-08
3.40000000e-01 5.00000000e-02 2.25931863e-08
3.50000000e-01 5.00000000e-02 2.43722534e-08
3.60000000e-01 5.00000000e-02 2.61644730e-08
3.70000000e-01 5.00000000e-02 2.79529990e-08
3.80000000e-01 5.00000000e-02 2.97198582e-08
3.90000000e-01 5.00000000e-02 3.14462269e-08
4.00000000e-01 5.00000000e-02 3.31127464e-08
4.10000000e-01 5.00000000e-02 3.46998696e-08
4.20000000e-01 5.00000000e-02 3.61882319e-08
4.30000000e-01 5.00000000e-02 3.75590356e-08
4.40000000e-01 5.00000000e-02 3.87944382e-08
4.50000000e-01 5.00000000e-02 3.98779341e-08
4.60000000e-01 5.00000000e-02 4.07947169e-08
4.70000000e-01 5.00000000e-02 4.15320130e-08
4.80000000e-01 5.00000000e-02 4.20793748e-08
4.90000000e-01 5.00000000e-02 4.24289254e-08
5.00000000e-01 5.00000000e-02 4.25755459e-08
5.10000000e-01 5.00000000e-02 4.25169995e-08
5.20000000e-01 5.00000000e-02 4.22539882e-08
5.30000000e-01 5.00000000e-02 4.17901407e-08
5.40000000e-01 5.00000000e-02 4.11319295e-08
5.50000000e-01 5.00000000e-02 4.02885237e-08
5.60000000e-01 5.00000000e-02 3.92715778e-08
5.70000000e-01 5.00000000e-02 3.80949660e-08
5.80000000e-01 5.00000000e-02 3.67744701e-08
5.90000000e-01 5.00000000e-02 3.53274293e-08
6.00000000e-01 5.00000000e-02 3.37723641e-08
6.10000000e-01 5.00000000e-02 3.21285853e-08
6.20000000e-01 5.00000000e-02 3.04157990e-08
6.30000000e-01 5.00000000e-02 2.86537190e-08
6.40000000e-01 5.00000000e-02 2.68616983e-08
6.50000000e-01 5.00000000e-02 2.50583865e-08
6.60000000e-01 5.00000000e-02 2.32614242e-08
6.70000000e-01 5.00000000e-02 2.14871782e-08
6.80000000e-01 5.00000000e-02 1.97505246e-08
6.90000000e-01 5.00000000e-02 1.80646806e-08
7.00000000e-01 5.00000000e-02 1.64410878e-08
7.10000000e-01 5.00000000e-02 1.48893458e-08
7.20000000e-01 5.00000000e-02 1.34171934e-08
7.30000000e-01 5.00000000e-02 1.20305347e-08
7.40000000e-01 5.00000000e-02 1.07335054e-08
7.50000000e-01 5.00000000e-02 9.52857299e-09
7.60000000e-01 5.00000000e-02 8.41666531e-09
7.70000000e-01 5.00000000e-02 7.39732116e-09
7.80000000e-01 5.00000000e-02 6.46885600e-09
7.90000000e-01 5.00000000e-02 5.62853687e-09
8.00000000e-01 5.00000000e-02 4.87276051e-09
8.10000000e-01 5.00000000e-02 4.19722943e-09
8.20000000e-01 5.00000000e-02 3.59712141e-09
8.30000000e-01 5.00000000e-02 3.06724853e-09
8.40000000e-01 5.00000000e-02 2.60220286e-09
8.50000000e-01 5.00000000e-02 2.19648667e-09
8.60000000e-01 5.00000000e-02 1.84462571e-09
8.70000000e-01 5.00000000e-02 1.54126506e-09
8.80000000e-01 5.00000000e-02 1.28124750e-09
8.90000000e-01 5.00000000e-02 1.05967499e-09
9.00000000e-01 5.00000000e-02 8.71954320e-10
9.10000000e-01 5.00000000e-02 7.13828239e-10
9.20000000e-01 5.00000000e-02 5.81393674e-10
9.30000000e-01 5.00000000e-02 4.71108792e-10
9.40000000e-01 5.00000000e-02 3.79790659e-10
9.50000000e-01 5.00000000e-02 3.04605281e-10
9.60000000e-01 5.00000000e-02 2.43051691e-10
9.70000000e-01 5.00000000e-02 1.92941648e-10
9.80000000e-01 5.00000000e-02 1.52376337e-10
9.90000000e-01 5.00000000e-02 1.19721292e-10
1.00000000e+00 5.00000000e-02 9.35805711e-11
0.00000000e+00 6.00000000e-02 1.42511405e-10
1.00000000e-02 6.00000000e-02 1.82076843e-10
2.00000000e-02 6.00000000e-02 2.31443225e-10
3.00000000e-02 6.00000000e-02 2.92699633e-10
4.00000000e-02 6.00000000e-02 3.68290965e-10
5.00000000e-02 6.00000000e-02 4.61056720e-10
6.00000000e-02 6.00000000e-02 5.74268867e-10
7.00000000e-02 6.00000000e-02 7.11667367e-10
8.00000000e-02 6.00000000e-02 8.77491580e-10
9.00000000e-02 6.00000000e-02 1.07650558e-09
1.00000000e-01 6.00000000e-02 1.31401515e-09
1.10000000e-01 6.00000000e-02 1.59587397e-09
1.20000000e-01 6.00000000e-02 1.92847652e-09
1.30000000e-01 6.00000000e-02 2.31873504e-09
1.40000000e-01 6.00000000e-02 2.77403789e-09
1.50000000e-01 6.00000000e-02 3.30218704e-09
1.60000000e-01 6.00000000e-02 3.91131248e-09
1.70000000e-01 6.00000000e-02 4.60976188e-09
1.80000000e-01 6.00000000e-02 5.40596443e-09
1.90000000e-01 6.00000000e-02 6.30826853e-09
2.00000000e-01 6.00000000e-02 7.32475388e-09
2.10000000e-01 6.00000000e-02 8.46301946e-09
2.20000000e-01 6.00000000e-02 9.72995028e-09
2.30000000e-01 6.00000000e-02 1.11314665e-08
2.40000000e-01 6.00000000e-02 1.26722603e-08
2.50000000e-01 6.00000000e-02 1.43555266e-08
2.60000000e-01 6.00000000e-02 1.61826948e-08
2.70000000e-01 6.00000000e-02 1.81531705e-08
2.80000000e-01 6.00000000e-02 2.02640951e-08
2.90000000e-01 6.00000000e-02 2.25101346e-08
3.00000000e-01 6.00000000e-02 2.48833050e-08
3.10000000e-01 6.00000000e-02 2.73728456e-08
3.20000000e-01 6.00000000e-02 2.99651485e-08
3.30000000e-01 6.00000000e-02 3.26437511e-08
3.40000000e-01 6.00000000e-02 3.53894005e-08
3.50000000e-01 6.00000000e-02 3.81801904e-08
3.60000000e-01 6.00000000e-02 4.09917779e-08
3.70000000e-01 6.00000000e-02 4.37976749e-08
3.80000000e-01 6.00000000e-02 4.65696160e-08
3.90000000e-01 6.00000000e-02 4.92779946e-08
4.00000000e-01 6.00000000e-02 5.18923600e-08
4.10000000e-01 6.00000000e-02 5.43819648e-08
4.20000000e-01 6.00000000e-02 5.67163504e-08
4.30000000e-01 6.00000000e-02 5.88659536e-08
4.40000000e-01 6.00000000e-02 6.08027197e-08
4.50000000e-01 6.00000000e-02 6.25007044e-08
4.60000000e-01 6.00000000e-02 6.39366454e-08
4.70000000e-01 6.00000000e-02 6.50904877e-08
4.80000000e-01 6.00000000e-02 6.59458465e-08
4.90000000e-01 6.00000000e-02 6.64903909e-08
5.00000000e-01 6.00000000e-02 6.67161380e-08
5.10000000e-01 6.00000000e-02 6.66196472e-08
5.20000000e-01 6.00000000e-02 6.62021069e-08
5.30000000e-01 6.00000000e-02 6.54693124e-08
5.40000000e-01 6.00000000e-02 6.44315340e-08
5.50000000e-01 6.00000000e-02 6.31032802e-08
5.60000000e-01 6.00000000e-02 6.15029632e-08
5.70000000e-01 6.00000000e-02 5.96524777e-08
5.80000000e-01 6.00000000e-02 5.75767054e-08
5.90000000e-01 6.00000000e-02 5.53029627e-08
6.00000000e-01 6.00000000e-02 5.28604059e-08
6.10000000e-01 6.00000000e-02 5.02794146e-08
6.20000000e-01 6.00000000e-02 4.75909692e-08
6.30000000e-01 6.00000000e-02 4.48260420e-08
6.40000000e-01 6.00000000e-02 4.20150161e-08
6.50000000e-01 6.00000000e-02 3.91871500e-08
6.60000000e-01 6.00000000e-02 3.63700972e-08
6.70000000e-01 6.00000000e-02 3.35894932e-08
6.80000000e-01 6.00000000e-02 3.08686168e-08
6.90000000e-01 6.00000000e-02 2.82281291e-08
7.00000000e-01 6.00000000e-02 2.56858938e-08
7.10000000e-01 6.00000000e-02 2.32568753e-08
7.20000000e-01 6.00000000e-02 2.09531136e-08
7.30000000e-01 6.00000000e-02 1.87837683e-08
7.40000000e-01 6.00000000e-02 1.67552252e-08
7.50000000e-01 6.00000000e-02 1.48712567e-08
7.60000000e-01 6.00000000e-02 1.31332261e-08
7.70000000e-01 6.00000000e-02 1.15403254e-08
7.80000000e-01 6.00000000e-02 1.00898370e-08
7.90000000e-01 6.00000000e-02 8.77740898e-09
8.00000000e-01 6.00000000e-02 7.59733557e-09
8.10000000e-01 6.00000000e-02 6.54283298e-09
8.20000000e-01 6.00000000e-02 5.60630531e-09
8.30000000e-01 6.00000000e-02 4.77959345e-09
8.40000000e-01 6.00000000e-02 4.05420279e-09
8.50000000e-01 6.00000000e-02 3.42150648e-09
8.60000000e-01 6.00000000e-02 2.87292197e-09
8.70000000e-01 6.00000000e-02 2.40006018e-09
8.80000000e-01 6.00000000e-02 1.99484722e-09
8.90000000e-01 6.00000000e-02 1.64961964e-09
9.00000000e-01 6.00000000e-02 1.35719495e-09
9.10000000e-01 6.00000000e-02 1.11091940e-09
9.20000000e-01 6.00000000e-02 9.04695674e-10
9.30000000e-01 6.00000000e-02 7.32993241e-10
9.40000000e-01 6.00000000e-02 5.90844024e-10
9.50000000e-01 6.00000000e-02 4.73826283e-10
9.60000000e-01 6.00000000e-02 3.78039288e-10
9.70000000e-01 6.00000000e-02 3.00071214e-10
9.80000000e-01 6.00000000e-02 2.36962432e-10
9.90000000e-01 6.00000000e-02 1.86166096e-10
1.00000000e+00 6.00000000e-02 1.45507632e-10
0.00000000e+00 7.00000000e-02 2.19576930e-10
1.00000000e-02 7.00000000e-02 2.80588365e-10
2.00000000e-02 7.00000000e-02 3.56730561e-10
3.00000000e-02 7.00000000e-02 4.51233989e-10
4.00000000e-02 7.00000000e-02 5.67880813e-10
5.00000000e-02 7.00000000e-02 7.11065381e-10
6.00000000e-02 7.00000000e-02 8.85853411e-10
7.00000000e-02 7.00000000e-02 1.09803762e-09
8.00000000e-02 7.00000000e-02 1.35418709e-09
9.00000000e-02 7.00000000e-02 1.66168730e-09
1.00000000e-01 7.00000000e-02 2.02876725e-09
1.10000000e-01 7.00000000e-02 2.46451007e-09
1.20000000e-01 7.00000000e-02 2.97884287e-09
1.30000000e-01 7.00000000e-02 3.58250194e-09
1.40000000e-01 7.00000000e-02 4.28696915e-09
1.50000000e-01 7.00000000e-02 5.10437573e-09
1.60000000e-01 7.00000000e-02 6.04737019e-09
1.70000000e-01 7.00000000e-02 7.12894756e-09
1.80000000e-01 7.00000000e-02 8.36223836e-09
1.90000000e-01 7.00000000e-02 9.76025657e-09
2.00000000e-01 7.00000000e-02 1.13356074e-08
2.10000000e-01 7.00000000e-02 1.31001575e-08
2.20000000e-01 7.00000000e-02 1.50646711e-08
2.30000000e-01 7.00000000e-02 1.72384191e-08
2.40000000e-01 7.00000000e-02 1.96287678e-08
2.50000000e-01 7.00000000e-02 2.22407581e-08
2.60000000e-01 7.00000000e-02 2.50766861e-08
2.70000000e-01 7.00000000e-02 2.81356977e-08
2.80000000e-01 7.00000000e-02 3.14134130e-08
2.90000000e-01 7.00000000e-02 3.49015930e-08
3.00000000e-01 7.00000000e-02 3.85878660e-08
3.10000000e-01 7.00000000e-02 4.24555275e-08
3.20000000e-01 7.00000000e-02 4.64834273e-08
3.30000000e-01 7.00000000e-02 5.06459571e-08
3.40000000e-01 7.00000000e-02 5.49131479e-08
3.50000000e-01 7.00000000e-02 5.92508841e-08
3.60000000e-01 7.00000000e-02 6.36212400e-08
3.70000000e-01 7.00000000e-02 6.79829358e-08
3.80000000e-01 7.00000000e-02 7.22919118e-08
3.90000000e-01 7.00000000e-02 7.65020106e-08
4.00000000e-01 7.00000000e-02 8.05657547e-08
4.10000000e-01 7.00000000e-02 8.44352039e-08
4.20000000e-01 7.00000000e-02 8.80628708e-08
4.30000000e-01 7.00000000e-02 9.14026707e-08
4.40000000e-01 7.00000000e-02 9.44108815e-08
4.50000000e-01 7.00000000e-02 9.70470846e-08
4.60000000e-01 7.00000000e-02 9.92750594e-08
4.70000000e-01 7.00000000e-02 1.01063605e-07
4.80000000e-01 7.00000000e-02 1.02387260e-07
4.90000000e-01 7.00000000e-02 1.03226904e-07
5.00000000e-01 7.00000000e-02 1.03570215e-07
5.10000000e-01 7.00000000e-02 1.03411964e-07
5.20000000e-01 7.00000000e-02 1.02754154e-07
5.30000000e-01 7.00000000e-02 1.01605977e-07
5.40000000e-01 7.00000000e-02 9.99836034e-08
5.50000000e-01 7.00000000e-02 9.79098068e-08
5.60000000e-01 7.00000000e-02 9.54134370e-08
5.70000000e-01 7.00000000e-02 9.25287563e-08
5.80000000e-01 7.00000000e-02 8.92946619e-08
5.90000000e-01 7.00000000e-02 8.57538188e-08
6.00000000e-01 7.00000000e-02 8.19517294e-08
6.10000000e-01 7.00000000e-02 7.79357677e-08
6.20000000e-01 7.00000000e-02 7.37542078e-08
6.30000000e-01 7.00000000e-02 6.94552738e-08
6.40000000e-01 7.00000000e-02 6.50862349e-08
6.50000000e-01 7.00000000e-02 6.06925725e-08
6.60000000e-01 7.00000000e-02 5.63172351e-08
6.70000000e-01 7.00000000e-02 5.19999989e-08
6.80000000e-01 7.00000000e-02 4.77769447e-08
6.90000000e-01 7.00000000e-02 4.36800575e-08
7.00000000e-01 7.00000000e-02 3.97369518e-08
7.10000000e-01 7.00000000e-02 3.59707196e-08
7.20000000e-01 7.00000000e-02 3.23998974e-08
7.30000000e-01 7.00000000e-02 2.90385398e-08
7.40000000e-01 7.00000000e-02 2.58963916e-08
7.50000000e-01 7.00000000e-02 2.29791414e-08
7.60000000e-01 7.00000000e-02 2.02887437e-08
7.70000000e-01 7.00000000e-02 1.78237923e-08
7.80000000e-01 7.00000000e-02 1.55799295e-08
7.90000000e-01 7.00000000e-02 1.35502765e-08
8.00000000e-01 7.00000000e-02 1.17258692e-08
8.10000000e-01 7.00000000e-02 1.00960881e-08
8.20000000e-01 7.00000000e-02 8.64907124e-09
8.30000000e-01 7.00000000e-02 7.37209951e-09
8.40000000e-01 7.00000000e-02 6.25194970e-09
8.50000000e-01 7.00000000e-02 5.27520825e-09
8.60000000e-01 7.00000000e-02 4.42854387e-09
8.70000000e-01 7.00000000e-02 3.69893710e-09
8.80000000e-01 7.00000000e-02 3.07386739e-09
8.90000000e-01 7.00000000e-02 2.54145905e-09
9.00000000e-01 7.00000000e-02 2.09058882e-09
9.10000000e-01 7.00000000e-02 1.71095839e-09
9.20000000e-01 7.00000000e-02 1.39313585e-09
9.30000000e-01 7.00000000e-02 1.12857039e-09
9.40000000e-01 7.00000000e-02 9.09584462e-10
9.50000000e-01 7.00000000e-02 7.29347873e-10
9.60000000e-01 7.00000000e-02 5.81837723e-10
9.70000000e-01 7.00000000e-02 4.61788060e-10
9.80000000e-01 7.00000000e-02 3.64632542e-10
9.90000000e-01 7.00000000e-02 2.86443048e-10
1.00000000e+00 7.00000000e-02 2.23866701e-10
0.00000000e+00 8.00000000e-02 3.34832647e-10
1.00000000e-02 8.00000000e-02 4.27955816e-10
2.00000000e-02 8.00000000e-02 5.44203319e-10
3.00000000e-02 8.00000000e-02 6.88521486e-10
4.00000000e-02 8.00000000e-02 8.66703894e-10
5.00000000e-02 8.00000000e-02 1.08548489e-09
6.00000000e-02 8.00000000e-02 1.35263129e-09
7.00000000e-02 8.00000000e-02 1.67702876e-09
8.00000000e-02 8.00000000e-02 2.06875878e-09
9.00000000e-02 8.00000000e-02 2.53916143e-09
1.00000000e-01 8.00000000e-02 3.10087849e-09
1.10000000e-01 8.00000000e-02 3.76787126e-09
1.20000000e-01 8.00000000e-02 4.55540663e-09
1.30000000e-01 8.00000000e-02 5.48000522e-09
1.40000000e-01 8.00000000e-02 6.55934518e-09
1.50000000e-01 8.00000000e-02 7.81211584e-09
1.60000000e-01 8.00000000e-02 9.25781576e-09
1.70000000e-01 8.00000000e-02 1.09164912e-08
1.80000000e-01 8.00000000e-02 1.28084121e-08
1.90000000e-01 8.00000000e-02 1.49536844e-08
2.00000000e-01 8.00000000e-02 1.73717997e-08
2.10000000e-01 8.00000000e-02 2.00811269e-08
2.20000000e-01 8.00000000e-02 2.30983503e-08
2.30000000e-01 8.00000000e-02 2.64378646e-08
2.40000000e-01 8.00000000e-02 3.01111391e-08
2.50000000e-01 8.00000000e-02 3.41260652e-08
2.60000000e-01 8.00000000e-02 3.84863055e-08
2.70000000e-01 8.00000000e-02 4.31906652e-08
2.80000000e-01 8.00000000e-02 4.82325067e-08
2.90000000e-01 8.00000000e-02 5.35992314e-08
3.00000000e-01 8.00000000e-02 5.92718526e-08
3.10000000e-01 8.00000000e-02 6.52246816e-08
3.20000000e-01 8.00000000e-02 7.14251500e-08
3.30000000e-01 8.00000000e-02 7.78337867e-08
3.40000000e-01 8.00000000e-02 8.44043661e-08
3.50000000e-01 8.00000000e-02 9.10842378e-08
3.60000000e-01 8.00000000e-02 9.78148455e-08
3.70000000e-01 8.00000000e-02 1.04532433e-07
3.80000000e-01 8.00000000e-02 1.11168935e-07
3.90000000e-01 8.00000000e-02 1.17653031e-07
4.00000000e-01 8.00000000e-02 1.23911356e-07
4.10000000e-01 8.00000000e-02 1.29869829e-07
4.20000000e-01 8.00000000e-02 1.35455072e-07
4.30000000e-01 8.00000000e-02 1.40595887e-07
4.40000000e-01 8.00000000e-02 1.45224746e-07
4.50000000e-01 8.00000000e-02 1.49279246e-07
4.60000000e-01 8.00000000e-02 1.52703500e-07
4.70000000e-01 8.00000000e-02 1.55449409e-07
4.80000000e-01 8.00000000e-02 1.57477776e-07
4.90000000e-01 8.00000000e-02 1.58759235e-07
5.00000000e-01 8.00000000e-02 1.59274951e-07
5.10000000e-01 8.00000000e-02 1.59017083e-07
5.20000000e-01 8.00000000e-02 1.57988980e-07
5.30000000e-01 8.00000000e-02 1.56205112e-07
5.40000000e-01 8.00000000e-02 1.53690735e-07
5.50000000e-01 8.00000000e-02 1.50481301e-07
5.60000000e-01 8.00000000e-02 1.46621635e-07
5.70000000e-01 8.00000000e-02 1.42164894e-07
5.80000000e-01 8.00000000e-02 1.37171361e-07
5.90000000e-01 8.00000000e-02 1.31707091e-07
6.00000000e-01 8.00000000e-02 1.25842473e-07
6.10000000e-01 8.00000000e-02 1.19650724e-07
6.20000000e-01 8.00000000e-02 1.13206393e-07
6.30000000e-01 8.00000000e-02 1.06583883e-07
6.40000000e-01 8.00000000e-02 9.98560637e-08
6.50000000e-01 8.00000000e-02 9.30929824e-08
6.60000000e-01 8.00000000e-02 8.63607199e-08
6.70000000e-01 8.00000000e-02 7.97204108e-08
6.80000000e-01 8.00000000e-02 7.32274438e-08
6.90000000e-01 8.00000000e-02 6.69308534e-08
7.00000000e-01 8.00000000e-02 6.08729058e-08
7.10000000e-01 8.00000000e-02 5.50888753e-08
7.20000000e-01 8.00000000e-02 4.96070028e-08
7.30000000e-01 8.00000000e-02 4.44486202e-08
7.40000000e-01 8.00000000e-02 3.96284240e-08
7.50000000e-01 8.00000000e-02 3.51548751e-08
7.60000000e-01 8.00000000e-02 3.10307019e-08
7.70000000e-01 8.00000000e-02 2.72534813e-08
7.80000000e-01 8.00000000e-02 2.38162742e-08
7.90000000e-01 8.00000000e-02 2.07082903e-08
8.00000000e-01 8.00000000e-02 1.79155623e-08
8.10000000e-01 8.00000000e-02 1.54216078e-08
8.20000000e-01 8.00000000e-02 1.32080644e-08
8.30000000e-01 8.00000000e-02 1.12552816e-08
8.40000000e-01 8.00000000e-02 9.54286209e-09
8.50000000e-01 8.00000000e-02 8.05014154e-09
8.60000000e-01 8.00000000e-02 6.75660518e-09
8.70000000e-01 8.00000000e-02 5.64223757e-09
8.80000000e-01 8.00000000e-02 4.68780694e-09
8.90000000e-01 8.00000000e-02 3.87508642e-09
9.00000000e-01 8.00000000e-02 3.18701621e-09
9.10000000e-01 8.00000000e-02 2.60781221e-09
9.20000000e-01 8.00000000e-02 2.12302717e-09
9.30000000e-01 8.00000000e-02 1.71957091e-09
9.40000000e-01 8.00000000e-02 1.38569642e-09
9.50000000e-01 8.00000000e-02 1.11095840e-09
9.60000000e-01 8.00000000e-02 8.86150444e-10
9.70000000e-01 8.00000000e-02 7.03226767e-10
9.80000000e-01 8.00000000e-02 5.55213369e-10
9.90000000e-01 8.00000000e-02 4.36113309e-10
1.00000000e+00 8.00000000e-02 3.40809705e-10
0.00000000e+00 9.00000000e-02 5.05341399e-10
1.00000000e-02 9.00000000e-02 6.46031688e-10
2.00000000e-02 9.00000000e-02 8.21708190e-10
3.00000000e-02 9.00000000e-02 1.03986988e-09
4.00000000e-02 9.00000000e-02 1.30930443e-09
5.00000000e-02 9.00000000e-02 1.64023150e-09
6.00000000e-02 9.00000000e-02 2.04444352e-09
7.00000000e-02 9.00000000e-02 2.53543873e-09
8.00000000e-02 9.00000000e-02 3.12854012e-09
9.00000000e-02 9.00000000e-02 3.84099305e-09
1.00000000e-01 9.00000000e-02 4.69203330e-09
1.10000000e-01 9.00000000e-02 5.70291668e-09
1.20000000e-01 9.00000000e-02 6.89690060e-09
1.30000000e-01 9.00000000e-02 8.29916776e-09
1.40000000e-01 9.00000000e-02 9.93668243e-09
1.50000000e-01 9.00000000e-02 1.18379699e-08
1.60000000e-01 9.00000000e-02 1.40328113e-08
1.70000000e-01 9.00000000e-02 1.65518465e-08
1.80000000e-01 9.00000000e-02 1.94260813e-08
1.90000000e-01 9.00000000e-02 2.26862971e-08
2.00000000e-01 9.00000000e-02 2.63623637e-08
2.10000000e-01 9.00000000e-02 3.04824617e-08
2.20000000e-01 9.00000000e-02 3.50722233e-08
2.30000000e-01 9.00000000e-02 4.01538051e-08
2.40000000e-01 9.00000000e-02 4.57449126e-08
2.50000000e-01 9.00000000e-02 5.18577979e-08
2.60000000e-01 9.00000000e-02 5.84982595e-08
2.70000000e-01 9.00000000e-02 6.56646735e-08
2.80000000e-01 9.00000000e-02 7.33470918e-08
2.90000000e-01 9.00000000e-02 8.15264420e-08
3.00000000e-01 9.00000000e-02 9.01738652e-08
3.10000000e-01 9.00000000e-02 9.92502298e-08
3.20000000e-01 9.00000000e-02 1.08705852e-07
3.30000000e-01 9.00000000e-02 1.18480457e-07
3.40000000e-01 9.00000000e-02 1.28503398e-07
3.50000000e-01 9.00000000e-02 1.38694162e-07
3.60000000e-01 9.00000000e-02 1.48963164e-07
3.70000000e-01 9.00000000e-02 1.59212826e-07
3.80000000e-01 9.00000000e-02 1.69338949e-07
3.90000000e-01 9.00000000e-02 1.79232330e-07
4.00000000e-01 9.00000000e-02 1.88780626e-07
4.10000000e-01 9.00000000e-02 1.97870393e-07
4.20000000e-01 9.00000000e-02 2.06389275e-07
4.30000000e-01 9.00000000e-02 2.14228270e-07
4.40000000e-01 9.00000000e-02 2.21284026e-07
4.50000000e-01 9.00000000e-02 2.27461077e-07
4.60000000e-01 9.00000000e-02 2.32673983e-07
4.70000000e-01 9.00000000e-02 2.36849277e-07
4.80000000e-01 9.00000000e-02 2.39927180e-07
4.90000000e-01 9.00000000e-02 2.41863021e-07
5.00000000e-01 9.00000000e-02 2.42628304e-07
5.10000000e-01 9.00000000e-02 2.42211410e-07
5.20000000e-01 9.00000000e-02 2.40617888e-07
5.30000000e-01 9.00000000e-02 2.37870336e-07
5.40000000e-01 9.00000000e-02 2.34007874e-07
5.50000000e-01 9.00000000e-02 2.29085221e-07
5.60000000e-01 9.00000000e-02 2.23171417e-07
5.70000000e-01 9.00000000e-02 2.16348217e-07
5.80000000e-01 9.00000000e-02 2.08708220e-07
5.90000000e-01 9.00000000e-02 2.00352792e-07
6.00000000e-01 9.00000000e-02 1.91389835e-07
6.10000000e-01 9.00000000e-02 1.81931493e-07
6.20000000e-01 9.00000000e-02 1.72091838e-07
6.30000000e-01 9.00000000e-02 1.61984621e-07
6.40000000e-01 9.00000000e-02 1.51721134e-07
6.50000000e-01 9.00000000e-02 1.41408256e-07
6.60000000e-01 9.00000000e-02 1.31146705e-07
6.70000000e-01 9.00000000e-02 1.21029549e-07
6.80000000e-01 9.00000000e-02 1.11141003e-07
6.90000000e-01 9.00000000e-02 1.01555506e-07
7.00000000e-01 9.00000000e-02 9.23371113e-08
7.10000000e-01 9.00000000e-02 8.35391587e-08
7.20000000e-01 9.00000000e-02 7.52042279e-08
7.30000000e-01 9.00000000e-02 6.73643462e-08
7.40000000e-01 9.00000000e-02 6.00414208e-08
7.50000000e-01 9.00000000e-02 5.32478636e-08
7.60000000e-01 9.00000000e-02 4.69873702e-08
7.70000000e-01 9.00000000e-02 4.12558171e-08
7.80000000e-01 9.00000000e-02 3.60422387e-08
7.90000000e-01 9.00000000e-02 3.13298470e-08
8.00000000e-01 9.00000000e-02 2.70970628e-08
8.10000000e-01 9.00000000e-02 2.33185270e-08
8.20000000e-01 9.00000000e-02 1.99660672e-08
8.30000000e-01 9.00000000e-02 1.70095996e-08
8.40000000e-01 9.00000000e-02 1.44179487e-08
8.50000000e-01 9.00000000e-02 1.21595759e-08
8.60000000e-01 9.00000000e-02 1.02032082e-08
8.70000000e-01 9.00000000e-02 8.51836629e-09
8.80000000e-01 9.00000000e-02 7.07579189e-09
8.90000000e-01 9.00000000e-02 5.84777932e-09
9.00000000e-01 9.00000000e-02 4.80841736e-09
9.10000000e-01 9.00000000e-02 3.93374983e-09
9.20000000e-01 9.00000000e-02 3.20186428e-09
9.30000000e-01 9.00000000e-02 2.59291912e-09
9.40000000e-01 9.00000000e-02 2.08911913e-09
9.50000000e-01 9.00000000e-02 1.67464976e-09
9.60000000e-01 9.00000000e-02 1.33557943e-09
9.70000000e-01 9.00000000e-02 1.05973877e-09
9.80000000e-01 9.00000000e-02 8.36584304e-10
9.90000000e-01 9.00000000e-02 6.57053599e-10
1.00000000e+00 9.00000000e-02 5.13417237e-10
0.00000000e+00 1.00000000e-01 7.54868572e-10
1.00000000e-02 1.00000000e-01 9.65265781e-10
2.00000000e-02 1.00000000e-01 1.22806498e-09
3.00000000e-02 1.00000000e-01 1.55452305e-09
4.00000000e-02 1.00000000e-01 1.95783815e-09
5.00000000e-02 1.00000000e-01 2.45336731e-09
6.00000000e-02 1.00000000e-01 3.05884066e-09
7.00000000e-02 1.00000000e-01 3.79456437e-09
8.00000000e-02 1.00000000e-01 4.68360294e-09
9.00000000e-02 1.00000000e-01 5.75192974e-09
1.00000000e-01 1.00000000e-01 7.02853344e-09
1.10000000e-01 1.00000000e-01 8.54546678e-09
1.20000000e-01 1.00000000e-01 1.03378231e-08
1.30000000e-01 1.00000000e-01 1.24436256e-08
1.40000000e-01 1.00000000e-01 1.49036153e-08
1.50000000e-01 1.00000000e-01 1.77609219e-08
1.60000000e-01 1.00000000e-01 2.10606068e-08
1.70000000e-01 1.00000000e-01 2.48490669e-08
1.80000000e-01 1.00000000e-01 2.91732922e-08
1.90000000e-01 1.00000000e-01 3.40799746e-08
2.00000000e-01 1.00000000e-01 3.96144696e-08
2.10000000e-01 1.00000000e-01 4.58196185e-08
2.20000000e-01 1.00000000e-01 5.27344456e-08
2.30000000e-01 1.00000000e-01 6.03927511e-08
2.40000000e-01 1.00000000e-01 6.88216273e-08
2.50000000e-01 1.00000000e-01 7.80399339e-08
2.60000000e-01 1.00000000e-01 8.80567729e-08
2.70000000e-01 1.00000000e-01 9.88700113e-08
2.80000000e-01 1.00000000e-01 1.10464902e-07
2.90000000e-01 1.00000000e-01 1.22812860e-07
3.00000000e-01 1.00000000e-01 1.35870445e-07
3.10000000e-01 1.00000000e-01 1.49578616e-07
3.20000000e-01 1.00000000e-01 1.63862291e-07
3.30000000e-01 1.00000000e-01 1.78630285e-07
3.40000000e-01 1.00000000e-01 1.93775635e-07
3.50000000e-01 1.00000000e-01 2.09176360e-07
3.60000000e-01 1.00000000e-01 2.24696665e-07
3.70000000e-01 1.00000000e-01 2.40188589e-07
3.80000000e-01 1.00000000e-01 2.55494079e-07
3.90000000e-01 1.00000000e-01 2.70447467e-07
4.00000000e-01 1.00000000e-01 2.84878296e-07
4.10000000e-01 1.00000000e-01 2.98614443e-07
4.20000000e-01 1.00000000e-01 3.11485443e-07
4.30000000e-01 1.00000000e-01 3.23325956e-07
4.40000000e-01 1.00000000e-01 3.33979254e-07
4.50000000e-01 1.00000000e-01 3.43300643e-07
4.60000000e-01 1.00000000e-01 3.51160706e-07
4.70000000e-01 1.00000000e-01 3.57448282e-07
4.80000000e-01 1.00000000e-01 3.62073061e-07
4.90000000e-01 1.00000000e-01 3.64967740e-07
5.00000000e-01 1.00000000e-01 3.66089640e-07
5.10000000e-01 1.00000000e-01 3.65421757e-07
5.20000000e-01 1.00000000e-01 3.62973185e-07
5.30000000e-01 1.00000000e-01 3.58778917e-07
5.40000000e-01 1.00000000e-01 3.52899021e-07
5.50000000e-01 1.00000000e-01 3.45417213e-07
5.60000000e-01 1.00000000e-01 3.36438886e-07
5.70000000e-01 1.00000000e-01 3.26088652e-07
5.80000000e-01 1.00000000e-01 3.14507472e-07
5.90000000e-01 1.00000000e-01 3.01849482e-07
6.00000000e-01 1.00000000e-01 2.88278594e-07
6.10000000e-01 1.00000000e-01 2.73964992e-07
6.20000000e-01 1.00000000e-01 2.59081620e-07
6.30000000e-01 1.00000000e-01 2.43800767e-07
6.40000000e-01 1.00000000e-01 2.28290828e-07
6.50000000e-01 1.00000000e-01 2.12713343e-07
6.60000000e-01 1.00000000e-01 1.97220369e-07
6.70000000e-01 1.00000000e-01 1.81952240e-07
6.80000000e-01 1.00000000e-01 1.67035758e-07
6.90000000e-01 1.00000000e-01 1.52582831e-07
7.00000000e-01 1.00000000e-01 1.38689569e-07
7.10000000e-01 1.00000000e-01 1.25435815e-07
7.20000000e-01 1.00000000e-01 1.12885105e-07
7.30000000e-01 1.00000000e-01 1.01085010e-07
7.40000000e-01 1.00000000e-01 9.00678071e-08
7.50000000e-01 1.00000000e-01 7.98514552e-08
7.60000000e-01 1.00000000e-01 7.04407870e-08
7.70000000e-01 1.00000000e-01 6.18288834e-08
7.80000000e-01 1.00000000e-01 5.39985611e-08
7.90000000e-01 1.00000000e-01 4.69239234e-08
8.00000000e-01 1.00000000e-01 4.05719230e-08
8.10000000e-01 1.00000000e-01 3.49038910e-08
8.20000000e-01 1.00000000e-01 2.98769970e-08
8.30000000e-01 1.00000000e-01 2.54456066e-08
8.40000000e-01 1.00000000e-01 2.15625144e-08
8.50000000e-01 1.00000000e-01 1.81800359e-08
8.60000000e-01 1.00000000e-01 1.52509493e-08
8.70000000e-01 1.00000000e-01 1.27292832e-08
8.80000000e-01 1.00000000e-01 1.05709526e-08
8.90000000e-01 1.00000000e-01 8.73425048e-09
9.00000000e-01 1.00000000e-01 7.18020413e-09
9.10000000e-01 1.00000000e-01 5.87280955e-09
9.20000000e-01 1.00000000e-01 4.77915834e-09
9.30000000e-01 1.00000000e-01 3.86947230e-09
9.40000000e-01 1.00000000e-01 3.11706152e-09
9.50000000e-01 1.00000000e-01 2.49822088e-09
9.60000000e-01 1.00000000e-01 1.99207949e-09
9.70000000e-01 1.00000000e-01 1.58041600e-09
9.80000000e-01 1.00000000e-01 1.24745140e-09
9.90000000e-01 1.00000000e-01 9.79629437e-10
1.00000000e+00 1.00000000e-01 7.65392933e-10
0.00000000e+00 1.10000000e-01 1.11609690e-09
1.00000000e-02 1.10000000e-01 1.42755226e-09
2.00000000e-02 1.10000000e-01 1.81670853e-09
3.00000000e-02 1.10000000e-01 2.30029681e-09
4.00000000e-02 1.10000000e-01 2.89794436e-09
5.00000000e-02 1.10000000e-01 3.63250180e-09
6.00000000e-02 1.10000000e-01 4.53036608e-09
7.00000000e-02 1.10000000e-01 5.62178737e-09
8.00000000e-02 1.10000000e-01 6.94114586e-09
9.00000000e-02 1.10000000e-01 8.52718176e-09
1.00000000e-01 1.10000000e-01 1.04231603e-08
1.10000000e-01 1.10000000e-01 1.26769511e-08
1.20000000e-01 1.10000000e-01 1.53409998e-08
1.30000000e-01 1.10000000e-01 1.84721700e-08
1.40000000e-01 1.10000000e-01 2.21314327e-08
1.50000000e-01 1.10000000e-01 2.63833815e-08
1.60000000e-01 1.10000000e-01 3.12955548e-08
1.70000000e-01 1.10000000e-01 3.69375491e-08
1.80000000e-01 1.10000000e-01 4.33799115e-08
1.90000000e-01 1.10000000e-01 5.06928078e-08
2.00000000e-01 1.10000000e-01 5.89444677e-08
2.10000000e-01 1.10000000e-01 6.81994182e-08
2.20000000e-01 1.10000000e-01 7.85165266e-08
2.30000000e-01 1.10000000e-01 8.99468843e-08
2.40000000e-01 1.10000000e-01 1.02531572e-07
2.50000000e-01 1.10000000e-01 1.16299360e-07
2.60000000e-01 1.10000000e-01 1.31264406e-07
2.70000000e-01 1.10000000e-01 1.47424021e-07
2.80000000e-01 1.10000000e-01 1.64756582e-07
2.90000000e-01 1.10000000e-01 1.83219672e-07
3.00000000e-01 1.10000000e-01 2.02748539e-07
3.10000000e-01 1.10000000e-01 2.23254952e-07
3.20000000e-01 1.10000000e-01 2.44626531e-07
3.30000000e-01 1.10000000e-01 2.66726630e-07
3.40000000e-01 1.10000000e-01 2.89394823e-07
3.50000000e-01 1.10000000e-01 3.12448037e-07
3.60000000e-01 1.10000000e-01 3.35682363e-07
3.70000000e-01 1.10000000e-01 3.58875532e-07
3.80000000e-01 1.10000000e-01 3.81790045e-07
3.90000000e-01 1.10000000e-01 4.04176912e-07
4.00000000e-01 1.10000000e-01 4.25779919e-07
4.10000000e-01 1.10000000e-01 4.46340336e-07
4.20000000e-01 1.10000000e-01 4.65601955e-07
4.30000000e-01 1.10000000e-01 4.83316313e-07
4.40000000e-01 1.10000000e-01 4.99247966e-07
4.50000000e-01 1.10000000e-01 5.13179653e-07
4.60000000e-01 1.10000000e-01 5.24917196e-07
4.70000000e-01 1.10000000e-01 5.34293980e-07
4.80000000e-01 1.10000000e-01 5.41174870e-07
4.90000000e-01 1.10000000e-01 5.45459447e-07
5.00000000e-01 1.10000000e-01 5.47084429e-07
5.10000000e-01 1.10000000e-01 5.46025232e-07
5.20000000e-01 1.10000000e-01 5.42296582e-07
5.30000000e-01 1.10000000e-01 5.35952184e-07
5.40000000e-01 1.10000000e-01 5.27083440e-07
5.50000000e-01 1.10000000e-01 5.15817269e-07
5.60000000e-01 1.10000000e-01 5.02313096e-07
5.70000000e-01 1.10000000e-01 4.86759113e-07
5.80000000e-01 1.10000000e-01 4.69367930e-07
5.90000000e-01 1.10000000e-01 4.50371759e-07
6.00000000e-01 1.10000000e-01 4.30017283e-07
6.10000000e-01 1.10000000e-01 4.08560362e-07
6.20000000e-01 1.10000000e-01 3.86260748e-07
6.30000000e-01 1.10000000e-01 3.63376936e-07
6.40000000e-01 1.10000000e-01 3.40161317e-07
6.50000000e-01 1.10000000e-01 3.16855735e-07
6.60000000e-01 1.10000000e-01 2.93687562e-07
6.70000000e-01 1.10000000e-01 2.70866365e-07
6.80000000e-01 1.10000000e-01 2.48581224e-07
6.90000000e-01 1.10000000e-01 2.26998728e-07
7.00000000e-01 1.10000000e-01 2.06261658e-07
7.10000000e-01 1.10000000e-01 1.86488331e-07
7.20000000e-01 1.10000000e-01 1.67772577e-07
7.30000000e-01 1.10000000e-01 1.50184296e-07
7.40000000e-01 1.10000000e-01 1.33770505e-07
7.50000000e-01 1.10000000e-01 1.18556831e-07
7.60000000e-01 1.10000000e-01 1.04549327e-07
7.70000000e-01 1.10000000e-01 9.17365555e-08
7.80000000e-01 1.10000000e-01 8.00918349e-08
7.90000000e-01 1.10000000e-01 6.95755748e-08
8.00000000e-01 1.10000000e-01 6.01376216e-08
8.10000000e-01 1.10000000e-01 5.17195514e-08
8.20000000e-01 1.10000000e-01 4.42568505e-08
8.30000000e-01 1.10000000e-01 3.76809417e-08
8.40000000e-01 1.10000000e-01 3.19210192e-08
8.50000000e-01 1.10000000e-01 2.69056706e-08
8.60000000e-01 1.10000000e-01 2.25642715e-08
8.70000000e-01 1.10000000e-01 1.88281492e-08
8.80000000e-01 1.10000000e-01 1.56315199e-08
8.90000000e-01 1.10000000e-01 1.29122086e-08
9.00000000e-01 1.10000000e-01 1.06121685e-08
9.10000000e-01 1.10000000e-01 8.67781909e-09
9.20000000e-01 1.10000000e-01 7.06022455e-09
9.30000000e-01 1.10000000e-01 5.71513572e-09
9.40000000e-01 1.10000000e-01 4.60291942e-09
9.50000000e-01 1.10000000e-01 3.68839717e-09
9.60000000e-01 1.10000000e-01 2.94061506e-09
9.70000000e-01 1.10000000e-01 2.33256395e-09
9.80000000e-01 1.10000000e-01 1.84086739e-09
9.90000000e-01 1.10000000e-01 1.44545188e-09
1.00000000e+00 1.10000000e-01 1.12921209e-09
0.00000000e+00 1.20000000e-01 1.63339975e-09
1.00000000e-02 1.20000000e-01 2.08979689e-09
2.00000000e-02 1.20000000e-01 2.66025487e-09
3.00000000e-02 1.20000000e-01 3.36939531e-09
4.00000000e-02 1.20000000e-01 4.24611852e-09
5.00000000e-02 1.20000000e-01 5.32409097e-09
6.00000000e-02 1.20000000e-01 6.64222761e-09
7.00000000e-02 1.20000000e-01 8.24515161e-09
8.00000000e-02 1.20000000e-01 1.01836106e-08
9.00000000e-02 1.20000000e-01 1.25148250e-08
1.00000000e-01 1.20000000e-01 1.53027414e-08
1.10000000e-01 1.20000000e-01 1.86181596e-08
1.20000000e-01 1.20000000e-01 2.25387014e-08
1.30000000e-01 1.20000000e-01 2.71485877e-08
1.40000000e-01 1.20000000e-01 3.25381891e-08
1.50000000e-01 1.20000000e-01 3.88033185e-08
1.60000000e-01 1.20000000e-01 4.60442367e-08
1.70000000e-01 1.20000000e-01 5.43643456e-08
1.80000000e-01 1.20000000e-01 6.38685532e-08
1.90000000e-01 1.20000000e-01 7.46613018e-08
2.00000000e-01 1.20000000e-01 8.68442613e-08
2.10000000e-01 1.20000000e-01 1.00513706e-07
2.20000000e-01 1.20000000e-01 1.15757603e-07
2.30000000e-01 1.20000000e-01 1.32652457e-07
2.40000000e-01 1.20000000e-01 1.51259979e-07
2.50000000e-01 1.20000000e-01 1.71623650e-07
2.60000000e-01 1.20000000e-01 1.93765276e-07
2.70000000e-01 1.20000000e-01 2.17681644e-07
2.80000000e-01 1.20000000e-01 2.43341386e-07
2.90000000e-01 1.20000000e-01 2.70682193e-07
3.00000000e-01 1.20000000e-01 2.99608485e-07
3.10000000e-01 1.20000000e-01 3.29989682e-07
3.20000000e-01 1.20000000e-01 3.61659188e-07
3.30000000e-01 1.20000000e-01 3.94414192e-07
3.40000000e-01 1.20000000e-01 4.28016372e-07
3.50000000e-01 1.20000000e-01 4.62193584e-07
3.60000000e-01 1.20000000e-01 4.96642539e-07
3.70000000e-01 1.20000000e-01 5.31032511e-07
3.80000000e-01 1.20000000e-01 5.65010004e-07
3.90000000e-01 1.20000000e-01 5.98204343e-07
4.00000000e-01 1.20000000e-01 6.30234053e-07
4.10000000e-01 1.20000000e-01 6.60713909e-07
4.20000000e-01 1.20000000e-01 6.89262473e-07
4.30000000e-01 1.20000000e-01 7.15509909e-07
4.40000000e-01 1.20000000e-01 7.39105875e-07
4.50000000e-01 1.20000000e-01 7.59727250e-07
4.60000000e-01 1.20000000e-01 7.77085454e-07
4.70000000e-01 1.20000000e-01 7.90933142e-07
4.80000000e-01 1.20000000e-01 8.01070050e-07
4.90000000e-01 1.20000000e-01 8.07347798e-07
5.00000000e-01 1.20000000e-01 8.09673498e-07
5.10000000e-01 1.20000000e-01 8.08012035e-07
5.20000000e-01 1.20000000e-01 8.02386950e-07
5.30000000e-01 1.20000000e-01 7.92879890e-07
5.40000000e-01 1.20000000e-01 7.79628644e-07
5.50000000e-01 1.20000000e-01 7.62823836e-07
5.60000000e-01 1.20000000e-01 7.42704367e-07
5.70000000e-01 1.20000000e-01 7.19551789e-07
5.80000000e-01 1.20000000e-01 6.93683764e-07
5.90000000e-01 1.20000000e-01 6.65446839e-07
6.00000000e-01 1.20000000e-01 6.35208758e-07
6.10000000e-01 1.20000000e-01 6.03350554e-07
6.20000000e-01 1.20000000e-01 5.70258651e-07
6.30000000e-01 1.20000000e-01 5.36317201e-07
6.40000000e-01 1.20000000e-01 5.01900873e-07
6.50000000e-01 1.20000000e-01 4.67368263e-07
6.60000000e-01 1.20000000e-01 4.33056089e-07
6.70000000e-01 1.20000000e-01 3.99274280e-07
6.80000000e-01 1.20000000e-01 3.66302035e-07
6.90000000e-01 1.20000000e-01 3.34384911e-07
7.00000000e-01 1.20000000e-01 3.03732920e-07
7.10000000e-01 1.20000000e-01 2.74519630e-07
7.20000000e-01 1.20000000e-01 2.46882194e-07
7.30000000e-01 1.20000000e-01 2.20922232e-07
7.40000000e-01 1.20000000e-01 1.96707460e-07
7.50000000e-01 1.20000000e-01 1.74273943e-07
7.60000000e-01 1.20000000e-01 1.53628843e-07
7.70000000e-01 1.20000000e-01 1.34753548e-07
7.80000000e-01 1.20000000e-01 1.17607030e-07
7.90000000e-01 1.20000000e-01 1.02129327e-07
8.00000000e-01 1.20000000e-01 8.82450353e-08
8.10000000e-01 1.20000000e-01 7.58667084e-08
8.20000000e-01 1.20000000e-01 6.48980879e-08
8.30000000e-01 1.20000000e-01 5.52370955e-08
8.40000000e-01 1.20000000e-01 4.67785378e-08
8.50000000e-01 1.20000000e-01 3.94164909e-08
8.60000000e-01 1.20000000e-01 3.30463459e-08
8.70000000e-01 1.20000000e-01 2.75665106e-08
8.80000000e-01 1.20000000e-01 2.28797748e-08
8.90000000e-01 1.20000000e-01 1.88943541e-08
9.00000000e-01 1.20000000e-01 1.55246388e-08
9.10000000e-01 1.20000000e-01 1.26916747e-08
9.20000000e-01 1.20000000e-01 1.03234101e-08
9.30000000e-01 1.20000000e-01 8.35474346e-09
9.40000000e-01 1.20000000e-01 6.72740593e-09
9.50000000e-01 1.20000000e-01 5.38971266e-09
9.60000000e-01 1.20000000e-01 4.29621432e-09
9.70000000e-01 1.20000000e-01 3.40727724e-09
9.80000000e-01 1.20000000e-01 2.68861760e-09
9.90000000e-01 1.20000000e-01 2.11081122e-09
1.00000000e+00 1.20000000e-01 1.64879711e-09
0.00000000e+00 1.30000000e-01 2.36624728e-09
1.00000000e-02 1.30000000e-01 3.02830122e-09
2.00000000e-02 1.30000000e-01 3.85611672e-09
3.00000000e-02 1.30000000e-01 4.88556853e-09
4.00000000e-02 1.30000000e-01 6.15879076e-09
5.00000000e-02 1.30000000e-01 7.72489625e-09
6.00000000e-02 1.30000000e-01 9.64068989e-09
7.00000000e-02 1.30000000e-01 1.19713507e-08
8.00000000e-02 1.30000000e-01 1.47910519e-08
9.00000000e-02 1.30000000e-01 1.81834834e-08
1.00000000e-01 1.30000000e-01 2.22422364e-08
1.10000000e-01 1.30000000e-01 2.70710047e-08
1.20000000e-01 1.30000000e-01 3.27835550e-08
1.30000000e-01 1.30000000e-01 3.95034158e-08
1.40000000e-01 1.30000000e-01 4.73632357e-08
1.50000000e-01 1.30000000e-01 5.65037609e-08
1.60000000e-01 1.30000000e-01 6.70723905e-08
1.70000000e-01 1.30000000e-01 7.92212710e-08
1.80000000e-01 1.30000000e-01 9.31049046e-08
1.90000000e-01 1.30000000e-01 1.08877259e-07
2.00000000e-01 1.30000000e-01 1.26688378e-07
2.10000000e-01 1.30000000e-01 1.46680528e-07
2.20000000e-01 1.30000000e-01 1.68983896e-07
2.30000000e-01 1.30000000e-01 1.93711949e-07
2.40000000e-01 1.30000000e-01 2.20956498e-07
2.50000000e-01 1.30000000e-01 2.50782622e-07
2.60000000e-01 1.30000000e-01 2.83223562e-07
2.70000000e-01 1.30000000e-01 3.18275759e-07
2.80000000e-01 1.30000000e-01 3.55894197e-07
2.90000000e-01 1.30000000e-01 3.95988251e-07
3.00000000e-01 1.30000000e-01 4.38418221e-07
3.10000000e-01 1.30000000e-01 4.82992735e-07
3.20000000e-01 1.30000000e-01 5.29467216e-07
3.30000000e-01 1.30000000e-01 5.77543555e-07
3.40000000e-01 1.30000000e-01 6.26871135e-07
3.50000000e-01 1.30000000e-01 6.77049291e-07
3.60000000e-01 1.30000000e-01 7.27631273e-07
3.70000000e-01 1.30000000e-01 7.78129707e-07
3.80000000e-01 1.30000000e-01 8.28023507e-07
3.90000000e-01 1.30000000e-01 8.76766147e-07
4.00000000e-01 1.30000000e-01 9.23795118e-07
4.10000000e-01 1.30000000e-01 9.68542368e-07
4.20000000e-01 1.30000000e-01 1.01044548e-06
4.30000000e-01 1.30000000e-01 1.04895924e-06
4.40000000e-01 1.30000000e-01 1.08356736e-06
4.50000000e-01 1.30000000e-01 1.11379391e-06
4.60000000e-01 1.30000000e-01 1.13921414e-06
4.70000000e-01 1.30000000e-01 1.15946442e-06
4.80000000e-01 1.30000000e-01 1.17425082e-06
4.90000000e-01 1.30000000e-01 1.18335626e-06
5.00000000e-01 1.30000000e-01 1.18664575e-06
5.10000000e-01 1.30000000e-01 1.18406972e-06
5.20000000e-01 1.30000000e-01 1.17566531e-06
5.30000000e-01 1.30000000e-01 1.16155542e-06
5.40000000e-01 1.30000000e-01 1.14194578e-06
5.50000000e-01 1.30000000e-01 1.11711995e-06
5.60000000e-01 1.30000000e-01 1.08743250e-06
5.70000000e-01 1.30000000e-01 1.05330062e-06
5.80000000e-01 1.30000000e-01 1.01519439e-06
5.90000000e-01 1.30000000e-01 9.73626008e-07
6.00000000e-01 1.30000000e-01 9.29138449e-07
6.10000000e-01 1.30000000e-01 8.82293694e-07
6.20000000e-01 1.30000000e-01 8.33661079e-07
6.30000000e-01 1.30000000e-01 7.83805993e-07
6.40000000e-01 1.30000000e-01 7.33279250e-07
6.50000000e-01 1.30000000e-01 6.82607414e-07
6.60000000e-01 1.30000000e-01 6.32284295e-07
6.70000000e-01 1.30000000e-01 5.82763776e-07
6.80000000e-01 1.30000000e-01 5.34454098e-07
6.90000000e-01 1.30000000e-01 4.87713651e-07
7.00000000e-01 1.30000000e-01 4.42848278e-07
7.10000000e-01 1.30000000e-01 4.00110042e-07
7.20000000e-01 1.30000000e-01 3.59697378e-07
7.30000000e-01 1.30000000e-01 3.21756475e-07
7.40000000e-01 1.30000000e-01 2.86383763e-07
7.50000000e-01 1.30000000e-01 2.53629302e-07
7.60000000e-01 1.30000000e-01 2.23500895e-07
7.70000000e-01 1.30000000e-01 1.95968731e-07
7.80000000e-01 1.30000000e-01 1.70970366e-07
7.90000000e-01 1.30000000e-01 1.48415866e-07
8.00000000e-01 1.30000000e-01 1.28192950e-07
8.10000000e-01 1.30000000e-01 1.10171986e-07
8.20000000e-01 1.30000000e-01 9.42107279e-08
8.30000000e-01 1.30000000e-01 8.01586918e-08
8.40000000e-01 1.30000000e-01 6.78611034e-08
8.50000000e-01 1.30000000e-01 5.71623694e-08
8.60000000e-01 1.30000000e-01 4.79090470e-08
8.70000000e-01 1.30000000e-01 3.99523069e-08
8.80000000e-01 1.30000000e-01 3.31499019e-08
8.90000000e-01 1.30000000e-01 2.73676652e-08
9.00000000e-01 1.30000000e-01 2.24805764e-08
9.10000000e-01 1.30000000e-01 1.83734376e-08
9.20000000e-01 1.30000000e-01 1.49412105e-08
9.30000000e-01 1.30000000e-01 1.20890633e-08
9.40000000e-01 1.30000000e-01 9.73217993e-09
9.50000000e-01 1.30000000e-01 7.79538052e-09
9.60000000e-01 1.30000000e-01 6.21259867e-09
9.70000000e-01 1.30000000e-01 4.92625751e-09
9.80000000e-01 1.30000000e-01 3.88658113e-09
9.90000000e-01 1.30000000e-01 3.05087271e-09
1.00000000e+00 1.30000000e-01 2.38278558e-09
0.00000000e+00 1.40000000e-01 3.39330466e-09
1.00000000e-02 1.40000000e-01 4.34404046e-09
2.00000000e-02 1.40000000e-01 5.53326784e-09
3.00000000e-02 1.40000000e-01 7.01273968e-09
4.00000000e-02 1.40000000e-01 8.84327579e-09
5.00000000e-02 1.40000000e-01 1.10958141e-08
6.00000000e-02 1.40000000e-01 1.38524552e-08
7.00000000e-02 1.40000000e-01 1.72074648e-08
8.00000000e-02 1.40000000e-01 2.12681879e-08
9.00000000e-02 1.40000000e-01 2.61558247e-08
1.00000000e-01 1.40000000e-01 3.20060086e-08
1.10000000e-01 1.40000000e-01 3.89691201e-08
1.20000000e-01 1.40000000e-01 4.72102672e-08
1.30000000e-01 1.40000000e-01 5.69088581e-08
1.40000000e-01 1.40000000e-01 6.82576929e-08
1.50000000e-01 1.40000000e-01 8.14615022e-08
1.60000000e-01 1.40000000e-01 9.67348684e-08
1.70000000e-01 1.40000000e-01 1.14299475e-07
1.80000000e-01 1.40000000e-01 1.34380642e-07
1.90000000e-01 1.40000000e-01 1.57203131e-07
2.00000000e-01 1.40000000e-01 1.82986220e-07
2.10000000e-01 1.40000000e-01 2.11938076e-07
2.20000000e-01 1.40000000e-01 2.44249499e-07
2.30000000e-01 1.40000000e-01 2.80087120e-07
2.40000000e-01 1.40000000e-01 3.19586194e-07
2.50000000e-01 1.40000000e-01 3.62843155e-07
2.60000000e-01 1.40000000e-01 4.09908127e-07
2.70000000e-01 1.40000000e-01 4.60777635e-07
2.80000000e-01 1.40000000e-01 5.15387759e-07
2.90000000e-01 1.40000000e-01 5.73608007e-07
3.00000000e-01 1.40000000e-01 6.35236198e-07
3.10000000e-01 1.40000000e-01 6.99994614e-07
3.20000000e-01 1.40000000e-01 7.67527709e-07
3.30000000e-01 1.40000000e-01 8.37401583e-07
3.40000000e-01 1.40000000e-01 9.09105443e-07
3.50000000e-01 1.40000000e-01 9.82055175e-07
3.60000000e-01 1.40000000e-01 1.05559913e-06
3.70000000e-01 1.40000000e-01 1.12902609e-06
3.80000000e-01 1.40000000e-01 1.20157543e-06
3.90000000e-01 1.40000000e-01 1.27244922e-06
4.00000000e-01 1.40000000e-01 1.34082609e-06
4.10000000e-01 1.40000000e-01 1.40587656e-06
4.20000000e-01 1.40000000e-01 1.46677946e-06
4.30000000e-01 1.40000000e-01 1.52273891e-06
4.40000000e-01 1.40000000e-01 1.57300147e-06
4.50000000e-01 1.40000000e-01 1.61687296e-06
4.60000000e-01 1.40000000e-01 1.65373436e-06
4.70000000e-01 1.40000000e-01 1.68305624e-06
4.80000000e-01 1.40000000e-01 1.70441150e-06
4.90000000e-01 1.40000000e-01 1.71748561e-06
5.00000000e-01 1.40000000e-01 1.72208435e-06
5.10000000e-01 1.40000000e-01 1.71813863e-06
5.20000000e-01 1.40000000e-01 1.70570617e-06
5.30000000e-01 1.40000000e-01 1.68497013e-06
5.40000000e-01 1.40000000e-01 1.65623461e-06
5.50000000e-01 1.40000000e-01 1.61991727e-06
5.60000000e-01 1.40000000e-01 1.57653921e-06
5.70000000e-01 1.40000000e-01 1.52671255e-06
5.80000000e-01 1.40000000e-01 1.47112611e-06
5.90000000e-01 1.40000000e-01 1.41052959e-06
6.00000000e-01 1.40000000e-01 1.34571681e-06
6.10000000e-01 1.40000000e-01 1.27750855e-06
6.20000000e-01 1.40000000e-01 1.20673547e-06
6.30000000e-01 1.40000000e-01 1.13422156e-06
6.40000000e-01 1.40000000e-01 1.06076868e-06
6.50000000e-01 1.40000000e-01 9.87142491e-07
6.60000000e-01 1.40000000e-01 9.14060075e-07
6.70000000e-01 1.40000000e-01 8.42179620e-07
6.80000000e-01 1.40000000e-01 7.72092172e-07
6.90000000e-01 1.40000000e-01 7.04315640e-07
7.00000000e-01 1.40000000e-01 6.39291001e-07
7.10000000e-01 1.40000000e-01 5.77380657e-07
7.20000000e-01 1.40000000e-01 5.18868788e-07
7.30000000e-01 1.40000000e-01 4.63963513e-07
7.40000000e-01 1.40000000e-01 4.12800639e-07
7.50000000e-01 1.40000000e-01 3.65448703e-07
7.60000000e-01 1.40000000e-01 3.21915065e-07
7.70000000e-01 1.40000000e-01 2.82152739e-07
7.80000000e-01 1.40000000e-01 2.46067703e-07
7.90000000e-01 1.40000000e-01 2.13526421e-07
8.00000000e-01 1.40000000e-01 1.84363345e-07
8.10000000e-01 1.40000000e-01 1.58388187e-07
8.20000000e-01 1.40000000e-01 1.35392795e-07
8.30000000e-01 1.40000000e-01 1.15157490e-07
8.40000000e-01 1.40000000e-01 9.74567725e-08
8.50000000e-01 1.40000000e-01 8.20643226e-08
8.60000000e-01 1.40000000e-01 6.87572706e-08
8.70000000e-01 1.40000000e-01 5.73197254e-08
8.80000000e-01 1.40000000e-01 4.75455823e-08
8.90000000e-01 1.40000000e-01 3.92406516e-08
9.00000000e-01 1.40000000e-01 3.22241597e-08
9.10000000e-01 1.40000000e-01 2.63296886e-08
9.20000000e-01 1.40000000e-01 2.14056272e-08
9.30000000e-01 1.40000000e-01 1.73152065e-08
9.40000000e-01 1.40000000e-01 1.39361955e-08
9.50000000e-01 1.40000000e-01 1.11603279e-08
9.60000000e-01 1.40000000e-01 8.89252584e-09
9.70000000e-01 1.40000000e-01 7.04998206e-09
9.80000000e-01 1.40000000e-01 5.56115173e-09
9.90000000e-01 1.40000000e-01 4.36470001e-09
1.00000000e+00 1.40000000e-01 3.40844207e-09
0.00000000e+00 1.50000000e-01 4.81725379e-09
1.00000000e-02 1.50000000e-01 6.16887664e-09
2.00000000e-02 1.50000000e-01 7.86021039e-09
3.00000000e-02 1.50000000e-01 9.96517251e-09
4.00000000e-02 1.50000000e-01 1.25706845e-08
5.00000000e-02 1.50000000e-01 1.57781924e-08
6.00000000e-02 1.50000000e-01 1.97051823e-08
7.00000000e-02 1.50000000e-01 2.44866368e-08
8.00000000e-02 1.50000000e-01 3.02763712e-08
9.00000000e-02 1.50000000e-01 3.72481730e-08
1.00000000e-01 1.50000000e-01 4.55966610e-08
1.10000000e-01 1.50000000e-01 5.55377677e-08
1.20000000e-01 1.50000000e-01 6.73087453e-08
1.30000000e-01 1.50000000e-01 8.11675859e-08
1.40000000e-01 1.50000000e-01 9.73917501e-08
1.50000000e-01 1.50000000e-01 1.16276099e-07
1.60000000e-01 1.50000000e-01 1.38129934e-07
1.70000000e-01 1.50000000e-01 1.63273062e-07
1.80000000e-01 1.50000000e-01 1.92030835e-07
1.90000000e-01 1.50000000e-01 2.24728110e-07
2.00000000e-01 1.50000000e-01 2.61682165e-07
2.10000000e-01 1.50000000e-01 3.03194582e-07
2.20000000e-01 1.50000000e-01 3.49542201e-07
2.30000000e-01 1.50000000e-01 4.00967289e-07
2.40000000e-01 1.50000000e-01 4.57667094e-07
2.50000000e-01 1.50000000e-01 5.19783045e-07
2.60000000e-01 1.50000000e-01 5.87389883e-07
2.70000000e-01 1.50000000e-01 6.60485050e-07
2.80000000e-01 1.50000000e-01 7.38978722e-07
2.90000000e-01 1.50000000e-01 8.22684875e-07
3.00000000e-01 1.50000000e-01 9.11313797e-07
3.10000000e-01 1.50000000e-01 1.00446645e-06
3.20000000e-01 1.50000000e-01 1.10163107e-06
3.30000000e-01 1.50000000e-01 1.20218236e-06
3.40000000e-01 1.50000000e-01 1.30538352e-06
3.50000000e-01 1.50000000e-01 1.41039141e-06
3.60000000e-01 1.50000000e-01 1.51626491e-06
3.70000000e-01 1.50000000e-01 1.62197645e-06
3.80000000e-01 1.50000000e-01 1.72642671e-06
3.90000000e-01 1.50000000e-01 1.82846224e-06
4.00000000e-01 1.50000000e-01 1.92689556e-06
4.10000000e-01 1.50000000e-01 2.02052747e-06
4.20000000e-01 1.50000000e-01 2.10817084e-06
4.30000000e-01 1.50000000e-01 2.18867536e-06
4.40000000e-01 1.50000000e-01 2.26095242e-06
4.50000000e-01 1.50000000e-01 2.32399954e-06
4.60000000e-01 1.50000000e-01 2.37692342e-06
4.70000000e-01 1.50000000e-01 2.41896095e-06
4.80000000e-01 1.50000000e-01 2.44949755e-06
4.90000000e-01 1.50000000e-01 2.46808206e-06
5.00000000e-01 1.50000000e-01 2.47443785e-06
5.10000000e-01 1.50000000e-01 2.46846966e-06
5.20000000e-01 1.50000000e-01 2.45026600e-06
5.30000000e-01 1.50000000e-01 2.42009694e-06
5.40000000e-01 1.50000000e-01 2.37840744e-06
5.50000000e-01 1.50000000e-01 2.32580649e-06
5.60000000e-01 1.50000000e-01 2.26305224e-06
5.70000000e-01 1.50000000e-01 2.19103391e-06
5.80000000e-01 1.50000000e-01 2.11075079e-06
5.90000000e-01 1.50000000e-01 2.02328927e-06
6.00000000e-01 1.50000000e-01 1.92979844e-06
6.10000000e-01 1.50000000e-01 1.83146520e-06
6.20000000e-01 1.50000000e-01 1.72948945e-06
6.30000000e-01 1.50000000e-01 1.62506022e-06
6.40000000e-01 1.50000000e-01 1.51933331e-06
6.50000000e-01 1.50000000e-01 1.41341099e-06
6.60000000e-01 1.50000000e-01 1.30832434e-06
6.70000000e-01 1.50000000e-01 1.20501836e-06
6.80000000e-01 1.50000000e-01 1.10434031e-06
6.90000000e-01 1.50000000e-01 1.00703120e-06
7.00000000e-01 1.50000000e-01 9.13720527e-07
7.10000000e-01 1.50000000e-01 8.24924132e-07
7.20000000e-01 1.50000000e-01 7.41044887e-07
7.30000000e-01 1.50000000e-01 6.62376029e-07
7.40000000e-01 1.50000000e-01 5.89106735e-07
7.50000000e-01 1.50000000e-01 5.21329569e-07
7.60000000e-01 1.50000000e-01 4.59049396e-07
7.70000000e-01 1.50000000e-01 4.02193338e-07
7.80000000e-01 1.50000000e-01 3.50621396e-07
7.90000000e-01 1.50000000e-01 3.04137344e-07
8.00000000e-01 1.50000000e-01 2.62499558e-07
8.10000000e-01 1.50000000e-01 2.25431500e-07
8.20000000e-01 1.50000000e-01 1.92631599e-07
8.30000000e-01 1.50000000e-01 1.63782338e-07
8.40000000e-01 1.50000000e-01 1.38558420e-07
8.50000000e-01 1.50000000e-01 1.16633903e-07
8.60000000e-01 1.50000000e-01 9.76882745e-08
8.70000000e-01 1.50000000e-01 8.14114562e-08
8.80000000e-01 1.50000000e-01 6.75077716e-08
8.90000000e-01 1.50000000e-01 5.56989353e-08
9.00000000e-01 1.50000000e-01 4.57261446e-08
9.10000000e-01 1.50000000e-01 3.73513700e-08
9.20000000e-01 1.50000000e-01 3.03579484e-08
9.30000000e-01 1.50000000e-01 2.45505869e-08
9.40000000e-01 1.50000000e-01 1.97548864e-08
9.50000000e-01 1.50000000e-01 1.58164846e-08
9.60000000e-01 1.50000000e-01 1.25999168e-08
9.70000000e-01 1.50000000e-01 9.98727773e-09
9.80000000e-01 1.50000000e-01 7.87676088e-09
9.90000000e-01 1.50000000e-01 6.18113912e-09
1.00000000e+00 1.50000000e-01 4.82623860e-09
0.00000000e+00 1.60000000e-01 6.77032776e-09
1.00000000e-02 1.60000000e-01 8.67269341e-09
2.00000000e-02 1.60000000e-01 1.10541285e-08
3.00000000e-02 1.60000000e-01 1.40191581e-08
4.00000000e-02 1.60000000e-01 1.76907723e-08
5.00000000e-02 1.60000000e-01 2.22126047e-08
6.00000000e-02 1.60000000e-01 2.77511063e-08
7.00000000e-02 1.60000000e-01 3.44976436e-08
8.00000000e-02 1.60000000e-01 4.26704288e-08
9.00000000e-02 1.60000000e-01 5.25161762e-08
1.00000000e-01 1.60000000e-01 6.43113651e-08
1.10000000e-01 1.60000000e-01 7.83629706e-08
1.20000000e-01 1.60000000e-01 9.50085189e-08
1.30000000e-01 1.60000000e-01 1.14615312e-07
1.40000000e-01 1.60000000e-01 1.37578667e-07
1.50000000e-01 1.60000000e-01 1.64319017e-07
1.60000000e-01 1.60000000e-01 1.95277739e-07
1.70000000e-01 1.60000000e-01 2.30911588e-07
1.80000000e-01 1.60000000e-01 2.71685644e-07
1.90000000e-01 1.60000000e-01 3.18064732e-07
2.00000000e-01 1.60000000e-01 3.70503312e-07
2.10000000e-01 1.60000000e-01 4.29433891e-07
2.20000000e-01 1.60000000e-01 4.95254090e-07
2.30000000e-01 1.60000000e-01 5.68312555e-07
2.40000000e-01 1.60000000e-01 6.48893984e-07
2.50000000e-01 1.60000000e-01 7.37203619e-07
2.60000000e-01 1.60000000e-01 8.33351616e-07
2.70000000e-01 1.60000000e-01 9.37337774e-07
2.80000000e-01 1.60000000e-01 1.04903717e-06
2.90000000e-01 1.60000000e-01 1.16818725e-06
3.00000000e-01 1.60000000e-01 1.29437701e-06
3.10000000e-01 1.60000000e-01 1.42703879e-06
3.20000000e-01 1.60000000e-01 1.56544332e-06
3.30000000e-01 1.60000000e-01 1.70869845e-06
3.40000000e-01 1.60000000e-01 1.85575204e-06
3.50000000e-01 1.60000000e-01 2.00539924e-06
3.60000000e-01 1.60000000e-01 2.15629446e-06
3.70000000e-01 1.60000000e-01 2.30696794e-06
3.80000000e-01 1.60000000e-01 2.45584681e-06
3.90000000e-01 1.60000000e-01 2.60128041e-06
4.00000000e-01 1.60000000e-01 2.74156923e-06
4.10000000e-01 1.60000000e-01 2.87499692e-06
4.20000000e-01 1.60000000e-01 2.99986455e-06
4.30000000e-01 1.60000000e-01 3.11452620e-06
4.40000000e-01 1.60000000e-01 3.21742477e-06
4.50000000e-01 1.60000000e-01 3.30712703e-06
4.60000000e-01 1.60000000e-01 3.38235682e-06
4.70000000e-01 1.60000000e-01 3.44202514e-06
4.80000000e-01 1.60000000e-01 3.48525648e-06
4.90000000e-01 1.60000000e-01 3.51141012e-06
5.00000000e-01 1.60000000e-01 3.52009596e-06
5.10000000e-01 1.60000000e-01 3.51118421e-06
5.20000000e-01 1.60000000e-01 3.48480859e-06
5.30000000e-01 1.60000000e-01 3.44136303e-06
5.40000000e-01 1.60000000e-01 3.38149185e-06
5.50000000e-01 1.60000000e-01 3.30607385e-06
5.60000000e-01 1.60000000e-01 3.21620088e-06
5.70000000e-01 1.60000000e-01 3.11315151e-06
5.80000000e-01 1.60000000e-01 2.99836081e-06
5.90000000e-01 1.60000000e-01 2.87338719e-06
6.00000000e-01 1.60000000e-01 2.73987727e-06
6.10000000e-01 1.60000000e-01 2.59953013e-06
6.20000000e-01 1.60000000e-01 2.45406168e-06
6.30000000e-01 1.60000000e-01 2.30517055e-06
6.40000000e-01 1.60000000e-01 2.15450604e-06
6.50000000e-01 1.60000000e-01 2.00363927e-06
6.60000000e-01 1.60000000e-01 1.85403797e-06
6.70000000e-01 1.60000000e-01 1.70704548e-06
6.80000000e-01 1.60000000e-01 1.56386423e-06
6.90000000e-01 1.60000000e-01 1.42554391e-06
7.00000000e-01 1.60000000e-01 1.29297424e-06
7.10000000e-01 1.60000000e-01 1.16688209e-06
7.20000000e-01 1.60000000e-01 1.04783290e-06
7.30000000e-01 1.60000000e-01 9.36235611e-07
7.40000000e-01 1.60000000e-01 8.32350943e-07
7.50000000e-01 1.60000000e-01 7.36302222e-07
7.60000000e-01 1.60000000e-01 6.48088304e-07
7.70000000e-01 1.60000000e-01 5.67597948e-07
7.80000000e-01 1.60000000e-01 4.94625078e-07
7.90000000e-01 1.60000000e-01 4.28884399e-07
8.00000000e-01 1.60000000e-01 3.70026892e-07
8.10000000e-01 1.60000000e-01 3.17654758e-07
8.20000000e-01 1.60000000e-01 2.71335486e-07
8.30000000e-01 1.60000000e-01 2.30614755e-07
8.40000000e-01 1.60000000e-01 1.95027995e-07
8.50000000e-01 1.60000000e-01 1.64110469e-07
8.60000000e-01 1.60000000e-01 1.37405836e-07
8.70000000e-01 1.60000000e-01 1.14473171e-07
8.80000000e-01 1.60000000e-01 9.48925157e-08
8.90000000e-01 1.60000000e-01 7.82690335e-08
9.00000000e-01 1.60000000e-01 6.42358951e-08
9.10000000e-01 1.60000000e-01 5.24560275e-08
9.20000000e-01 1.60000000e-01 4.26228812e-08
9.30000000e-01 1.60000000e-01 3.44603701e-08
9.40000000e-01 1.60000000e-01 2.77221361e-08
9.50000000e-01 1.60000000e-01 2.21902859e-08
9.60000000e-01 1.60000000e-01 1.76737341e-08
9.70000000e-01 1.60000000e-01 1.40062740e-08
9.80000000e-01 1.60000000e-01 1.10444820e-08
9.90000000e-01 1.60000000e-01 8.66554618e-09
1.00000000e+00 1.60000000e-01 6.76509093e-09
0.00000000e+00 1.70000000e-01 9.42048810e-09
1.00000000e-02 1.70000000e-01 1.20713623e-08
2.00000000e-02 1.70000000e-01 1.53911123e-08
3.00000000e-02 1.70000000e-01 1.95260728e-08
4.00000000e-02 1.70000000e-01 2.46485364e-08
5.00000000e-02 1.70000000e-01 3.09598411e-08
6.00000000e-02 1.70000000e-01 3.86934594e-08
7.00000000e-02 1.70000000e-01 4.81179865e-08
8.00000000e-02 1.70000000e-01 5.95399008e-08
9.00000000e-02 1.70000000e-01 7.33059457e-08
1.00000000e-01 1.70000000e-01 8.98049637e-08
1.10000000e-01 1.70000000e-01 1.09468987e-07
1.20000000e-01 1.70000000e-01 1.32773383e-07
1.30000000e-01 1.70000000e-01 1.60235826e-07
1.40000000e-01 1.70000000e-01 1.92413887e-07
1.50000000e-01 1.70000000e-01 2.29901012e-07
1.60000000e-01 1.70000000e-01 2.73320698e-07
1.70000000e-01 1.70000000e-01 3.23318690e-07
1.80000000e-01 1.70000000e-01 3.80553075e-07
1.90000000e-01 1.70000000e-01 4.45682191e-07
2.00000000e-01 1.70000000e-01 5.19350361e-07
2.10000000e-01 1.70000000e-01 6.02171513e-07
2.20000000e-01 1.70000000e-01 6.94710866e-07
2.30000000e-01 1.70000000e-01 7.97464963e-07
2.40000000e-01 1.70000000e-01 9.10840419e-07
2.50000000e-01 1.70000000e-01 1.03513188e-06
2.60000000e-01 1.70000000e-01 1.17049977e-06
2.70000000e-01 1.70000000e-01 1.31694858e-06
2.80000000e-01 1.70000000e-01 1.47430632e-06
2.90000000e-01 1.70000000e-01 1.64220612e-06
3.00000000e-01 1.70000000e-01 1.82007071e-06
3.10000000e-01 1.70000000e-01 2.00710066e-06
3.20000000e-01 1.70000000e-01 2.20226721e-06
3.30000000e-01 1.70000000e-01 2.40431033e-06
3.40000000e-01 1.70000000e-01 2.61174272e-06
3.50000000e-01 1.70000000e-01 2.82286008e-06
3.60000000e-01 1.70000000e-01 3.03575806e-06
3.70000000e-01 1.70000000e-01 3.24835573e-06
3.80000000e-01 1.70000000e-01 3.45842556e-06
3.90000000e-01 1.70000000e-01 3.66362937e-06
4.00000000e-01 1.70000000e-01 3.86155953e-06
4.10000000e-01 1.70000000e-01 4.04978450e-06
4.20000000e-01 1.70000000e-01 4.22589766e-06
4.30000000e-01 1.70000000e-01 4.38756785e-06
4.40000000e-01 1.70000000e-01 4.53259045e-06
4.50000000e-01 1.70000000e-01 4.65893721e-06
4.60000000e-01 1.70000000e-01 4.76480340e-06
4.70000000e-01 1.70000000e-01 4.84865070e-06
4.80000000e-01 1.70000000e-01 4.90924439e-06
4.90000000e-01 1.70000000e-01 4.94568365e-06
5.00000000e-01 1.70000000e-01 4.95742385e-06
5.10000000e-01 1.70000000e-01 4.94429010e-06
5.20000000e-01 1.70000000e-01 4.90648156e-06
5.30000000e-01 1.70000000e-01 4.84456646e-06
5.40000000e-01 1.70000000e-01 4.75946784e-06
5.50000000e-01 1.70000000e-01 4.65244064e-06
5.60000000e-01 1.70000000e-01 4.52504089e-06
5.70000000e-01 1.70000000e-01 4.37908807e-06
5.80000000e-01 1.70000000e-01 4.21662188e-06
5.90000000e-01 1.70000000e-01 4.03985492e-06
6.00000000e-01 1.70000000e-01 3.85112270e-06
6.10000000e-01 1.70000000e-01 3.65283273e-06
6.20000000e-01 1.70000000e-01 3.44741401e-06
6.30000000e-01 1.70000000e-01 3.23726856e-06
6.40000000e-01 1.70000000e-01 3.02472619e-06
6.50000000e-01 1.70000000e-01 2.81200371e-06
6.60000000e-01 1.70000000e-01 2.60116950e-06
6.70000000e-01 1.70000000e-01 2.39411397e-06
6.80000000e-01 1.70000000e-01 2.19252662e-06
6.90000000e-01 1.70000000e-01 1.99787957e-06
7.00000000e-01 1.70000000e-01 1.81141773e-06
7.10000000e-01 1.70000000e-01 1.63415526e-06
7.20000000e-01 1.70000000e-01 1.46687779e-06
7.30000000e-01 1.70000000e-01 1.31014990e-06
7.40000000e-01 1.70000000e-01 1.16432713e-06
7.50000000e-01 1.70000000e-01 1.02957162e-06
7.60000000e-01 1.70000000e-01 9.05870594e-07
7.70000000e-01 1.70000000e-01 7.93056920e-07
7.80000000e-01 1.70000000e-01 6.90830808e-07
7.90000000e-01 1.70000000e-01 5.98781975e-07
8.00000000e-01 1.70000000e-01 5.16411568e-07
8.10000000e-01 1.70000000e-01 4.43153274e-07
8.20000000e-01 1.70000000e-01 3.78393133e-07
8.30000000e-01 1.70000000e-01 3.21487680e-07
8.40000000e-01 1.70000000e-01 2.71780150e-07
8.50000000e-01 1.70000000e-01 2.28614590e-07
8.60000000e-01 1.70000000e-01 1.91347785e-07
8.70000000e-01 1.70000000e-01 1.59359033e-07
8.80000000e-01 1.70000000e-01 1.32057818e-07
8.90000000e-01 1.70000000e-01 1.08889537e-07
9.00000000e-01 1.70000000e-01 8.93394279e-08
9.10000000e-01 1.70000000e-01 7.29349190e-08
9.20000000e-01 1.70000000e-01 5.92466044e-08
9.30000000e-01 1.70000000e-01 4.78880652e-08
9.40000000e-01 1.70000000e-01 3.85147571e-08
9.50000000e-01 1.70000000e-01 3.08221682e-08
9.60000000e-01 1.70000000e-01 2.45434365e-08
9.70000000e-01 1.70000000e-01 1.94465973e-08
9.80000000e-01 1.70000000e-01 1.53316079e-08
9.90000000e-01 1.70000000e-01 1.20272747e-08
1.00000000e+00 1.70000000e-01 9.38818478e-09
0.00000000e+00 1.80000000e-01 1.29780975e-08
1.00000000e-02 1.80000000e-01 1.66353497e-08
2.00000000e-02 1.80000000e-01 2.12172059e-08
3.00000000e-02 1.80000000e-01 2.69264919e-08
4.00000000e-02 1.80000000e-01 3.40021571e-08
5.00000000e-02 1.80000000e-01 4.27236066e-08
6.00000000e-02 1.80000000e-01 5.34150442e-08
7.00000000e-02 1.80000000e-01 6.64496846e-08
8.00000000e-02 1.80000000e-01 8.22536576e-08
9.00000000e-02 1.80000000e-01 1.01309396e-07
1.00000000e-01 1.80000000e-01 1.24158269e-07
1.10000000e-01 1.80000000e-01 1.51402182e-07
1.20000000e-01 1.80000000e-01 1.83703874e-07
1.30000000e-01 1.80000000e-01 2.21785574e-07
1.40000000e-01 1.80000000e-01 2.66425726e-07
1.50000000e-01 1.80000000e-01 3.18453471e-07
1.60000000e-01 1.80000000e-01 3.78740599e-07
1.70000000e-01 1.80000000e-01 4.48190717e-07
1.80000000e-01 1.80000000e-01 5.27725474e-07
1.90000000e-01 1.80000000e-01 6.18267700e-07
2.00000000e-01 1.80000000e-01 7.20721473e-07
2.10000000e-01 1.80000000e-01 8.35949200e-07
2.20000000e-01 1.80000000e-01 9.64745968e-07
2.30000000e-01 1.80000000e-01 1.10781152e-06
2.40000000e-01 1.80000000e-01 1.26572039e-06
2.50000000e-01 1.80000000e-01 1.43889094e-06
2.60000000e-01 1.80000000e-01 1.62755403e-06
2.70000000e-01 1.80000000e-01 1.83172233e-06
2.80000000e-01 1.80000000e-01 2.05116145e-06
2.90000000e-01 1.80000000e-01 2.28536385e-06
3.00000000e-01 1.80000000e-01 2.53352687e-06
3.10000000e-01 1.80000000e-01 2.79453605e-06
3.20000000e-01 1.80000000e-01 3.06695486e-06
3.30000000e-01 1.80000000e-01 3.34902182e-06
3.40000000e-01 1.80000000e-01 3.63865596e-06
3.50000000e-01 1.80000000e-01 3.93347118e-06
3.60000000e-01 1.80000000e-01 4.23079995e-06
3.70000000e-01 1.80000000e-01 4.52772630e-06
3.80000000e-01 1.80000000e-01 4.82112798e-06
3.90000000e-01 1.80000000e-01 5.10772698e-06
4.00000000e-01 1.80000000e-01 5.38414760e-06
4.10000000e-01 1.80000000e-01 5.64698059e-06
4.20000000e-01 1.80000000e-01 5.89285184e-06
4.30000000e-01 1.80000000e-01 6.11849368e-06
4.40000000e-01 1.80000000e-01 6.32081673e-06
4.50000000e-01 1.80000000e-01 6.49698009e-06
4.60000000e-01 1.80000000e-01 6.64445768e-06
4.70000000e-01 1.80000000e-01 6.76109855e-06
4.80000000e-01 1.80000000e-01 6.84517910e-06
4.90000000e-01 1.80000000e-01 6.89544554e-06
5.00000000e-01 1.80000000e-01 6.91114503e-06
5.10000000e-01 1.80000000e-01 6.89204446e-06
5.20000000e-01 1.80000000e-01 6.83843621e-06
5.30000000e-01 1.80000000e-01 6.75113067e-06
5.40000000e-01 1.80000000e-01 6.63143585e-06
5.50000000e-01 1.80000000e-01 6.48112473e-06
5.60000000e-01 1.80000000e-01 6.30239147e-06
5.70000000e-01 1.80000000e-01 6.09779815e-06
5.80000000e-01 1.80000000e-01 5.87021362e-06
5.90000000e-01 1.80000000e-01 5.62274670e-06
6.00000000e-01 1.80000000e-01 5.35867575e-06
6.10000000e-01 1.80000000e-01 5.08137697e-06
6.20000000e-01 1.80000000e-01 4.79425347e-06
6.30000000e-01 1.80000000e-01 4.50066724e-06
6.40000000e-01 1.80000000e-01 4.20387584e-06
6.50000000e-01 1.80000000e-01 3.90697541e-06
6.60000000e-01 1.80000000e-01 3.61285123e-06
6.70000000e-01 1.80000000e-01 3.32413684e-06
6.80000000e-01 1.80000000e-01 3.04318222e-06
6.90000000e-01 1.80000000e-01 2.77203128e-06
7.00000000e-01 1.80000000e-01 2.51240863e-06
7.10000000e-01 1.80000000e-01 2.26571513e-06
7.20000000e-01 1.80000000e-01 2.03303155e-06
7.30000000e-01 1.80000000e-01 1.81512963e-06
7.40000000e-01 1.80000000e-01 1.61248924e-06
7.50000000e-01 1.80000000e-01 1.42532072e-06
7.60000000e-01 1.80000000e-01 1.25359116e-06
7.70000000e-01 1.80000000e-01 1.09705335e-06
7.80000000e-01 1.80000000e-01 9.55276396e-07
7.90000000e-01 1.80000000e-01 8.27676779e-07
8.00000000e-01 1.80000000e-01 7.13549126e-07
8.10000000e-01 1.80000000e-01 6.12095688e-07
8.20000000e-01 1.80000000e-01 5.22453975e-07
8.30000000e-01 1.80000000e-01 4.43721999e-07
8.40000000e-01 1.80000000e-01 3.74980776e-07
8.50000000e-01 1.80000000e-01 3.15313861e-07
8.60000000e-01 1.80000000e-01 2.63823823e-07
8.70000000e-01 1.80000000e-01 2.19645694e-07
8.80000000e-01 1.80000000e-01 1.81957486e-07
8.90000000e-01 1.80000000e-01 1.49987991e-07
9.00000000e-01 1.80000000e-01 1.23022094e-07
9.10000000e-01 1.80000000e-01 1.00403878e-07
9.20000000e-01 1.80000000e-01 8.15378458e-08
9.30000000e-01 1.80000000e-01 6.58885443e-08
9.40000000e-01 1.80000000e-01 5.29789079e-08
9.50000000e-01 1.80000000e-01 4.23876056e-08
9.60000000e-01 1.80000000e-01 3.37456529e-08
9.70000000e-01 1.80000000e-01 2.67325260e-08
9.80000000e-01 1.80000000e-01 2.10719810e-08
9.90000000e-01 1.80000000e-01 1.65277506e-08
1.00000000e+00 1.80000000e-01 1.28992588e-08
0.00000000e+00 1.90000000e-01 1.77028444e-08
1.00000000e-02 1.90000000e-01 2.26986481e-08
2.00000000e-02 1.90000000e-01 2.89598723e-08
3.00000000e-02 1.90000000e-01 3.67648341e-08
4.00000000e-02 1.90000000e-01 4.64416143e-08
5.00000000e-02 1.90000000e-01 5.83740701e-08
6.00000000e-02 1.90000000e-01 7.30078783e-08
7.00000000e-02 1.90000000e-01 9.08564083e-08
8.00000000e-02 1.90000000e-01 1.12506185e-07
9.00000000e-02 1.90000000e-01 1.38621653e-07
1.00000000e-01 1.90000000e-01 1.69948906e-07
1.10000000e-01 1.90000000e-01 2.07318019e-07
1.20000000e-01 1.90000000e-01 2.51643558e-07
1.30000000e-01 1.90000000e-01 3.03922862e-07
1.40000000e-01 1.90000000e-01 3.65231640e-07
1.50000000e-01 1.90000000e-01 4.36716463e-07
1.60000000e-01 1.90000000e-01 5.19583752e-07
1.70000000e-01 1.90000000e-01 6.15084910e-07
1.80000000e-01 1.90000000e-01 7.24497338e-07
1.90000000e-01 1.90000000e-01 8.49101172e-07
2.00000000e-01 1.90000000e-01 9.90151718e-07
2.10000000e-01 1.90000000e-01 1.14884772e-06
2.20000000e-01 1.90000000e-01 1.32629580e-06
2.30000000e-01 1.90000000e-01 1.52347151e-06
2.40000000e-01 1.90000000e-01 1.74117790e-06
2.50000000e-01 1.90000000e-01 1.98000236e-06
2.60000000e-01 1.90000000e-01 2.24027301e-06
2.70000000e-01 1.90000000e-01 2.52201592e-06
2.80000000e-01 1.90000000e-01 2.82491476e-06
2.90000000e-01 1.90000000e-01 3.14827435e-06
3.00000000e-01 1.90000000e-01 3.49098990e-06
3.10000000e-01 1.90000000e-01 3.85152358e-06
3.20000000e-01 1.90000000e-01 4.22788996e-06
3.30000000e-01 1.90000000e-01 4.61765185e-06
3.40000000e-01 1.90000000e-01 5.01792767e-06
3.50000000e-01 1.90000000e-01 5.42541130e-06
3.60000000e-01 1.90000000e-01 5.83640490e-06
3.70000000e-01 1.90000000e-01 6.24686478e-06
3.80000000e-01 1.90000000e-01 6.65246003e-06
3.90000000e-01 1.90000000e-01 7.04864289e-06
4.00000000e-01 1.90000000e-01 7.43072959e-06
4.10000000e-01 1.90000000e-01 7.79398973e-06
4.20000000e-01 1.90000000e-01 8.13374203e-06
4.30000000e-01 1.90000000e-01 8.44545365e-06
4.40000000e-01 1.90000000e-01 8.72484031e-06
4.50000000e-01 1.90000000e-01 8.96796408e-06
4.60000000e-01 1.90000000e-01 9.17132575e-06
4.70000000e-01 1.90000000e-01 9.33194864e-06
4.80000000e-01 1.90000000e-01 9.44745131e-06
4.90000000e-01 1.90000000e-01 9.51610633e-06
5.00000000e-01 1.90000000e-01 9.53688338e-06
5.10000000e-01 1.90000000e-01 9.50947503e-06
5.20000000e-01 1.90000000e-01 9.43430427e-06
5.30000000e-01 1.90000000e-01 9.31251363e-06
5.40000000e-01 1.90000000e-01 9.14593625e-06
5.50000000e-01 1.90000000e-01 8.93704986e-06
5.60000000e-01 1.90000000e-01 8.68891539e-06
5.70000000e-01 1.90000000e-01 8.40510223e-06
5.80000000e-01 1.90000000e-01 8.08960284e-06
5.90000000e-01 1.90000000e-01 7.74673935e-06
6.00000000e-01 1.90000000e-01 7.38106548e-06
6.10000000e-01 1.90000000e-01 6.99726658e-06
6.20000000e-01 1.90000000e-01 6.60006107e-06
6.30000000e-01 1.90000000e-01 6.19410598e-06
6.40000000e-01 1.90000000e-01 5.78390923e-06
6.50000000e-01 1.90000000e-01 5.37375079e-06
6.60000000e-01 1.90000000e-01 4.96761453e-06
6.70000000e-01 1.90000000e-01 4.56913201e-06
6.80000000e-01 1.90000000e-01 4.18153891e-06
6.90000000e-01 1.90000000e-01 3.80764458e-06
7.00000000e-01 1.90000000e-01 3.44981432e-06
7.10000000e-01 1.90000000e-01 3.10996397e-06
7.20000000e-01 1.90000000e-01 2.78956572e-06
7.30000000e-01 1.90000000e-01 2.48966407e-06
7.40000000e-01 1.90000000e-01 2.21090022e-06
7.50000000e-01 1.90000000e-01 1.95354362e-06
7.60000000e-01 1.90000000e-01 1.71752876e-06
7.70000000e-01 1.90000000e-01 1.50249563e-06
7.80000000e-01 1.90000000e-01 1.30783236e-06
7.90000000e-01 1.90000000e-01 1.13271845e-06
8.00000000e-01 1.90000000e-01 9.76167333e-07
8.10000000e-01 1.90000000e-01 8.37067203e-07
8.20000000e-01 1.90000000e-01 7.14219156e-07
8.30000000e-01 1.90000000e-01 6.06371962e-07
8.40000000e-01 1.90000000e-01 5.12252984e-07
8.50000000e-01 1.90000000e-01 4.30594963e-07
8.60000000e-01 1.90000000e-01 3.60158545e-07
8.70000000e-01 1.90000000e-01 2.99750601e-07
8.80000000e-01 1.90000000e-01 2.48238512e-07
8.90000000e-01 1.90000000e-01 2.04560680e-07
9.00000000e-01 1.90000000e-01 1.67733633e-07
9.10000000e-01 1.90000000e-01 1.36856105e-07
9.20000000e-01 1.90000000e-01 1.11110521e-07
9.30000000e-01 1.90000000e-01 8.97623170e-08
9.40000000e-01 1.90000000e-01 7.21575154e-08
9.50000000e-01 1.90000000e-01 5.77189473e-08
9.60000000e-01 1.90000000e-01 4.59414915e-08
9.70000000e-01 1.90000000e-01 3.63866464e-08
9.80000000e-01 1.90000000e-01 2.86767179e-08
9.90000000e-01 1.90000000e-01 2.24888552e-08
1.00000000e+00 1.90000000e-01 1.75491276e-08
0.00000000e+00 2.00000000e-01 2.39105654e-08
1.00000000e-02 2.00000000e-01 3.06675715e-08
2.00000000e-02 2.00000000e-01 3.91392772e-08
3.00000000e-02 2.00000000e-01 4.97037701e-08
4.00000000e-02 2.00000000e-01 6.28069950e-08
5.00000000e-02 2.00000000e-01 7.89710136e-08
6.00000000e-02 2.00000000e-01 9.88023210e-08
7.00000000e-02 2.00000000e-01 1.22999948e-07
8.00000000e-02 2.00000000e-01 1.52363019e-07
9.00000000e-02 2.00000000e-01 1.87797374e-07
1.00000000e-01 2.00000000e-01 2.30320798e-07
1.10000000e-01 2.00000000e-01 2.81066341e-07
1.20000000e-01 2.00000000e-01 3.41283178e-07
1.30000000e-01 2.00000000e-01 4.12334415e-07
1.40000000e-01 2.00000000e-01 4.95691233e-07
1.50000000e-01 2.00000000e-01 5.92922777e-07
1.60000000e-01 2.00000000e-01 7.05681237e-07
1.70000000e-01 2.00000000e-01 8.35681635e-07
1.80000000e-01 2.00000000e-01 9.84675942e-07
1.90000000e-01 2.00000000e-01 1.15442130e-06
2.00000000e-01 2.00000000e-01 1.34664230e-06
2.10000000e-01 2.00000000e-01 1.56298751e-06
2.20000000e-01 2.00000000e-01 1.80498065e-06
2.30000000e-01 2.00000000e-01 2.07396715e-06
2.40000000e-01 2.00000000e-01 2.37105712e-06
2.50000000e-01 2.00000000e-01 2.69706596e-06
2.60000000e-01 2.00000000e-01 3.05245423e-06
2.70000000e-01 2.00000000e-01 3.43726872e-06
2.80000000e-01 2.00000000e-01 3.85108665e-06
2.90000000e-01 2.00000000e-01 4.29296531e-06
3.00000000e-01 2.00000000e-01 4.76139943e-06
3.10000000e-01 2.00000000e-01 5.25428864e-06
3.20000000e-01 2.00000000e-01 5.76891720e-06
3.30000000e-01 2.00000000e-01 6.30194793e-06
3.40000000e-01 2.00000000e-01 6.84943213e-06
3.50000000e-01 2.00000000e-01 7.40683672e-06
3.60000000e-01 2.00000000e-01 7.96908921e-06
3.70000000e-01 2.00000000e-01 8.53064087e-06
3.80000000e-01 2.00000000e-01 9.08554728e-06
3.90000000e-01 2.00000000e-01 9.62756536e-06
4.00000000e-01 2.00000000e-01 1.01502647e-05
4.10000000e-01 2.00000000e-01 1.06471508e-05
4.20000000e-01 2.00000000e-01 1.11117970e-05
4.30000000e-01 2.00000000e-01 1.15379815e-05
4.40000000e-01 2.00000000e-01 1.19198252e-05
4.50000000e-01 2.00000000e-01 1.22519267e-05
4.60000000e-01 2.00000000e-01 1.25294892e-05
4.70000000e-01 2.00000000e-01 1.27484360e-05
4.80000000e-01 2.00000000e-01 1.29055107e-05
4.90000000e-01 2.00000000e-01 1.29983574e-05
5.00000000e-01 2.00000000e-01 1.30255801e-05
5.10000000e-01 2.00000000e-01 1.29867773e-05
5.20000000e-01 2.00000000e-01 1.28825523e-05
5.30000000e-01 2.00000000e-01 1.27144970e-05
5.40000000e-01 2.00000000e-01 1.24851519e-05
5.50000000e-01 2.00000000e-01 1.21979417e-05
5.60000000e-01 2.00000000e-01 1.18570902e-05
5.70000000e-01 2.00000000e-01 1.14675165e-05
5.80000000e-01 2.00000000e-01 1.10347175e-05
5.90000000e-01 2.00000000e-01 1.05646382e-05
6.00000000e-01 2.00000000e-01 1.00635371e-05
6.10000000e-01 2.00000000e-01 9.53784775e-06
6.20000000e-01 2.00000000e-01 8.99404385e-06
6.30000000e-01 2.00000000e-01 8.43850906e-06
6.40000000e-01 2.00000000e-01 7.87741690e-06
6.50000000e-01 2.00000000e-01 7.31662282e-06
6.60000000e-01 2.00000000e-01 6.76157113e-06
6.70000000e-01 2.00000000e-01 6.21721853e-06
6.80000000e-01 2.00000000e-01 5.68797512e-06
6.90000000e-01 2.00000000e-01 5.17766346e-06
7.00000000e-01 2.00000000e-01 4.68949518e-06
7.10000000e-01 2.00000000e-01 4.22606452e-06
7.20000000e-01 2.00000000e-01 3.78935722e-06
7.30000000e-01 2.00000000e-01 3.38077322e-06
7.40000000e-01 2.00000000e-01 3.00116101e-06
7.50000000e-01 2.00000000e-01 2.65086149e-06
7.60000000e-01 2.00000000e-01 2.32975902e-06
7.70000000e-01 2.00000000e-01 2.03733732e-06
7.80000000e-01 2.00000000e-01 1.77273826e-06
7.90000000e-01 2.00000000e-01 1.53482123e-06
8.00000000e-01 2.00000000e-01 1.32222160e-06
8.10000000e-01 2.00000000e-01 1.13340658e-06
8.20000000e-01 2.00000000e-01 9.66727324e-07
8.30000000e-01 2.00000000e-01 8.20466359e-07
8.40000000e-01 2.00000000e-01 6.92879638e-07
8.50000000e-01 2.00000000e-01 5.82232902e-07
8.60000000e-01 2.00000000e-01 4.86832170e-07
8.70000000e-01 2.00000000e-01 4.05048464e-07
8.80000000e-01 2.00000000e-01 3.35337001e-07
8.90000000e-01 2.00000000e-01 2.76251245e-07
9.00000000e-01 2.00000000e-01 2.26452302e-07
9.10000000e-01 2.00000000e-01 1.84714227e-07
9.20000000e-01 2.00000000e-01 1.49925793e-07
9.30000000e-01 2.00000000e-01 1.21089354e-07
9.40000000e-01 2.00000000e-01 9.73173462e-08
9.50000000e-01 2.00000000e-01 7.78269834e-08
9.60000000e-01 2.00000000e-01 6.19336389e-08
9.70000000e-01 2.00000000e-01 4.90433473e-08
9.80000000e-01 2.00000000e-01 3.86448093e-08
9.90000000e-01 2.00000000e-01 3.03012137e-08
1.00000000e+00 2.00000000e-01 2.36421322e-08
0.00000000e+00 2.10000000e-01 3.19794841e-08
1.00000000e-02 2.10000000e-01 4.10287908e-08
2.00000000e-02 2.10000000e-01 5.23785878e-08
3.00000000e-02 2.10000000e-01 6.65373562e-08
4.00000000e-02 2.10000000e-01 8.41051622e-08
5.00000000e-02 2.10000000e-01 1.05784883e-07
6.00000000e-02 2.10000000e-01 1.32393530e-07
7.00000000e-02 2.10000000e-01 1.64873299e-07
8.00000000e-02 2.10000000e-01 2.04301917e-07
9.00000000e-02 2.10000000e-01 2.51901738e-07
1.00000000e-01 2.10000000e-01 3.09046975e-07
1.10000000e-01 2.10000000e-01 3.77268376e-07
1.20000000e-01 2.10000000e-01 4.58254585e-07
1.30000000e-01 2.10000000e-01 5.53849373e-07
1.40000000e-01 2.10000000e-01 6.66043921e-07
1.50000000e-01 2.10000000e-01 7.96963338e-07
1.60000000e-01 2.10000000e-01 9.48846648e-07
1.70000000e-01 2.10000000e-01 1.12401958e-06
1.80000000e-01 2.10000000e-01 1.32485966e-06
1.90000000e-01 2.10000000e-01 1.55375322e-06
2.00000000e-01 2.10000000e-01 1.81304433e-06
2.10000000e-01 2.10000000e-01 2.10497586e-06
2.20000000e-01 2.10000000e-01 2.43162317e-06
2.30000000e-01 2.10000000e-01 2.79482153e-06
2.40000000e-01 2.10000000e-01 3.19608848e-06
2.50000000e-01 2.10000000e-01 3.63654294e-06
2.60000000e-01 2.10000000e-01 4.11682337e-06
2.70000000e-01 2.10000000e-01 4.63700722e-06
2.80000000e-01 2.10000000e-01 5.19653482e-06
2.90000000e-01 2.10000000e-01 5.79414045e-06
3.00000000e-01 2.10000000e-01 6.42779406e-06
3.10000000e-01 2.10000000e-01 7.09465650e-06
3.20000000e-01 2.10000000e-01 7.79105161e-06
3.30000000e-01 2.10000000e-01 8.51245757e-06
3.40000000e-01 2.10000000e-01 9.25352016e-06
3.50000000e-01 2.10000000e-01 1.00080894e-05
3.60000000e-01 2.10000000e-01 1.07692805e-05
3.70000000e-01 2.10000000e-01 1.15295602e-05
3.80000000e-01 2.10000000e-01 1.22808557e-05
3.90000000e-01 2.10000000e-01 1.30146875e-05
4.00000000e-01 2.10000000e-01 1.37223210e-05
4.10000000e-01 2.10000000e-01 1.43949342e-05
4.20000000e-01 2.10000000e-01 1.50237980e-05
4.30000000e-01 2.10000000e-01 1.56004627e-05
4.40000000e-01 2.10000000e-01 1.61169461e-05
4.50000000e-01 2.10000000e-01 1.65659175e-05
4.60000000e-01 2.10000000e-01 1.69408705e-05
4.70000000e-01 2.10000000e-01 1.72362804e-05
4.80000000e-01 2.10000000e-01 1.74477402e-05
4.90000000e-01 2.10000000e-01 1.75720699e-05
5.00000000e-01 2.10000000e-01 1.76073965e-05
5.10000000e-01 2.10000000e-01 1.75532011e-05
5.20000000e-01 2.10000000e-01 1.74103315e-05
5.30000000e-01 2.10000000e-01 1.71809799e-05
5.40000000e-01 2.10000000e-01 1.68686271e-05
5.50000000e-01 2.10000000e-01 1.64779540e-05
5.60000000e-01 2.10000000e-01 1.60147252e-05
5.70000000e-01 2.10000000e-01 1.54856466e-05
5.80000000e-01 2.10000000e-01 1.48982041e-05
5.90000000e-01 2.10000000e-01 1.42604878e-05
6.00000000e-01 2.10000000e-01 1.35810065e-05
6.10000000e-01 2.10000000e-01 1.28685011e-05
6.20000000e-01 2.10000000e-01 1.21317594e-05
6.30000000e-01 2.10000000e-01 1.13794401e-05
6.40000000e-01 2.10000000e-01 1.06199091e-05
6.50000000e-01 2.10000000e-01 9.86109431e-06
6.60000000e-01 2.10000000e-01 9.11035893e-06
6.70000000e-01 2.10000000e-01 8.37439898e-06
6.80000000e-01 2.10000000e-01 7.65916410e-06
6.90000000e-01 2.10000000e-01 6.96980298e-06
7.00000000e-01 2.10000000e-01 6.31063286e-06
7.10000000e-01 2.10000000e-01 5.68513192e-06
7.20000000e-01 2.10000000e-01 5.09595252e-06
7.30000000e-01 2.10000000e-01 4.54495312e-06
7.40000000e-01 2.10000000e-01 4.03324590e-06
7.50000000e-01 2.10000000e-01 3.56125712e-06
7.60000000e-01 2.10000000e-01 3.12879710e-06
7.70000000e-01 2.10000000e-01 2.73513667e-06
7.80000000e-01 2.10000000e-01 2.37908723e-06
7.90000000e-01 2.10000000e-01 2.05908155e-06
8.00000000e-01 2.10000000e-01 1.77325310e-06
8.10000000e-01 2.10000000e-01 1.51951171e-06
8.20000000e-01 2.10000000e-01 1.29561408e-06
8.30000000e-01 2.10000000e-01 1.09922772e-06
8.40000000e-01 2.10000000e-01 9.27987647e-07
8.50000000e-01 2.10000000e-01 7.79545192e-07
8.60000000e-01 2.10000000e-01 6.51608912e-07
8.70000000e-01 2.10000000e-01 5.41977602e-07
8.80000000e-01 2.10000000e-01 4.48565851e-07
8.90000000e-01 2.10000000e-01 3.69422630e-07
9.00000000e-01 2.10000000e-01 3.02743625e-07
9.10000000e-01 2.10000000e-01 2.46878040e-07
9.20000000e-01 2.10000000e-01 2.00330688e-07
9.30000000e-01 2.10000000e-01 1.61760166e-07
9.40000000e-01 2.10000000e-01 1.29973903e-07
9.50000000e-01 2.10000000e-01 1.03920794e-07
9.60000000e-01 2.10000000e-01 8.26821107e-08
9.70000000e-01 2.10000000e-01 6.54612593e-08
9.80000000e-01 2.10000000e-01 5.15728990e-08
9.90000000e-01 2.10000000e-01 4.04318452e-08
1.00000000e+00 2.10000000e-01 3.15420975e-08
0.00000000e+00 2.20000000e-01 4.23552598e-08
1.00000000e-02 2.20000000e-01 5.43558179e-08
2.00000000e-02 2.20000000e-01 6.94122602e-08
3.00000000e-02 2.20000000e-01 8.82015751e-08
4.00000000e-02 2.20000000e-01 1.11523095e-07
5.00000000e-02 2.20000000e-01 1.40313590e-07
6.00000000e-02 2.20000000e-01 1.75662513e-07
7.00000000e-02 2.20000000e-01 2.18826915e-07
8.00000000e-02 2.20000000e-01 2.71245434e-07
9.00000000e-02 2.20000000e-01 3.34550653e-07
1.00000000e-01 2.20000000e-01 4.10578977e-07
1.10000000e-01 2.20000000e-01 5.01377127e-07
1.20000000e-01 2.20000000e-01 6.09204193e-07
1.30000000e-01 2.20000000e-01 7.36528189e-07
1.40000000e-01 2.20000000e-01 8.86015976e-07
1.50000000e-01 2.20000000e-01 1.06051545e-06
1.60000000e-01 2.20000000e-01 1.26302897e-06
1.70000000e-01 2.20000000e-01 1.49667710e-06
1.80000000e-01 2.20000000e-01 1.76465197e-06
1.90000000e-01 2.20000000e-01 2.07015979e-06
2.00000000e-01 2.20000000e-01 2.41635239e-06
2.10000000e-01 2.20000000e-01 2.80624817e-06
2.20000000e-01 2.20000000e-01 3.24264301e-06
2.30000000e-01 2.20000000e-01 3.72801271e-06
2.40000000e-01 2.20000000e-01 4.26440847e-06
2.50000000e-01 2.20000000e-01 4.85334805e-06
2.60000000e-01 2.20000000e-01 5.49570527e-06
2.70000000e-01 2.20000000e-01 6.19160150e-06
2.80000000e-01 2.20000000e-01 6.94030272e-06
2.90000000e-01 2.20000000e-01 7.74012646e-06
3.00000000e-01 2.20000000e-01 8.58836278e-06
3.10000000e-01 2.20000000e-01 9.48121365e-06
3.20000000e-01 2.20000000e-01 1.04137548e-05
3.30000000e-01 2.20000000e-01 1.13799236e-05
3.40000000e-01 2.20000000e-01 1.23725369e-05
3.50000000e-01 2.20000000e-01 1.33833393e-05
3.60000000e-01 2.20000000e-01 1.44030861e-05
3.70000000e-01 2.20000000e-01 1.54216581e-05
3.80000000e-01 2.20000000e-01 1.64282097e-05
3.90000000e-01 2.20000000e-01 1.74113470e-05
4.00000000e-01 2.20000000e-01 1.83593320e-05
4.10000000e-01 2.20000000e-01 1.92603096e-05
4.20000000e-01 2.20000000e-01 2.01025502e-05
4.30000000e-01 2.20000000e-01 2.08747008e-05
4.40000000e-01 2.20000000e-01 2.15660397e-05
4.50000000e-01 2.20000000e-01 2.21667232e-05
4.60000000e-01 2.20000000e-01 2.26680197e-05
4.70000000e-01 2.20000000e-01 2.30625209e-05
4.80000000e-01 2.20000000e-01 2.33443250e-05
4.90000000e-01 2.20000000e-01 2.35091834e-05
5.00000000e-01 2.20000000e-01 2.35546083e-05
5.10000000e-01 2.20000000e-01 2.34799348e-05
5.20000000e-01 2.20000000e-01 2.32863375e-05
5.30000000e-01 2.20000000e-01 2.29767992e-05
5.40000000e-01 2.20000000e-01 2.25560346e-05
5.50000000e-01 2.20000000e-01 2.20303703e-05
5.60000000e-01 2.20000000e-01 2.14075861e-05
5.70000000e-01 2.20000000e-01 2.06967234e-05
5.80000000e-01 2.20000000e-01 1.99078660e-05
5.90000000e-01 2.20000000e-01 1.90519030e-05
6.00000000e-01 2.20000000e-01 1.81402791e-05
6.10000000e-01 2.20000000e-01 1.71847421e-05
6.20000000e-01 2.20000000e-01 1.61970943e-05
6.30000000e-01 2.20000000e-01 1.51889556e-05
6.40000000e-01 2.20000000e-01 1.41715442e-05
6.50000000e-01 2.20000000e-01 1.31554810e-05
6.60000000e-01 2.20000000e-01 1.21506214e-05
6.70000000e-01 2.20000000e-01 1.11659178e-05
6.80000000e-01 2.20000000e-01 1.02093148e-05
6.90000000e-01 2.20000000e-01 9.28767709e-06
7.00000000e-01 2.20000000e-01 8.40675017e-06
7.10000000e-01 2.20000000e-01 7.57115135e-06
7.20000000e-01 2.20000000e-01 6.78438919e-06
7.30000000e-01 2.20000000e-01 6.04890761e-06
7.40000000e-01 2.20000000e-01 5.36615110e-06
7.50000000e-01 2.20000000e-01 4.73664683e-06
7.60000000e-01 2.20000000e-01 4.16009951e-06
7.70000000e-01 2.20000000e-01 3.63549468e-06
7.80000000e-01 2.20000000e-01 3.16120659e-06
7.90000000e-01 2.20000000e-01 2.73510700e-06
8.00000000e-01 2.20000000e-01 2.35467165e-06
8.10000000e-01 2.20000000e-01 2.01708172e-06
8.20000000e-01 2.20000000e-01 1.71931813e-06
8.30000000e-01 2.20000000e-01 1.45824701e-06
8.40000000e-01 2.20000000e-01 1.23069525e-06
8.50000000e-01 2.20000000e-01 1.03351543e-06
8.60000000e-01 2.20000000e-01 8.63640139e-07
8.70000000e-01 2.20000000e-01 7.18125652e-07
8.80000000e-01 2.20000000e-01 5.94185599e-07
8.90000000e-01 2.20000000e-01 4.89215366e-07
9.00000000e-01 2.20000000e-01 4.00808099e-07
9.10000000e-01 2.20000000e-01 3.26763373e-07
9.20000000e-01 2.20000000e-01 2.65089596e-07
9.30000000e-01 2.20000000e-01 2.14001221e-07
9.40000000e-01 2.20000000e-01 1.71911829e-07
9.50000000e-01 2.20000000e-01 1.37424049e-07
9.60000000e-01 2.20000000e-01 1.09317210e-07
9.70000000e-01 2.20000000e-01 8.65335077e-08
9.80000000e-01 2.20000000e-01 6.81633547e-08
9.90000000e-01 2.20000000e-01 5.34304872e-08
1.00000000e+00 2.20000000e-01 4.16772629e-08
0.00000000e+00 2.30000000e-01 5.55541113e-08
1.00000000e-02 2.30000000e-01 7.13129860e-08
2.00000000e-02 2.30000000e-01 9.10910841e-08
3.00000000e-02 2.30000000e-01 1.15780697e-07
4.00000000e-02 2.30000000e-01 1.46435869e-07
5.00000000e-02 2.30000000e-01 1.84292469e-07
6.00000000e-02 2.30000000e-01 2.30788495e-07
7.00000000e-02 2.30000000e-01 2.87583976e-07
8.00000000e-02 2.30000000e-01 3.56579681e-07
9.00000000e-02 2.30000000e-01 4.39933694e-07
1.00000000e-01 2.30000000e-01 5.40074757e-07
1.10000000e-01 2.30000000e-01 6.59711129e-07
1.20000000e-01 2.30000000e-01 8.01833616e-07
1.30000000e-01 2.30000000e-01 9.69711310e-07
1.40000000e-01 2.30000000e-01 1.16687855e-06
1.50000000e-01 2.30000000e-01 1.39711160e-06
1.60000000e-01 2.30000000e-01 1.66439377e-06
1.70000000e-01 2.30000000e-01 1.97286750e-06
1.80000000e-01 2.30000000e-01 2.32677279e-06
1.90000000e-01 2.30000000e-01 2.73037104e-06
2.00000000e-01 2.30000000e-01 3.18785431e-06
2.10000000e-01 2.30000000e-01 3.70324033e-06
2.20000000e-01 2.30000000e-01 4.28025425e-06
2.30000000e-01 2.30000000e-01 4.92219874e-06
2.40000000e-01 2.30000000e-01 5.63181502e-06
2.50000000e-01 2.30000000e-01 6.41113771e-06
2.60000000e-01 2.30000000e-01 7.26134769e-06
2.70000000e-01 2.30000000e-01 8.18262718e-06
2.80000000e-01 2.30000000e-01 9.17402237e-06
2.90000000e-01 2.30000000e-01 1.02333190e-05
3.00000000e-01 2.30000000e-01 1.13569365e-05
3.10000000e-01 2.30000000e-01 1.25398470e-05
3.20000000e-01 2.30000000e-01 1.37755236e-05
3.30000000e-01 2.30000000e-01 1.50559241e-05
3.40000000e-01 2.30000000e-01 1.63715137e-05
3.50000000e-01 2.30000000e-01 1.77113298e-05
3.60000000e-01 2.30000000e-01 1.90630911e-05
3.70000000e-01 2.30000000e-01 2.04133515e-05
3.80000000e-01 2.30000000e-01 2.17476965e-05
3.90000000e-01 2.30000000e-01 2.30509810e-05
4.00000000e-01 2.30000000e-01 2.43076013e-05
4.10000000e-01 2.30000000e-01 2.55017981e-05
4.20000000e-01 2.30000000e-01 2.66179791e-05
4.30000000e-01 2.30000000e-01 2.76410555e-05
4.40000000e-01 2.30000000e-01 2.85567798e-05
4.50000000e-01 2.30000000e-01 2.93520761e-05
4.60000000e-01 2.30000000e-01 3.00153509e-05
4.70000000e-01 2.30000000e-01 3.05367757e-05
4.80000000e-01 2.30000000e-01 3.09085294e-05
4.90000000e-01 2.30000000e-01 3.11249947e-05
5.00000000e-01 2.30000000e-01 3.11828994e-05
5.10000000e-01 2.30000000e-01 3.10813991e-05
5.20000000e-01 2.30000000e-01 3.08220979e-05
5.30000000e-01 2.30000000e-01 3.04090057e-05
5.40000000e-01 2.30000000e-01 2.98484348e-05
5.50000000e-01 2.30000000e-01 2.91488392e-05
5.60000000e-01 2.30000000e-01 2.83206016e-05
5.70000000e-01 2.30000000e-01 2.73757765e-05
5.80000000e-01 2.30000000e-01 2.63277985e-05
5.90000000e-01 2.30000000e-01 2.51911638e-05
6.00000000e-01 2.30000000e-01 2.39810986e-05
6.10000000e-01 2.30000000e-01 2.27132219e-05
6.20000000e-01 2.30000000e-01 2.14032144e-05
6.30000000e-01 2.30000000e-01 2.00665037e-05
6.40000000e-01 2.30000000e-01 1.87179731e-05
6.50000000e-01 2.30000000e-01 1.73717023e-05
6.60000000e-01 2.30000000e-01 1.60407442e-05
6.70000000e-01 2.30000000e-01 1.47369441e-05
6.80000000e-01 2.30000000e-01 1.34708017e-05
6.90000000e-01 2.30000000e-01 1.22513769e-05
7.00000000e-01 2.30000000e-01 1.10862392e-05
7.10000000e-01 2.30000000e-01 9.98145816e-06
7.20000000e-01 2.30000000e-01 8.94163011e-06
7.30000000e-01 2.30000000e-01 7.96993906e-06
7.40000000e-01 2.30000000e-01 7.06824457e-06
7.50000000e-01 2.30000000e-01 6.23719218e-06
7.60000000e-01 2.30000000e-01 5.47634039e-06
7.70000000e-01 2.30000000e-01 4.78429874e-06
7.80000000e-01 2.30000000e-01 4.15887161e-06
7.90000000e-01 2.30000000e-01 3.59720298e-06
8.00000000e-01 2.30000000e-01 3.09591791e-06
8.10000000e-01 2.30000000e-01 2.65125711e-06
8.20000000e-01 2.30000000e-01 2.25920179e-06
8.30000000e-01 2.30000000e-01 1.91558668e-06
8.40000000e-01 2.30000000e-01 1.61619970e-06
8.50000000e-01 2.30000000e-01 1.35686752e-06
8.60000000e-01 2.30000000e-01 1.13352691e-06
8.70000000e-01 2.30000000e-01 9.42281955e-07
8.80000000e-01 2.30000000e-01 7.79448098e-07
8.90000000e-01 2.30000000e-01 6.41583778e-07
9.00000000e-01 2.30000000e-01 5.25511065e-07
9.10000000e-01 2.30000000e-01 4.28326597e-07
9.20000000e-01 2.30000000e-01 3.47404280e-07
9.30000000e-01 2.30000000e-01 2.80391182e-07
9.40000000e-01 2.30000000e-01 2.25198024e-07
9.50000000e-01 2.30000000e-01 1.79985549e-07
9.60000000e-01 2.30000000e-01 1.43147953e-07
9.70000000e-01 2.30000000e-01 1.13294409e-07
9.80000000e-01 2.30000000e-01 8.92295653e-08
9.90000000e-01 2.30000000e-01 6.99337620e-08
1.00000000e+00 2.30000000e-01 5.45435433e-08
0.00000000e+00 2.40000000e-01 7.21631763e-08
1.00000000e-02 2.40000000e-01 9.26558353e-08
2.00000000e-02 2.40000000e-01 1.18382576e-07
3.00000000e-02 2.40000000e-01 1.50507651e-07
4.00000000e-02 2.40000000e-01 1.90406955e-07
5.00000000e-02 2.40000000e-01 2.39694438e-07
6.00000000e-02 2.40000000e-01 3.00248841e-07
7.00000000e-02 2.40000000e-01 3.74239956e-07
8.00000000e-02 2.40000000e-01 4.64153355e-07
9.00000000e-02 2.40000000e-01 5.72812373e-07
1.00000000e-01 2.40000000e-01 7.03395879e-07
1.10000000e-01 2.40000000e-01 8.59450222e-07
1.20000000e-01 2.40000000e-01 1.04489355e-06
1.30000000e-01 2.40000000e-01 1.26401058e-06
1.40000000e-01 2.40000000e-01 1.52143590e-06
1.50000000e-01 2.40000000e-01 1.82212371e-06
1.60000000e-01 2.40000000e-01 2.17130243e-06
1.70000000e-01 2.40000000e-01 2.57441214e-06
1.80000000e-01 2.40000000e-01 3.03702402e-06
1.90000000e-01 2.40000000e-01 3.56474059e-06
2.00000000e-01 2.40000000e-01 4.16307663e-06
2.10000000e-01 2.40000000e-01 4.83732138e-06
2.20000000e-01 2.40000000e-01 5.59238302e-06
2.30000000e-01 2.40000000e-01 6.43261791e-06
2.40000000e-01 2.40000000e-01 7.36164754e-06
2.50000000e-01 2.40000000e-01 8.38216743e-06
2.60000000e-01 2.40000000e-01 9.49575301e-06
2.70000000e-01 2.40000000e-01 1.07026686e-05
2.80000000e-01 2.40000000e-01 1.20016858e-05
2.90000000e-01 2.40000000e-01 1.33899194e-05
3.00000000e-01 2.40000000e-01 1.48626874e-05
3.10000000e-01 2.40000000e-01 1.64134029e-05
3.20000000e-01 2.40000000e-01 1.80335065e-05
3.30000000e-01 2.40000000e-01 1.97124432e-05
3.40000000e-01 2.40000000e-01 2.14376925e-05
3.50000000e-01 2.40000000e-01 2.31948528e-05
3.60000000e-01 2.40000000e-01 2.49677854e-05
3.70000000e-01 2.40000000e-01 2.67388160e-05
3.80000000e-01 2.40000000e-01 2.84889946e-05
3.90000000e-01 2.40000000e-01 3.01984080e-05
4.00000000e-01 2.40000000e-01 3.18465390e-05
4.10000000e-01 2.40000000e-01 3.34126652e-05
4.20000000e-01 2.40000000e-01 3.48762850e-05
4.30000000e-01 2.40000000e-01 3.62175611e-05
4.40000000e-01 2.40000000e-01 3.74177658e-05
4.50000000e-01 2.40000000e-01 3.84597167e-05
4.60000000e-01 2.40000000e-01 3.93281860e-05
4.70000000e-01 2.40000000e-01 4.00102727e-05
4.80000000e-01 2.40000000e-01 4.04957220e-05
4.90000000e-01 2.40000000e-01 4.07771832e-05
5.00000000e-01 2.40000000e-01 4.08503951e-05
5.10000000e-01 2.40000000e-01 4.07142940e-05
5.20000000e-01 2.40000000e-01 4.03710395e-05
5.30000000e-01 2.40000000e-01 3.98259570e-05
5.40000000e-01 2.40000000e-01 3.90873998e-05
5.50000000e-01 2.40000000e-01 3.81665357e-05
5.60000000e-01 2.40000000e-01 3.70770650e-05
5.70000000e-01 2.40000000e-01 3.58348808e-05
5.80000000e-01 2.40000000e-01 3.44576825e-05
5.90000000e-01 2.40000000e-01 3.29645572e-05
6.00000000e-01 2.40000000e-01 3.13755400e-05
6.10000000e-01 2.40000000e-01 2.97111710e-05
6.20000000e-01 2.40000000e-01 2.79920591e-05
6.30000000e-01 2.40000000e-01 2.62384679e-05
6.40000000e-01 2.40000000e-01 2.44699327e-05
6.50000000e-01 2.40000000e-01 2.27049205e-05
6.60000000e-01 2.40000000e-01 2.09605382e-05
6.70000000e-01 2.40000000e-01 1.92522960e-05
6.80000000e-01 2.40000000e-01 1.75939274e-05
6.90000000e-01 2.40000000e-01 1.59972680e-05
7.00000000e-01 2.40000000e-01 1.44721909e-05
7.10000000e-01 2.40000000e-01 1.30265956e-05
7.20000000e-01 2.40000000e-01 1.16664465e-05
7.30000000e-01 2.40000000e-01 1.03958536e-05
7.40000000e-01 2.40000000e-01 9.21719056e-06
7.50000000e-01 2.40000000e-01 8.13124091e-06
7.60000000e-01 2.40000000e-01 7.13736638e-06
7.70000000e-01 2.40000000e-01 6.23368916e-06
7.80000000e-01 2.40000000e-01 5.41728152e-06
7.90000000e-01 2.40000000e-01 4.68435635e-06
8.00000000e-01 2.40000000e-01 4.03045305e-06
8.10000000e-01 2.40000000e-01 3.45061415e-06
8.20000000e-01 2.40000000e-01 2.93954893e-06
8.30000000e-01 2.40000000e-01 2.49178124e-06
8.40000000e-01 2.40000000e-01 2.10177969e-06
8.50000000e-01 2.40000000e-01 1.76406929e-06
8.60000000e-01 2.40000000e-01 1.47332422e-06
8.70000000e-01 2.40000000e-01 1.22444215e-06
8.80000000e-01 2.40000000e-01 1.01260114e-06
8.90000000e-01 2.40000000e-01 8.33300468e-07
9.00000000e-01 2.40000000e-01 6.82386908e-07
9.10000000e-01 2.40000000e-01 5.56068462e-07
9.20000000e-01 2.40000000e-01 4.50917306e-07
9.30000000e-01 2.40000000e-01 3.63863933e-07
9.40000000e-01 2.40000000e-01 2.92184262e-07
9.50000000e-01 2.40000000e-01 2.33481456e-07
9.60000000e-01 2.40000000e-01 1.85663946e-07
9.70000000e-01 2.40000000e-01 1.46921036e-07
9.80000000e-01 2.40000000e-01 1.15697228e-07
9.90000000e-01 2.40000000e-01 9.06662246e-08
1.00000000e+00 2.40000000e-01 7.07053732e-08
0.00000000e+00 2.50000000e-01 9.28371928e-08
1.00000000e-02 2.50000000e-01 1.19226720e-07
2.00000000e-02 2.50000000e-01 1.52365194e-07
3.00000000e-02 2.50000000e-01 1.93756437e-07
4.00000000e-02 2.50000000e-01 2.45178333e-07
5.00000000e-02 2.50000000e-01 3.08717180e-07
6.00000000e-02 2.50000000e-01 3.86802524e-07
7.00000000e-02 2.50000000e-01 4.82241405e-07
8.00000000e-02 2.50000000e-01 5.98250675e-07
9.00000000e-02 2.50000000e-01 7.38485791e-07
1.00000000e-01 2.50000000e-01 9.07064201e-07
1.10000000e-01 2.50000000e-01 1.10858121e-06
1.20000000e-01 2.50000000e-01 1.34811598e-06
1.30000000e-01 2.50000000e-01 1.63122519e-06
1.40000000e-01 2.50000000e-01 1.96392174e-06
1.50000000e-01 2.50000000e-01 2.35263602e-06
1.60000000e-01 2.50000000e-01 2.80415721e-06
1.70000000e-01 2.50000000e-01 3.32555265e-06
1.80000000e-01 2.50000000e-01 3.92406336e-06
1.90000000e-01 2.50000000e-01 4.60697475e-06
2.00000000e-01 2.50000000e-01 5.38146216e-06
2.10000000e-01 2.50000000e-01 6.25441171e-06
2.20000000e-01 2.50000000e-01 7.23221824e-06
2.30000000e-01 2.50000000e-01 8.32056309e-06
2.40000000e-01 2.50000000e-01 9.52417576e-06
2.50000000e-01 2.50000000e-01 1.08465850e-05
2.60000000e-01 2.50000000e-01 1.22898659e-05
2.70000000e-01 2.50000000e-01 1.38543904e-05
2.80000000e-01 2.50000000e-01 1.55385906e-05
2.90000000e-01 2.50000000e-01 1.73387444e-05
3.00000000e-01 2.50000000e-01 1.92487921e-05
3.10000000e-01 2.50000000e-01 2.12601954e-05
3.20000000e-01 2.50000000e-01 2.33618480e-05
3.30000000e-01 2.50000000e-01 2.55400458e-05
3.40000000e-01 2.50000000e-01 2.77785241e-05
3.50000000e-01 2.50000000e-01 3.00585682e-05
3.60000000e-01 2.50000000e-01 3.23591998e-05
3.70000000e-01 2.50000000e-01 3.46574400e-05
3.80000000e-01 2.50000000e-01 3.69286474e-05
3.90000000e-01 2.50000000e-01 3.91469248e-05
4.00000000e-01 2.50000000e-01 4.12855889e-05
4.10000000e-01 2.50000000e-01 4.33176884e-05
4.20000000e-01 2.50000000e-01 4.52165610e-05
4.30000000e-01 2.50000000e-01 4.69564105e-05
4.40000000e-01 2.50000000e-01 4.85128881e-05
4.50000000e-01 2.50000000e-01 4.98636594e-05
4.60000000e-01 2.50000000e-01 5.09889392e-05
4.70000000e-01 2.50000000e-01 5.18719747e-05
4.80000000e-01 2.50000000e-01 5.24994626e-05
4.90000000e-01 2.50000000e-01 5.28618835e-05
5.00000000e-01 2.50000000e-01 5.29537430e-05
5.10000000e-01 2.50000000e-01 5.27737112e-05
5.20000000e-01 2.50000000e-01 5.23246545e-05
5.30000000e-01 2.50000000e-01 5.16135593e-05
5.40000000e-01 2.50000000e-01 5.06513507e-05
5.50000000e-01 2.50000000e-01 4.94526121e-05
5.60000000e-01 2.50000000e-01 4.80352167e-05
5.70000000e-01 2.50000000e-01 4.64198828e-05
5.80000000e-01 2.50000000e-01 4.46296695e-05
5.90000000e-01 2.50000000e-01 4.26894294e-05
6.00000000e-01 2.50000000e-01 4.06252360e-05
6.10000000e-01 2.50000000e-01 3.84638059e-05
6.20000000e-01 2.50000000e-01 3.62319309e-05
6.30000000e-01 2.50000000e-01 3.39559391e-05
6.40000000e-01 2.50000000e-01 3.16611975e-05
6.50000000e-01 2.50000000e-01 2.93716704e-05
6.60000000e-01 2.50000000e-01 2.71095415e-05
6.70000000e-01 2.50000000e-01 2.48949075e-05
6.80000000e-01 2.50000000e-01 2.27455468e-05
6.90000000e-01 2.50000000e-01 2.06767634e-05
7.00000000e-01 2.50000000e-01 1.87013058e-05
7.10000000e-01 2.50000000e-01 1.68293550e-05
7.20000000e-01 2.50000000e-01 1.50685764e-05
7.30000000e-01 2.50000000e-01 1.34242278e-05
7.40000000e-01 2.50000000e-01 1.18993141e-05
7.50000000e-01 2.50000000e-01 1.04947796e-05
7.60000000e-01 2.50000000e-01 9.20972777e-06
7.70000000e-01 2.50000000e-01 8.04165983e-06
7.80000000e-01 2.50000000e-01 6.98672142e-06
7.90000000e-01 2.50000000e-01 6.03995078e-06
8.00000000e-01 2.50000000e-01 5.19552046e-06
8.10000000e-01 2.50000000e-01 4.44696653e-06
8.20000000e-01 2.50000000e-01 3.78740076e-06
8.30000000e-01 2.50000000e-01 3.20970199e-06
8.40000000e-01 2.50000000e-01 2.70668453e-06
8.50000000e-01 2.50000000e-01 2.27124222e-06
8.60000000e-01 2.50000000e-01 1.89646793e-06
8.70000000e-01 2.50000000e-01 1.57574922e-06
8.80000000e-01 2.50000000e-01 1.30284119e-06
8.90000000e-01 2.50000000e-01 1.07191858e-06
9.00000000e-01 2.50000000e-01 8.77609081e-07
9.10000000e-01 2.50000000e-01 7.15010394e-07
9.20000000e-01 2.50000000e-01 5.79693393e-07
9.30000000e-01 2.50000000e-01 4.67693952e-07
9.40000000e-01 2.50000000e-01 3.75495775e-07
9.50000000e-01 2.50000000e-01 3.00006417e-07
9.60000000e-01 2.50000000e-01 2.38528511e-07
9.70000000e-01 2.50000000e-01 1.88727910e-07
9.80000000e-01 2.50000000e-01 1.48600266e-07
9.90000000e-01 2.50000000e-01 1.16437234e-07
1.00000000e+00 2.50000000e-01 9.07933151e-08
0.00000000e+00 2.60000000e-01 1.18290569e-07
1.00000000e-02 2.60000000e-01 1.51944428e-07
2.00000000e-02 2.60000000e-01 1.94214815e-07
3.00000000e-02 2.60000000e-01 2.47024607e-07
4.00000000e-02 2.60000000e-01 3.12647883e-07
5.00000000e-02 2.60000000e-01 3.93754120e-07
6.00000000e-02 2.60000000e-01 4.93453058e-07
7.00000000e-02 2.60000000e-01 6.15338860e-07
8.00000000e-02 2.60000000e-01 7.63531850e-07
9.00000000e-02 2.60000000e-01 9.42715783e-07
1.00000000e-01 2.60000000e-01 1.15816823e-06
1.10000000e-01 2.60000000e-01 1.41578133e-06
1.20000000e-01 2.60000000e-01 1.72206997e-06
1.30000000e-01 2.60000000e-01 2.08416410e-06
1.40000000e-01 2.60000000e-01 2.50978185e-06
1.50000000e-01 2.60000000e-01 3.00718033e-06
1.60000000e-01 2.60000000e-01 3.58508066e-06
1.70000000e-01 2.60000000e-01 4.25256480e-06
1.80000000e-01 2.60000000e-01 5.01894171e-06
1.90000000e-01 2.60000000e-01 5.89358153e-06
2.00000000e-01 2.60000000e-01 6.88571717e-06
2.10000000e-01 2.60000000e-01 8.00421419e-06
2.20000000e-01 2.60000000e-01 9.25731093e-06
2.30000000e-01 2.60000000e-01 1.06523326e-05
2.40000000e-01 2.60000000e-01 1.21953844e-05
2.50000000e-01 2.60000000e-01 1.38910309e-05
2.60000000e-01 2.60000000e-01 1.57419702e-05
2.70000000e-01 2.60000000e-01 1.77487121e-05
2.80000000e-01 2.60000000e-01 1.99092728e-05
2.90000000e-01 2.60000000e-01 2.22188978e-05
3.00000000e-01 2.60000000e-01 2.46698255e-05
3.10000000e-01 2.60000000e-01 2.72511046e-05
3.20000000e-01 2.60000000e-01 2.99484779e-05
3.30000000e-01 2.60000000e-01 3.27443430e-05
3.40000000e-01 2.60000000e-01 3.56178002e-05
3.50000000e-01 2.60000000e-01 3.85447938e-05
3.60000000e-01 2.60000000e-01 4.14983518e-05
3.70000000e-01 2.60000000e-01 4.44489250e-05
3.80000000e-01 2.60000000e-01 4.73648216e-05
3.90000000e-01 2.60000000e-01 5.02127321e-05
4.00000000e-01 2.60000000e-01 5.29583337e-05
4.10000000e-01 2.60000000e-01 5.55669590e-05
4.20000000e-01 2.60000000e-01 5.80043135e-05
4.30000000e-01 2.60000000e-01 6.02372194e-05
4.40000000e-01 2.60000000e-01 6.22343653e-05
4.50000000e-01 2.60000000e-01 6.39670368e-05
4.60000000e-01 2.60000000e-01 6.54098053e-05
4.70000000e-01 2.60000000e-01 6.65411507e-05
4.80000000e-01 2.60000000e-01 6.73439980e-05
4.90000000e-01 2.60000000e-01 6.78061476e-05
5.00000000e-01 2.60000000e-01 6.79205849e-05
5.10000000e-01 2.60000000e-01 6.76856584e-05
5.20000000e-01 2.60000000e-01 6.71051192e-05
5.30000000e-01 2.60000000e-01 6.61880208e-05
5.40000000e-01 2.60000000e-01 6.49484837e-05
5.50000000e-01 2.60000000e-01 6.34053322e-05
5.60000000e-01 2.60000000e-01 6.15816175e-05
5.70000000e-01 2.60000000e-01 5.95040431e-05
5.80000000e-01 2.60000000e-01 5.72023141e-05
5.90000000e-01 2.60000000e-01 5.47084300e-05
6.00000000e-01 2.60000000e-01 5.20559478e-05
6.10000000e-01 2.60000000e-01 4.92792359e-05
6.20000000e-01 2.60000000e-01 4.64127442e-05
6.30000000e-01 2.60000000e-01 4.34903094e-05
6.40000000e-01 2.60000000e-01 4.05445172e-05
6.50000000e-01 2.60000000e-01 3.76061336e-05
6.60000000e-01 2.60000000e-01 3.47036216e-05
6.70000000e-01 2.60000000e-01 3.18627482e-05
6.80000000e-01 2.60000000e-01 2.91062895e-05
6.90000000e-01 2.60000000e-01 2.64538328e-05
7.00000000e-01 2.60000000e-01 2.39216743e-05
7.10000000e-01 2.60000000e-01 2.15228066e-05
7.20000000e-01 2.60000000e-01 1.92669886e-05
7.30000000e-01 2.60000000e-01 1.71608861e-05
7.40000000e-01 2.60000000e-01 1.52082731e-05
7.50000000e-01 2.60000000e-01 1.34102815e-05
7.60000000e-01 2.60000000e-01 1.17656847e-05
7.70000000e-01 2.60000000e-01 1.02712055e-05
7.80000000e-01 2.60000000e-01 8.92183443e-06
7.90000000e-01 2.60000000e-01 7.71114889e-06
8.00000000e-01 2.60000000e-01 6.63162399e-06
8.10000000e-01 2.60000000e-01 5.67492698e-06
8.20000000e-01 2.60000000e-01 4.83218943e-06
8.30000000e-01 2.60000000e-01 4.09425246e-06
8.40000000e-01 2.60000000e-01 3.45188222e-06
8.50000000e-01 2.60000000e-01 2.89595401e-06
8.60000000e-01 2.60000000e-01 2.41760483e-06
8.70000000e-01 2.60000000e-01 2.00835503e-06
8.80000000e-01 2.60000000e-01 1.66020103e-06
8.90000000e-01 2.60000000e-01 1.36568108e-06
9.00000000e-01 2.60000000e-01 1.11791719e-06
9.10000000e-01 2.60000000e-01 9.10636168e-07
9.20000000e-01 2.60000000e-01 7.38172940e-07
9.30000000e-01 2.60000000e-01 5.95459464e-07
9.40000000e-01 2.60000000e-01 4.78002151e-07
9.50000000e-01 2.60000000e-01 3.81850683e-07
9.60000000e-01 2.60000000e-01 3.03560763e-07
9.70000000e-01 2.60000000e-01 2.40153020e-07
9.80000000e-01 2.60000000e-01 1.89069962e-07
9.90000000e-01 2.60000000e-01 1.48132538e-07
1.00000000e+00 2.60000000e-01 1.15497568e-07
0.00000000e+00 2.70000000e-01 1.49283953e-07
1.00000000e-02 2.70000000e-01 1.91786675e-07
2.00000000e-02 2.70000000e-01 2.45182017e-07
3.00000000e-02 2.70000000e-01 3.11903920e-07
4.00000000e-02 2.70000000e-01 3.94831686e-07
5.00000000e-02 2.70000000e-01 4.97346218e-07
6.00000000e-02 2.70000000e-01 6.23387158e-07
7.00000000e-02 2.70000000e-01 7.77509173e-07
8.00000000e-02 2.70000000e-01 9.64935241e-07
9.00000000e-02 2.70000000e-01 1.19160430e-06
1.00000000e-01 2.70000000e-01 1.46421022e-06
1.10000000e-01 2.70000000e-01 1.79022861e-06
1.20000000e-01 2.70000000e-01 2.17792765e-06
1.30000000e-01 2.70000000e-01 2.63635883e-06
1.40000000e-01 2.70000000e-01 3.17532340e-06
1.50000000e-01 2.70000000e-01 3.80531024e-06
1.60000000e-01 2.70000000e-01 4.53740121e-06
1.70000000e-01 2.70000000e-01 5.38314049e-06
1.80000000e-01 2.70000000e-01 6.35436482e-06
1.90000000e-01 2.70000000e-01 7.46299305e-06
2.00000000e-01 2.70000000e-01 8.72077420e-06
2.10000000e-01 2.70000000e-01 1.01389948e-05
2.20000000e-01 2.70000000e-01 1.17281487e-05
2.30000000e-01 2.70000000e-01 1.34975728e-05
2.40000000e-01 2.70000000e-01 1.54550568e-05
2.50000000e-01 2.70000000e-01 1.76064348e-05
2.60000000e-01 2.70000000e-01 1.99551696e-05
2.70000000e-01 2.70000000e-01 2.25019430e-05
2.80000000e-01 2.70000000e-01 2.52442667e-05
2.90000000e-01 2.70000000e-01 2.81761277e-05
3.00000000e-01 2.70000000e-01 3.12876872e-05
3.10000000e-01 2.70000000e-01 3.45650472e-05
3.20000000e-01 2.70000000e-01 3.79901011e-05
3.30000000e-01 2.70000000e-01 4.15404835e-05
3.40000000e-01 2.70000000e-01 4.51896300e-05
3.50000000e-01 2.70000000e-01 4.89069565e-05
3.60000000e-01 2.70000000e-01 5.26581647e-05
3.70000000e-01 2.70000000e-01 5.64056727e-05
3.80000000e-01 2.70000000e-01 6.01091693e-05
3.90000000e-01 2.70000000e-01 6.37262824e-05
4.00000000e-01 2.70000000e-01 6.72133489e-05
4.10000000e-01 2.70000000e-01 7.05262675e-05
4.20000000e-01 2.70000000e-01 7.36214120e-05
4.30000000e-01 2.70000000e-01 7.64565804e-05
4.40000000e-01 2.70000000e-01 7.89919492e-05
4.50000000e-01 2.70000000e-01 8.11910051e-05
4.60000000e-01 2.70000000e-01 8.30214220e-05
4.70000000e-01 2.70000000e-01 8.44558544e-05
4.80000000e-01 2.70000000e-01 8.54726200e-05
4.90000000e-01 2.70000000e-01 8.60562473e-05
5.00000000e-01 2.70000000e-01 8.61978691e-05
5.10000000e-01 2.70000000e-01 8.58954474e-05
5.20000000e-01 2.70000000e-01 8.51538220e-05
5.30000000e-01 2.70000000e-01 8.39845815e-05
5.40000000e-01 2.70000000e-01 8.24057610e-05
5.50000000e-01 2.70000000e-01 8.04413770e-05
5.60000000e-01 2.70000000e-01 7.81208186e-05
5.70000000e-01 2.70000000e-01 7.54781133e-05
5.80000000e-01 2.70000000e-01 7.25510964e-05
5.90000000e-01 2.70000000e-01 6.93805097e-05
6.00000000e-01 2.70000000e-01 6.60090615e-05
6.10000000e-01 2.70000000e-01 6.24804764e-05
6.20000000e-01 2.70000000e-01 5.88385655e-05
6.30000000e-01 2.70000000e-01 5.51263434e-05
6.40000000e-01 2.70000000e-01 5.13852159e-05
6.50000000e-01 2.70000000e-01 4.76542589e-05
6.60000000e-01 2.70000000e-01 4.39696044e-05
6.70000000e-01 2.70000000e-01 4.03639430e-05
6.80000000e-01 2.70000000e-01 3.68661508e-05
6.90000000e-01 2.70000000e-01 3.35010407e-05
7.00000000e-01 2.70000000e-01 3.02892351e-05
7.10000000e-01 2.70000000e-01 2.72471528e-05
7.20000000e-01 2.70000000e-01 2.43871005e-05
7.30000000e-01 2.70000000e-01 2.17174544e-05
7.40000000e-01 2.70000000e-01 1.92429192e-05
7.50000000e-01 2.70000000e-01 1.69648462e-05
7.60000000e-01 2.70000000e-01 1.48815971e-05
7.70000000e-01 2.70000000e-01 1.29889362e-05
7.80000000e-01 2.70000000e-01 1.12804355e-05
7.90000000e-01 2.70000000e-01 9.74788186e-06
8.00000000e-01 2.70000000e-01 8.38167180e-06
8.10000000e-01 2.70000000e-01 7.17118561e-06
8.20000000e-01 2.70000000e-01 6.10513284e-06
8.30000000e-01 2.70000000e-01 5.17186331e-06
8.40000000e-01 2.70000000e-01 4.35964001e-06
8.50000000e-01 2.70000000e-01 3.65687213e-06
8.60000000e-01 2.70000000e-01 3.05230770e-06
8.70000000e-01 2.70000000e-01 2.53518715e-06
8.80000000e-01 2.70000000e-01 2.09535988e-06
8.90000000e-01 2.70000000e-01 1.72336686e-06
9.00000000e-01 2.70000000e-01 1.41049283e-06
9.10000000e-01 2.70000000e-01 1.14879215e-06
9.20000000e-01 2.70000000e-01 9.31092273e-07
9.30000000e-01 2.70000000e-01 7.50978943e-07
9.40000000e-01 2.70000000e-01 6.02767008e-07
9.50000000e-01 2.70000000e-01 4.81460377e-07
9.60000000e-01 2.70000000e-01 3.82704386e-07
9.70000000e-01 2.70000000e-01 3.02733381e-07
9.80000000e-01 2.70000000e-01 2.38315906e-07
9.90000000e-01 2.70000000e-01 1.86699482e-07
1.00000000e+00 2.70000000e-01 1.45556528e-07
0.00000000e+00 2.80000000e-01 1.86604552e-07
1.00000000e-02 2.80000000e-01 2.39764503e-07
2.00000000e-02 2.80000000e-01 3.06558947e-07
3.00000000e-02 2.80000000e-01 3.90037660e-07
4.00000000e-02 2.80000000e-01 4.93809291e-07
5.00000000e-02 2.80000000e-01 6.22112137e-07
6.00000000e-02 2.80000000e-01 7.79886079e-07
7.00000000e-02 2.80000000e-01 9.72843517e-07
8.00000000e-02 2.80000000e-01 1.20753659e-06
9.00000000e-02 2.80000000e-01 1.49141735e-06
1.00000000e-01 2.80000000e-01 1.83288715e-06
1.10000000e-01 2.80000000e-01 2.24133073e-06
1.20000000e-01 2.80000000e-01 2.72713031e-06
1.30000000e-01 2.80000000e-01 3.30165447e-06
1.40000000e-01 2.80000000e-01 3.97721648e-06
1.50000000e-01 2.80000000e-01 4.76699679e-06
1.60000000e-01 2.80000000e-01 5.68492456e-06
1.70000000e-01 2.80000000e-01 6.74551380e-06
1.80000000e-01 2.80000000e-01 7.96365050e-06
1.90000000e-01 2.80000000e-01 9.35432825e-06
2.00000000e-01 2.80000000e-01 1.09323317e-05
2.10000000e-01 2.80000000e-01 1.27118686e-05
2.20000000e-01 2.80000000e-01 1.47061545e-05
2.30000000e-01 2.80000000e-01 1.69269544e-05
2.40000000e-01 2.80000000e-01 1.93840915e-05
2.50000000e-01 2.80000000e-01 2.20849330e-05
2.60000000e-01 2.80000000e-01 2.50338661e-05
2.70000000e-01 2.80000000e-01 2.82317824e-05
2.80000000e-01 2.80000000e-01 3.16755863e-05
2.90000000e-01 2.80000000e-01 3.53577492e-05
3.00000000e-01 2.80000000e-01 3.92659282e-05
3.10000000e-01 2.80000000e-01 4.33826722e-05
3.20000000e-01 2.80000000e-01 4.76852328e-05
3.30000000e-01 2.80000000e-01 5.21454998e-05
3.40000000e-01 2.80000000e-01 5.67300760e-05
3.50000000e-01 2.80000000e-01 6.14005030e-05
3.60000000e-01 2.80000000e-01 6.61136443e-05
3.70000000e-01 2.80000000e-01 7.08222281e-05
3.80000000e-01 2.80000000e-01 7.54755449e-05
3.90000000e-01 2.80000000e-01 8.00202895e-05
4.00000000e-01 2.80000000e-01 8.44015308e-05
4.10000000e-01 2.80000000e-01 8.85637860e-05
4.20000000e-01 2.80000000e-01 9.24521715e-05
4.30000000e-01 2.80000000e-01 9.60135984e-05
4.40000000e-01 2.80000000e-01 9.91979749e-05
4.50000000e-01 2.80000000e-01 1.01959380e-04
4.60000000e-01 2.80000000e-01 1.04257167e-04
4.70000000e-01 2.80000000e-01 1.06056966e-04
4.80000000e-01 2.80000000e-01 1.07331537e-04
4.90000000e-01 2.80000000e-01 1.08061465e-04
5.00000000e-01 2.80000000e-01 1.08235651e-04
5.10000000e-01 2.80000000e-01 1.07851594e-04
5.20000000e-01 2.80000000e-01 1.06915452e-04
5.30000000e-01 2.80000000e-01 1.05441875e-04
5.40000000e-01 2.80000000e-01 1.03453626e-04
5.50000000e-01 2.80000000e-01 1.00980989e-04
5.60000000e-01 2.80000000e-01 9.80610027e-05
5.70000000e-01 2.80000000e-01 9.47365340e-05
5.80000000e-01 2.80000000e-01 9.10552293e-05
5.90000000e-01 2.80000000e-01 8.70683791e-05
6.00000000e-01 2.80000000e-01 8.28297329e-05
6.10000000e-01 2.80000000e-01 7.83943029e-05
6.20000000e-01 2.80000000e-01 7.38171930e-05
6.30000000e-01 2.80000000e-01 6.91524879e-05
6.40000000e-01 2.80000000e-01 6.44522317e-05
6.50000000e-01 2.80000000e-01 5.97655217e-05
6.60000000e-01 2.80000000e-01 5.51377372e-05
6.70000000e-01 2.80000000e-01 5.06099162e-05
6.80000000e-01 2.80000000e-01 4.62182883e-05
6.90000000e-01 2.80000000e-01 4.19939645e-05
7.00000000e-01 2.80000000e-01 3.79627800e-05
7.10000000e-01 2.80000000e-01 3.41452804e-05
7.20000000e-01 2.80000000e-01 3.05568400e-05
7.30000000e-01 2.80000000e-01 2.72078926e-05
7.40000000e-01 2.80000000e-01 2.41042594e-05
7.50000000e-01 2.80000000e-01 2.12475517e-05
7.60000000e-01 2.80000000e-01 1.86356300e-05
7.70000000e-01 2.80000000e-01 1.62630979e-05
7.80000000e-01 2.80000000e-01 1.41218132e-05
7.90000000e-01 2.80000000e-01 1.22014003e-05
8.00000000e-01 2.80000000e-01 1.04897459e-05
8.10000000e-01 2.80000000e-01 8.97347038e-06
8.20000000e-01 2.80000000e-01 7.63836079e-06
8.30000000e-01 2.80000000e-01 6.46976149e-06
8.40000000e-01 2.80000000e-01 5.45291625e-06
8.50000000e-01 2.80000000e-01 4.57326006e-06
8.60000000e-01 2.80000000e-01 3.81666027e-06
8.70000000e-01 2.80000000e-01 3.16960838e-06
8.80000000e-01 2.80000000e-01 2.61936547e-06
8.90000000e-01 2.80000000e-01 2.15406489e-06
9.00000000e-01 2.80000000e-01 1.76277691e-06
9.10000000e-01 2.80000000e-01 1.43554029e-06
9.20000000e-01 2.80000000e-01 1.16336581e-06
9.30000000e-01 2.80000000e-01 9.38217097e-07
9.40000000e-01 2.80000000e-01 7.52973309e-07
9.50000000e-01 2.80000000e-01 6.01378439e-07
9.60000000e-01 2.80000000e-01 4.77981123e-07
9.70000000e-01 2.80000000e-01 3.78068562e-07
9.80000000e-01 2.80000000e-01 2.97597516e-07
9.90000000e-01 2.80000000e-01 2.33124859e-07
1.00000000e+00 2.80000000e-01 1.81739634e-07
0.00000000e+00 2.90000000e-01 2.31039687e-07
1.00000000e-02 2.90000000e-01 2.96887951e-07
2.00000000e-02 2.90000000e-01 3.79634956e-07
3.00000000e-02 2.90000000e-01 4.83063587e-07
4.00000000e-02 2.90000000e-01 6.11650720e-07
5.00000000e-02 2.90000000e-01 7.70655283e-07
6.00000000e-02 2.90000000e-01 9.66207817e-07
7.00000000e-02 2.90000000e-01 1.20539884e-06
8.00000000e-02 2.90000000e-01 1.49636262e-06
9.00000000e-02 2.90000000e-01 1.84835233e-06
1.00000000e-01 2.90000000e-01 2.27180171e-06
1.10000000e-01 2.90000000e-01 2.77836789e-06
1.20000000e-01 2.90000000e-01 3.38094934e-06
1.30000000e-01 2.90000000e-01 4.09367254e-06
1.40000000e-01 2.90000000e-01 4.93184062e-06
1.50000000e-01 2.90000000e-01 5.91183753e-06
1.60000000e-01 2.90000000e-01 7.05098119e-06
1.70000000e-01 2.90000000e-01 8.36732023e-06
1.80000000e-01 2.90000000e-01 9.87936960e-06
1.90000000e-01 2.90000000e-01 1.16057822e-05
2.00000000e-01 2.90000000e-01 1.35649553e-05
2.10000000e-01 2.90000000e-01 1.57745731e-05
2.20000000e-01 2.90000000e-01 1.82510901e-05
2.30000000e-01 2.90000000e-01 2.10091606e-05
2.40000000e-01 2.90000000e-01 2.40610277e-05
2.50000000e-01 2.90000000e-01 2.74158823e-05
2.60000000e-01 2.90000000e-01 3.10792117e-05
2.70000000e-01 2.90000000e-01 3.50521562e-05
2.80000000e-01 2.90000000e-01 3.93308973e-05
2.90000000e-01 2.90000000e-01 4.39061016e-05
3.00000000e-01 2.90000000e-01 4.87624459e-05
3.10000000e-01 2.90000000e-01 5.38782499e-05
3.20000000e-01 2.90000000e-01 5.92252402e-05
3.30000000e-01 2.90000000e-01 6.47684695e-05
3.40000000e-01 2.90000000e-01 7.04664086e-05
3.50000000e-01 2.90000000e-01 7.62712273e-05
3.60000000e-01 2.90000000e-01 8.21292706e-05
3.70000000e-01 2.90000000e-01 8.79817344e-05
3.80000000e-01 2.90000000e-01 9.37655341e-05
3.90000000e-01 2.90000000e-01 9.94143532e-05
4.00000000e-01 2.90000000e-01 1.04859850e-04
4.10000000e-01 2.90000000e-01 1.10032997e-04
4.20000000e-01 2.90000000e-01 1.14865513e-04
4.30000000e-01 2.90000000e-01 1.19291353e-04
4.40000000e-01 2.90000000e-01 1.23248203e-04
4.50000000e-01 2.90000000e-01 1.26678947e-04
4.60000000e-01 2.90000000e-01 1.29533037e-04
4.70000000e-01 2.90000000e-01 1.31767738e-04
4.80000000e-01 2.90000000e-01 1.33349200e-04
4.90000000e-01 2.90000000e-01 1.34253312e-04
5.00000000e-01 2.90000000e-01 1.34466317e-04
5.10000000e-01 2.90000000e-01 1.33985165e-04
5.20000000e-01 2.90000000e-01 1.32817578e-04
5.30000000e-01 2.90000000e-01 1.30981852e-04
5.40000000e-01 2.90000000e-01 1.28506372e-04
5.50000000e-01 2.90000000e-01 1.25428881e-04
5.60000000e-01 2.90000000e-01 1.21795522e-04
5.70000000e-01 2.90000000e-01 1.17659679e-04
5.80000000e-01 2.90000000e-01 1.13080675e-04
5.90000000e-01 2.90000000e-01 1.08122353e-04
6.00000000e-01 2.90000000e-01 1.02851603e-04
6.10000000e-01 2.90000000e-01 9.73368706e-05
6.20000000e-01 2.90000000e-01 9.16466992e-05
6.30000000e-01 2.90000000e-01 8.58483488e-05
6.40000000e-01 2.90000000e-01 8.00065250e-05
6.50000000e-01 2.90000000e-01 7.41822524e-05
6.60000000e-01 2.90000000e-01 6.84319170e-05
6.70000000e-01 2.90000000e-01 6.28064925e-05
6.80000000e-01 2.90000000e-01 5.73509617e-05
6.90000000e-01 2.90000000e-01 5.21039327e-05
7.00000000e-01 2.90000000e-01 4.70974458e-05
7.10000000e-01 2.90000000e-01 4.23569605e-05
7.20000000e-01 2.90000000e-01 3.79015030e-05
7.30000000e-01 2.90000000e-01 3.37439578e-05
7.40000000e-01 2.90000000e-01 2.98914764e-05
7.50000000e-01 2.90000000e-01 2.63459812e-05
7.60000000e-01 2.90000000e-01 2.31047371e-05
7.70000000e-01 2.90000000e-01 2.01609677e-05
7.80000000e-01 2.90000000e-01 1.75044918e-05
7.90000000e-01 2.90000000e-01 1.51223604e-05
8.00000000e-01 2.90000000e-01 1.29994745e-05
8.10000000e-01 2.90000000e-01 1.11191696e-05
8.20000000e-01 2.90000000e-01 9.46375504e-06
8.30000000e-01 2.90000000e-01 8.01499836e-06
8.40000000e-01 2.90000000e-01 6.75454995e-06
8.50000000e-01 2.90000000e-01 5.66430493e-06
8.60000000e-01 2.90000000e-01 4.72670194e-06
8.70000000e-01 2.90000000e-01 3.92496054e-06
8.80000000e-01 2.90000000e-01 3.24326089e-06
8.90000000e-01 2.90000000e-01 2.66687049e-06
9.00000000e-01 2.90000000e-01 2.18222360e-06
9.10000000e-01 2.90000000e-01 1.77695960e-06
9.20000000e-01 2.90000000e-01 1.43992672e-06
9.30000000e-01 2.90000000e-01 1.16115752e-06
9.40000000e-01 2.90000000e-01 9.31822041e-07
9.50000000e-01 2.90000000e-01 7.44164352e-07
9.60000000e-01 2.90000000e-01 5.91427464e-07
9.70000000e-01 2.90000000e-01 4.67770969e-07
9.80000000e-01 2.90000000e-01 3.68185159e-07
9.90000000e-01 2.90000000e-01 2.88404643e-07
1.00000000e+00 2.90000000e-01 2.24823902e-07
0.00000000e+00 3.00000000e-01 2.83343409e-07
1.00000000e-02 3.00000000e-01 3.64122795e-07
2.00000000e-02 3.00000000e-01 4.65640812e-07
3.00000000e-02 3.00000000e-01 5.92542332e-07
4.00000000e-02 3.00000000e-01 7.50324986e-07
5.00000000e-02 3.00000000e-01 9.45447515e-07
6.00000000e-02 3.00000000e-01 1.18544000e-06
7.00000000e-02 3.00000000e-01 1.47901268e-06
8.00000000e-02 3.00000000e-01 1.83615915e-06
9.00000000e-02 3.00000000e-01 2.26824897e-06
1.00000000e-01 3.00000000e-01 2.78810385e-06
1.10000000e-01 3.00000000e-01 3.41005057e-06
1.20000000e-01 3.00000000e-01 4.14994343e-06
1.30000000e-01 3.00000000e-01 5.02514823e-06
1.40000000e-01 3.00000000e-01 6.05447954e-06
1.50000000e-01 3.00000000e-01 7.25808322e-06
1.60000000e-01 3.00000000e-01 8.65725624e-06
1.70000000e-01 3.00000000e-01 1.02741970e-05
1.80000000e-01 3.00000000e-01 1.21316807e-05
1.90000000e-01 3.00000000e-01 1.42526551e-05
2.00000000e-01 3.00000000e-01 1.66597575e-05
2.10000000e-01 3.00000000e-01 1.93747515e-05
2.20000000e-01 3.00000000e-01 2.24178912e-05
2.30000000e-01 3.00000000e-01 2.58072203e-05
2.40000000e-01 3.00000000e-01 2.95578190e-05
2.50000000e-01 3.00000000e-01 3.36810155e-05
2.60000000e-01 3.00000000e-01 3.81835843e-05
2.70000000e-01 3.00000000e-01 4.30669536e-05
2.80000000e-01 3.00000000e-01 4.83264520e-05
2.90000000e-01 3.00000000e-01 5.39506234e-05
3.00000000e-01 3.00000000e-01 5.99206422e-05
3.10000000e-01 3.00000000e-01 6.62098598e-05
3.20000000e-01 3.00000000e-01 7.27835145e-05
3.30000000e-01 3.00000000e-01 7.95986305e-05
3.40000000e-01 3.00000000e-01 8.66041314e-05
3.50000000e-01 3.00000000e-01 9.37411843e-05
3.60000000e-01 3.00000000e-01 1.00943787e-04
3.70000000e-01 3.00000000e-01 1.08139599e-04
3.80000000e-01 3.00000000e-01 1.15251009e-04
3.90000000e-01 3.00000000e-01 1.22196430e-04
4.00000000e-01 3.00000000e-01 1.28891779e-04
4.10000000e-01 3.00000000e-01 1.35252132e-04
4.20000000e-01 3.00000000e-01 1.41193480e-04
4.30000000e-01 3.00000000e-01 1.46634572e-04
4.40000000e-01 3.00000000e-01 1.51498749e-04
4.50000000e-01 3.00000000e-01 1.55715751e-04
4.60000000e-01 3.00000000e-01 1.59223405e-04
4.70000000e-01 3.00000000e-01 1.61969158e-04
4.80000000e-01 3.00000000e-01 1.63911394e-04
4.90000000e-01 3.00000000e-01 1.65020484e-04
5.00000000e-01 3.00000000e-01 1.65279546e-04
5.10000000e-01 3.00000000e-01 1.64684874e-04
5.20000000e-01 3.00000000e-01 1.63246022e-04
5.30000000e-01 3.00000000e-01 1.60985552e-04
5.40000000e-01 3.00000000e-01 1.57938443e-04
5.50000000e-01 3.00000000e-01 1.54151182e-04
5.60000000e-01 3.00000000e-01 1.49680589e-04
5.70000000e-01 3.00000000e-01 1.44592387e-04
5.80000000e-01 3.00000000e-01 1.38959596e-04
5.90000000e-01 3.00000000e-01 1.32860790e-04
6.00000000e-01 3.00000000e-01 1.26378279e-04
6.10000000e-01 3.00000000e-01 1.19596275e-04
6.20000000e-01 3.00000000e-01 1.12599099e-04
6.30000000e-01 3.00000000e-01 1.05469477e-04
6.40000000e-01 3.00000000e-01 9.82869819e-05
6.50000000e-01 3.00000000e-01 9.11266461e-05
6.60000000e-01 3.00000000e-01 8.40577839e-05
6.70000000e-01 3.00000000e-01 7.71430417e-05
6.80000000e-01 3.00000000e-01 7.04376881e-05
6.90000000e-01 3.00000000e-01 6.39891438e-05
7.00000000e-01 3.00000000e-01 5.78367463e-05
7.10000000e-01 3.00000000e-01 5.20117353e-05
7.20000000e-01 3.00000000e-01 4.65374377e-05
7.30000000e-01 3.00000000e-01 4.14296267e-05
7.40000000e-01 3.00000000e-01 3.66970277e-05
7.50000000e-01 3.00000000e-01 3.23419389e-05
7.60000000e-01 3.00000000e-01 2.83609361e-05
7.70000000e-01 3.00000000e-01 2.47456314e-05
7.80000000e-01 3.00000000e-01 2.14834571e-05
7.90000000e-01 3.00000000e-01 1.85584493e-05
8.00000000e-01 3.00000000e-01 1.59520080e-05
8.10000000e-01 3.00000000e-01 1.36436161e-05
8.20000000e-01 3.00000000e-01 1.16115020e-05
8.30000000e-01 3.00000000e-01 9.83323484e-06
8.40000000e-01 3.00000000e-01 8.28624614e-06
8.50000000e-01 3.00000000e-01 6.94827414e-06
8.60000000e-01 3.00000000e-01 5.79773022e-06
8.70000000e-01 3.00000000e-01 4.81399014e-06
8.80000000e-01 3.00000000e-01 3.97761407e-06
8.90000000e-01 3.00000000e-01 3.27050165e-06
9.00000000e-01 3.00000000e-01 2.67598887e-06
9.10000000e-01 3.00000000e-01 2.17889461e-06
9.20000000e-01 3.00000000e-01 1.76552459e-06
9.30000000e-01 3.00000000e-01 1.42364074e-06
9.40000000e-01 3.00000000e-01 1.14240314e-06
9.50000000e-01 3.00000000e-01 9.12291756e-07
9.60000000e-01 3.00000000e-01 7.25013779e-07
9.70000000e-01 3.00000000e-01 5.73402258e-07
9.80000000e-01 3.00000000e-01 4.51310371e-07
9.90000000e-01 3.00000000e-01 3.53505180e-07
1.00000000e+00 3.00000000e-01 2.75563801e-07
0.00000000e+00 3.10000000e-01 3.44196485e-07
1.00000000e-02 3.10000000e-01 4.42338784e-07
2.00000000e-02 3.10000000e-01 5.65682052e-07
3.00000000e-02 3.10000000e-01 7.19872004e-07
4.00000000e-02 3.10000000e-01 9.11591228e-07
5.00000000e-02 3.10000000e-01 1.14869101e-06
6.00000000e-02 3.10000000e-01 1.44032550e-06
7.00000000e-02 3.10000000e-01 1.79708408e-06
8.00000000e-02 3.10000000e-01 2.23111708e-06
9.00000000e-02 3.10000000e-01 2.75624855e-06
1.00000000e-01 3.10000000e-01 3.38806901e-06
1.10000000e-01 3.10000000e-01 4.14400010e-06
1.20000000e-01 3.10000000e-01 5.04332204e-06
1.30000000e-01 3.10000000e-01 6.10715438e-06
1.40000000e-01 3.10000000e-01 7.35837997e-06
1.50000000e-01 3.10000000e-01 8.82150220e-06
1.60000000e-01 3.10000000e-01 1.05224262e-05
1.70000000e-01 3.10000000e-01 1.24881551e-05
1.80000000e-01 3.10000000e-01 1.47463956e-05
1.90000000e-01 3.10000000e-01 1.73250664e-05
2.00000000e-01 3.10000000e-01 2.02517102e-05
2.10000000e-01 3.10000000e-01 2.35528090e-05
2.20000000e-01 3.10000000e-01 2.72530108e-05
2.30000000e-01 3.10000000e-01 3.13742761e-05
2.40000000e-01 3.10000000e-01 3.59349621e-05
2.50000000e-01 3.10000000e-01 4.09488635e-05
2.60000000e-01 3.10000000e-01 4.64242356e-05
2.70000000e-01 3.10000000e-01 5.23628308e-05
2.80000000e-01 3.10000000e-01 5.87589812e-05
2.90000000e-01 3.10000000e-01 6.55987647e-05
3.00000000e-01 3.10000000e-01 7.28592927e-05
3.10000000e-01 3.10000000e-01 8.05081586e-05
3.20000000e-01 3.10000000e-01 8.85030834e-05
3.30000000e-01 3.10000000e-01 9.67917933e-05
3.40000000e-01 3.10000000e-01 1.05312157e-04
3.50000000e-01 3.10000000e-01 1.13992604e-04
3.60000000e-01 3.10000000e-01 1.22752841e-04
3.70000000e-01 3.10000000e-01 1.31504858e-04
3.80000000e-01 3.10000000e-01 1.40154235e-04
3.90000000e-01 3.10000000e-01 1.48601709e-04
4.00000000e-01 3.10000000e-01 1.56744983e-04
4.10000000e-01 3.10000000e-01 1.64480734e-04
4.20000000e-01 3.10000000e-01 1.71706757e-04
4.30000000e-01 3.10000000e-01 1.78324199e-04
4.40000000e-01 3.10000000e-01 1.84239799e-04
4.50000000e-01 3.10000000e-01 1.89368082e-04
4.60000000e-01 3.10000000e-01 1.93633417e-04
4.70000000e-01 3.10000000e-01 1.96971880e-04
4.80000000e-01 3.10000000e-01 1.99332855e-04
4.90000000e-01 3.10000000e-01 2.00680318e-04
5.00000000e-01 3.10000000e-01 2.00993754e-04
5.10000000e-01 3.10000000e-01 2.00268681e-04
5.20000000e-01 3.10000000e-01 1.98516754e-04
5.30000000e-01 3.10000000e-01 1.95765453e-04
5.40000000e-01 3.10000000e-01 1.92057367e-04
5.50000000e-01 3.10000000e-01 1.87449085e-04
5.60000000e-01 3.10000000e-01 1.82009763e-04
5.70000000e-01 3.10000000e-01 1.75819389e-04
5.80000000e-01 3.10000000e-01 1.68966821e-04
5.90000000e-01 3.10000000e-01 1.61547671e-04
6.00000000e-01 3.10000000e-01 1.53662089e-04
6.10000000e-01 3.10000000e-01 1.45412530e-04
6.20000000e-01 3.10000000e-01 1.36901575e-04
6.30000000e-01 3.10000000e-01 1.28229862e-04
6.40000000e-01 3.10000000e-01 1.19494178e-04
6.50000000e-01 3.10000000e-01 1.10785783e-04
6.60000000e-01 3.10000000e-01 1.02188974e-04
6.70000000e-01 3.10000000e-01 9.37799289e-05
6.80000000e-01 3.10000000e-01 8.56258464e-05
6.90000000e-01 3.10000000e-01 7.77843738e-05
7.00000000e-01 3.10000000e-01 7.03033226e-05
7.10000000e-01 3.10000000e-01 6.32206516e-05
7.20000000e-01 3.10000000e-01 5.65646935e-05
7.30000000e-01 3.10000000e-01 5.03545929e-05
7.40000000e-01 3.10000000e-01 4.46009227e-05
7.50000000e-01 3.10000000e-01 3.93064399e-05
7.60000000e-01 3.10000000e-01 3.44669440e-05
7.70000000e-01 3.10000000e-01 3.00722006e-05
7.80000000e-01 3.10000000e-01 2.61068951e-05
7.90000000e-01 3.10000000e-01 2.25515862e-05
8.00000000e-01 3.10000000e-01 1.93836310e-05
8.10000000e-01 3.10000000e-01 1.65780591e-05
8.20000000e-01 3.10000000e-01 1.41083786e-05
8.30000000e-01 3.10000000e-01 1.19472998e-05
8.40000000e-01 3.10000000e-01 1.00673695e-05
8.50000000e-01 3.10000000e-01 8.44151068e-06
8.60000000e-01 3.10000000e-01 7.04346807e-06
8.70000000e-01 3.10000000e-01 5.84816170e-06
8.80000000e-01 3.10000000e-01 4.83195414e-06
8.90000000e-01 3.10000000e-01 3.97283854e-06
9.00000000e-01 3.10000000e-01 3.25055613e-06
9.10000000e-01 3.10000000e-01 2.64665235e-06
9.20000000e-01 3.10000000e-01 2.14448137e-06
9.30000000e-01 3.10000000e-01 1.72916848e-06
9.40000000e-01 3.10000000e-01 1.38753931e-06
9.50000000e-01 3.10000000e-01 1.10802433e-06
9.60000000e-01 3.10000000e-01 8.80546160e-07
9.70000000e-01 3.10000000e-01 6.96396043e-07
9.80000000e-01 3.10000000e-01 5.48105272e-07
9.90000000e-01 3.10000000e-01 4.29315913e-07
1.00000000e+00 3.10000000e-01 3.34654528e-07
0.00000000e+00 3.20000000e-01 4.14160576e-07
1.00000000e-02 3.20000000e-01 5.32250493e-07
2.00000000e-02 3.20000000e-01 6.80663003e-07
3.00000000e-02 3.20000000e-01 8.66191052e-07
4.00000000e-02 3.20000000e-01 1.09687511e-06
5.00000000e-02 3.20000000e-01 1.38216179e-06
6.00000000e-02 3.20000000e-01 1.73306521e-06
7.00000000e-02 3.20000000e-01 2.16232632e-06
8.00000000e-02 3.20000000e-01 2.68456405e-06
9.00000000e-02 3.20000000e-01 3.31641104e-06
1.00000000e-01 3.20000000e-01 4.07662518e-06
1.10000000e-01 3.20000000e-01 4.98616740e-06
1.20000000e-01 3.20000000e-01 6.06823465e-06
1.30000000e-01 3.20000000e-01 7.34823673e-06
1.40000000e-01 3.20000000e-01 8.85370479e-06
1.50000000e-01 3.20000000e-01 1.06141196e-05
1.60000000e-01 3.20000000e-01 1.26606481e-05
1.70000000e-01 3.20000000e-01 1.50257783e-05
1.80000000e-01 3.20000000e-01 1.77428442e-05
1.90000000e-01 3.20000000e-01 2.08454349e-05
2.00000000e-01 3.20000000e-01 2.43666866e-05
2.10000000e-01 3.20000000e-01 2.83384596e-05
2.20000000e-01 3.20000000e-01 3.27904070e-05
2.30000000e-01 3.20000000e-01 3.77489487e-05
2.40000000e-01 3.20000000e-01 4.32361691e-05
2.50000000e-01 3.20000000e-01 4.92686630e-05
2.60000000e-01 3.20000000e-01 5.58563611e-05
2.70000000e-01 3.20000000e-01 6.30013700e-05
2.80000000e-01 3.20000000e-01 7.06968689e-05
2.90000000e-01 3.20000000e-01 7.89261065e-05
3.00000000e-01 3.20000000e-01 8.76615438e-05
3.10000000e-01 3.20000000e-01 9.68641908e-05
3.20000000e-01 3.20000000e-01 1.06483180e-04
3.30000000e-01 3.20000000e-01 1.16455621e-04
3.40000000e-01 3.20000000e-01 1.26706760e-04
3.50000000e-01 3.20000000e-01 1.37150493e-04
3.60000000e-01 3.20000000e-01 1.47690215e-04
3.70000000e-01 3.20000000e-01 1.58220044e-04
3.80000000e-01 3.20000000e-01 1.68626381e-04
3.90000000e-01 3.20000000e-01 1.78789804e-04
4.00000000e-01 3.20000000e-01 1.88587241e-04
4.10000000e-01 3.20000000e-01 1.97894381e-04
4.20000000e-01 3.20000000e-01 2.06588265e-04
4.30000000e-01 3.20000000e-01 2.14549959e-04
4.40000000e-01 3.20000000e-01 2.21667263e-04
4.50000000e-01 3.20000000e-01 2.27837342e-04
4.60000000e-01 3.20000000e-01 2.32969201e-04
4.70000000e-01 3.20000000e-01 2.36985933e-04
4.80000000e-01 3.20000000e-01 2.39826641e-04
4.90000000e-01 3.20000000e-01 2.41447980e-04
5.00000000e-01 3.20000000e-01 2.41825268e-04
5.10000000e-01 3.20000000e-01 2.40953107e-04
5.20000000e-01 3.20000000e-01 2.38845518e-04
5.30000000e-01 3.20000000e-01 2.35535559e-04
5.40000000e-01 3.20000000e-01 2.31074463e-04
5.50000000e-01 3.20000000e-01 2.25530311e-04
5.60000000e-01 3.20000000e-01 2.18986300e-04
5.70000000e-01 3.20000000e-01 2.11538660e-04
5.80000000e-01 3.20000000e-01 2.03294296e-04
5.90000000e-01 3.20000000e-01 1.94368235e-04
6.00000000e-01 3.20000000e-01 1.84880965e-04
6.10000000e-01 3.20000000e-01 1.74955753e-04
6.20000000e-01 3.20000000e-01 1.64716013e-04
6.30000000e-01 3.20000000e-01 1.54282822e-04
6.40000000e-01 3.20000000e-01 1.43772629e-04
6.50000000e-01 3.20000000e-01 1.33295232e-04
6.60000000e-01 3.20000000e-01 1.22952050e-04
6.70000000e-01 3.20000000e-01 1.12834738e-04
6.80000000e-01 3.20000000e-01 1.03024148e-04
6.90000000e-01 3.20000000e-01 9.35896392e-05
7.00000000e-01 3.20000000e-01 8.45887401e-05
7.10000000e-01 3.20000000e-01 7.60671237e-05
7.20000000e-01 3.20000000e-01 6.80588822e-05
7.30000000e-01 3.20000000e-01 6.05870536e-05
7.40000000e-01 3.20000000e-01 5.36643627e-05
7.50000000e-01 3.20000000e-01 4.72941309e-05
7.60000000e-01 3.20000000e-01 4.14713083e-05
7.70000000e-01 3.20000000e-01 3.61835852e-05
7.80000000e-01 3.20000000e-01 3.14125394e-05
7.90000000e-01 3.20000000e-01 2.71347831e-05
8.00000000e-01 3.20000000e-01 2.33230762e-05
8.10000000e-01 3.20000000e-01 1.99473778e-05
8.20000000e-01 3.20000000e-01 1.69758160e-05
8.30000000e-01 3.20000000e-01 1.43755586e-05
8.40000000e-01 3.20000000e-01 1.21135760e-05
8.50000000e-01 3.20000000e-01 1.01572913e-05
8.60000000e-01 3.20000000e-01 8.47511569e-06
8.70000000e-01 3.20000000e-01 7.03687407e-06
8.80000000e-01 3.20000000e-01 5.81412680e-06
8.90000000e-01 3.20000000e-01 4.78039588e-06
9.00000000e-01 3.20000000e-01 3.91130632e-06
9.10000000e-01 3.20000000e-01 3.18465378e-06
9.20000000e-01 3.20000000e-01 2.58041004e-06
9.30000000e-01 3.20000000e-01 2.08067775e-06
9.40000000e-01 3.20000000e-01 1.66960532e-06
9.50000000e-01 3.20000000e-01 1.33327205e-06
9.60000000e-01 3.20000000e-01 1.05955253e-06
9.70000000e-01 3.20000000e-01 8.37968101e-07
9.80000000e-01 3.20000000e-01 6.59532085e-07
9.90000000e-01 3.20000000e-01 5.16594314e-07
1.00000000e+00 3.20000000e-01 4.02689173e-07
0.00000000e+00 3.30000000e-01 4.93628113e-07
1.00000000e-02 3.30000000e-01 6.34352765e-07
2.00000000e-02 3.30000000e-01 8.11204039e-07
3.00000000e-02 3.30000000e-01 1.03227273e-06
4.00000000e-02 3.30000000e-01 1.30713489e-06
5.00000000e-02 3.30000000e-01 1.64704052e-06
6.00000000e-02 3.30000000e-01 2.06510549e-06
7.00000000e-02 3.30000000e-01 2.57650104e-06
8.00000000e-02 3.30000000e-01 3.19863344e-06
9.00000000e-02 3.30000000e-01 3.95130528e-06
1.00000000e-01 3.30000000e-01 4.85684797e-06
1.10000000e-01 3.30000000e-01 5.94021392e-06
1.20000000e-01 3.30000000e-01 7.22901556e-06
1.30000000e-01 3.30000000e-01 8.75349727e-06
1.40000000e-01 3.30000000e-01 1.05464261e-05
1.50000000e-01 3.30000000e-01 1.26428872e-05
1.60000000e-01 3.30000000e-01 1.50799695e-05
1.70000000e-01 3.30000000e-01 1.78963316e-05
1.80000000e-01 3.30000000e-01 2.11316354e-05
1.90000000e-01 3.30000000e-01 2.48258431e-05
2.00000000e-01 3.30000000e-01 2.90183748e-05
2.10000000e-01 3.30000000e-01 3.37471287e-05
2.20000000e-01 3.30000000e-01 3.90473734e-05
2.30000000e-01 3.30000000e-01 4.49505274e-05
2.40000000e-01 3.30000000e-01 5.14828473e-05
2.50000000e-01 3.30000000e-01 5.86640560e-05
2.60000000e-01 3.30000000e-01 6.65059452e-05
2.70000000e-01 3.30000000e-01 7.50109961e-05
2.80000000e-01 3.30000000e-01 8.41710678e-05
2.90000000e-01 3.30000000e-01 9.39662045e-05
3.00000000e-01 3.30000000e-01 1.04363616e-04
3.10000000e-01 3.30000000e-01 1.15316892e-04
3.20000000e-01 3.30000000e-01 1.26765490e-04
3.30000000e-01 3.30000000e-01 1.38634568e-04
3.40000000e-01 3.30000000e-01 1.50835176e-04
3.50000000e-01 3.30000000e-01 1.63264858e-04
3.60000000e-01 3.30000000e-01 1.75808674e-04
3.70000000e-01 3.30000000e-01 1.88340648e-04
3.80000000e-01 3.30000000e-01 2.00725626e-04
3.90000000e-01 3.30000000e-01 2.12821529e-04
4.00000000e-01 3.30000000e-01 2.24481934e-04
4.10000000e-01 3.30000000e-01 2.35558950e-04
4.20000000e-01 3.30000000e-01 2.45906287e-04
4.30000000e-01 3.30000000e-01 2.55382447e-04
4.40000000e-01 3.30000000e-01 2.63853937e-04
4.50000000e-01 3.30000000e-01 2.71198400e-04
4.60000000e-01 3.30000000e-01 2.77307563e-04
4.70000000e-01 3.30000000e-01 2.82089905e-04
4.80000000e-01 3.30000000e-01 2.85472946e-04
4.90000000e-01 3.30000000e-01 2.87405083e-04
5.00000000e-01 3.30000000e-01 2.87856908e-04
5.10000000e-01 3.30000000e-01 2.86821954e-04
5.20000000e-01 3.30000000e-01 2.84316849e-04
5.30000000e-01 3.30000000e-01 2.80380870e-04
5.40000000e-01 3.30000000e-01 2.75074916e-04
5.50000000e-01 3.30000000e-01 2.68479931e-04
5.60000000e-01 3.30000000e-01 2.60694848e-04
5.70000000e-01 3.30000000e-01 2.51834111e-04
5.80000000e-01 3.30000000e-01 2.42024869e-04
5.90000000e-01 3.30000000e-01 2.31403947e-04
6.00000000e-01 3.30000000e-01 2.20114678e-04
6.10000000e-01 3.30000000e-01 2.08303709e-04
6.20000000e-01 3.30000000e-01 1.96117879e-04
6.30000000e-01 3.30000000e-01 1.83701259e-04
6.40000000e-01 3.30000000e-01 1.71192423e-04
6.50000000e-01 3.30000000e-01 1.58722046e-04
6.60000000e-01 3.30000000e-01 1.46410847e-04
6.70000000e-01 3.30000000e-01 1.34367934e-04
6.80000000e-01 3.30000000e-01 1.22689570e-04
6.90000000e-01 3.30000000e-01 1.11458354e-04
7.00000000e-01 3.30000000e-01 1.00742806e-04
7.10000000e-01 3.30000000e-01 9.05973482e-05
7.20000000e-01 3.30000000e-01 8.10626203e-05
7.30000000e-01 3.30000000e-01 7.21661084e-05
7.40000000e-01 3.30000000e-01 6.39230238e-05
7.50000000e-01 3.30000000e-01 5.63373841e-05
7.60000000e-01 3.30000000e-01 4.94032397e-05
7.70000000e-01 3.30000000e-01 4.31059956e-05
7.80000000e-01 3.30000000e-01 3.74237757e-05
7.90000000e-01 3.30000000e-01 3.23287874e-05
8.00000000e-01 3.30000000e-01 2.77886460e-05
8.10000000e-01 3.30000000e-01 2.37676258e-05
8.20000000e-01 3.30000000e-01 2.02278147e-05
8.30000000e-01 3.30000000e-01 1.71301511e-05
8.40000000e-01 3.30000000e-01 1.44353322e-05
8.50000000e-01 3.30000000e-01 1.21045878e-05
8.60000000e-01 3.30000000e-01 1.01003191e-05
8.70000000e-01 3.30000000e-01 8.38660591e-06
8.80000000e-01 3.30000000e-01 6.92958990e-06
8.90000000e-01 3.30000000e-01 5.69774493e-06
9.00000000e-01 3.30000000e-01 4.66204599e-06
9.10000000e-01 3.30000000e-01 3.79605031e-06
9.20000000e-01 3.30000000e-01 3.07590451e-06
9.30000000e-01 3.30000000e-01 2.48029119e-06
9.40000000e-01 3.30000000e-01 1.99032810e-06
9.50000000e-01 3.30000000e-01 1.58943173e-06
9.60000000e-01 3.30000000e-01 1.26315617e-06
9.70000000e-01 3.30000000e-01 9.99016473e-07
9.80000000e-01 3.30000000e-01 7.86304614e-07
9.90000000e-01 3.30000000e-01 6.15904450e-07
1.00000000e+00 3.30000000e-01 4.80110890e-07
0.00000000e+00 3.40000000e-01 5.82770007e-07
1.00000000e-02 3.40000000e-01 7.48853557e-07
2.00000000e-02 3.40000000e-01 9.57555752e-07
3.00000000e-02 3.40000000e-01 1.21841595e-06
4.00000000e-02 3.40000000e-01 1.54272327e-06
5.00000000e-02 3.40000000e-01 1.94373857e-06
6.00000000e-02 3.40000000e-01 2.43692016e-06
7.00000000e-02 3.40000000e-01 3.04014649e-06
8.00000000e-02 3.40000000e-01 3.77392730e-06
9.00000000e-02 3.40000000e-01 4.66159285e-06
1.00000000e-01 3.40000000e-01 5.72944939e-06
1.10000000e-01 3.40000000e-01 7.00688686e-06
1.20000000e-01 3.40000000e-01 8.52642406e-06
1.30000000e-01 3.40000000e-01 1.03236747e-05
1.40000000e-01 3.40000000e-01 1.24372181e-05
1.50000000e-01 3.40000000e-01 1.49083571e-05
1.60000000e-01 3.40000000e-01 1.77807476e-05
1.70000000e-01 3.40000000e-01 2.10998866e-05
1.80000000e-01 3.40000000e-01 2.49124451e-05
1.90000000e-01 3.40000000e-01 2.92654401e-05
2.00000000e-01 3.40000000e-01 3.42052429e-05
2.10000000e-01 3.40000000e-01 3.97764260e-05
2.20000000e-01 3.40000000e-01 4.60204597e-05
2.30000000e-01 3.40000000e-01 5.29742762e-05
2.40000000e-01 3.40000000e-01 6.06687275e-05
2.50000000e-01 3.40000000e-01 6.91269712e-05
2.60000000e-01 3.40000000e-01 7.83628279e-05
2.70000000e-01 3.40000000e-01 8.83791608e-05
2.80000000e-01 3.40000000e-01 9.91663331e-05
2.90000000e-01 3.40000000e-01 1.10700807e-04
3.00000000e-01 3.40000000e-01 1.22943945e-04
3.10000000e-01 3.40000000e-01 1.35841091e-04
3.20000000e-01 3.40000000e-01 1.49320965e-04
3.30000000e-01 3.40000000e-01 1.63295471e-04
3.40000000e-01 3.40000000e-01 1.77659923e-04
3.50000000e-01 3.40000000e-01 1.92293750e-04
3.60000000e-01 3.40000000e-01 2.07061707e-04
3.70000000e-01 3.40000000e-01 2.21815567e-04
3.80000000e-01 3.40000000e-01 2.36396316e-04
3.90000000e-01 3.40000000e-01 2.50636796e-04
4.00000000e-01 3.40000000e-01 2.64364744e-04
4.10000000e-01 3.40000000e-01 2.77406166e-04
4.20000000e-01 3.40000000e-01 2.89588953e-04
4.30000000e-01 3.40000000e-01 3.00746627e-04
4.40000000e-01 3.40000000e-01 3.10722120e-04
4.50000000e-01 3.40000000e-01 3.19371455e-04
4.60000000e-01 3.40000000e-01 3.26567212e-04
4.70000000e-01 3.40000000e-01 3.32201666e-04
4.80000000e-01 3.40000000e-01 3.36189477e-04
4.90000000e-01 3.40000000e-01 3.38469857e-04
5.00000000e-01 3.40000000e-01 3.39008110e-04
5.10000000e-01 3.40000000e-01 3.37796523e-04
5.20000000e-01 3.40000000e-01 3.34854542e-04
5.30000000e-01 3.40000000e-01 3.30228257e-04
5.40000000e-01 3.40000000e-01 3.23989192e-04
5.50000000e-01 3.40000000e-01 3.16232460e-04
5.60000000e-01 3.40000000e-01 3.07074345e-04
5.70000000e-01 3.40000000e-01 2.96649392e-04
5.80000000e-01 3.40000000e-01 2.85107111e-04
5.90000000e-01 3.40000000e-01 2.72608417e-04
6.00000000e-01 3.40000000e-01 2.59321908e-04
6.10000000e-01 3.40000000e-01 2.45420105e-04
6.20000000e-01 3.40000000e-01 2.31075787e-04
6.30000000e-01 3.40000000e-01 2.16458500e-04
6.40000000e-01 3.40000000e-01 2.01731358e-04
6.50000000e-01 3.40000000e-01 1.87048202e-04
6.60000000e-01 3.40000000e-01 1.72551185e-04
6.70000000e-01 3.40000000e-01 1.58368823e-04
6.80000000e-01 3.40000000e-01 1.44614533e-04
6.90000000e-01 3.40000000e-01 1.31385667e-04
7.00000000e-01 3.40000000e-01 1.18763024e-04
7.10000000e-01 3.40000000e-01 1.06810815e-04
7.20000000e-01 3.40000000e-01 9.55770331e-05
7.30000000e-01 3.40000000e-01 8.50941914e-05
7.40000000e-01 3.40000000e-01 7.53803490e-05
7.50000000e-01 3.40000000e-01 6.64403813e-05
7.60000000e-01 3.40000000e-01 5.82674210e-05
7.70000000e-01 3.40000000e-01 5.08444099e-05
7.80000000e-01 3.40000000e-01 4.41457041e-05
7.90000000e-01 3.40000000e-01 3.81386784e-05
8.00000000e-01 3.40000000e-01 3.27852846e-05
8.10000000e-01 3.40000000e-01 2.80435248e-05
8.20000000e-01 3.40000000e-01 2.38688105e-05
8.30000000e-01 3.40000000e-01 2.02151840e-05
8.40000000e-01 3.40000000e-01 1.70363899e-05
8.50000000e-01 3.40000000e-01 1.42867870e-05
8.60000000e-01 3.40000000e-01 1.19221019e-05
8.70000000e-01 3.40000000e-01 9.90002818e-06
8.80000000e-01 3.40000000e-01 8.18067960e-06
8.90000000e-01 3.40000000e-01 6.72690982e-06
9.00000000e-01 3.40000000e-01 5.50451307e-06
9.10000000e-01 3.40000000e-01 4.48232116e-06
9.20000000e-01 3.40000000e-01 3.63221317e-06
9.30000000e-01 3.40000000e-01 2.92905374e-06
9.40000000e-01 3.40000000e-01 2.35057529e-06
9.50000000e-01 3.40000000e-01 1.87721816e-06
9.60000000e-01 3.40000000e-01 1.49194138e-06
9.70000000e-01 3.40000000e-01 1.18001521e-06
9.80000000e-01 3.40000000e-01 9.28804581e-07
9.90000000e-01 3.40000000e-01 7.27551432e-07
1.00000000e+00 3.40000000e-01 5.67161777e-07
0.00000000e+00 3.50000000e-01 6.81484010e-07
1.00000000e-02 3.50000000e-01 8.75607840e-07
2.00000000e-02 3.50000000e-01 1.11951478e-06
3.00000000e-02 3.50000000e-01 1.42433862e-06
4.00000000e-02 3.50000000e-01 1.80325295e-06
5.00000000e-02 3.50000000e-01 2.27172940e-06
6.00000000e-02 3.50000000e-01 2.84780005e-06
7.00000000e-02 3.50000000e-01 3.55231616e-06
8.00000000e-02 3.50000000e-01 4.40919332e-06
9.00000000e-02 3.50000000e-01 5.44563094e-06
1.00000000e-01 3.50000000e-01 6.69229210e-06
1.10000000e-01 3.50000000e-01 8.18342784e-06
1.20000000e-01 3.50000000e-01 9.95692826e-06
1.30000000e-01 3.50000000e-01 1.20542817e-05
1.40000000e-01 3.50000000e-01 1.45204224e-05
1.50000000e-01 3.50000000e-01 1.74034472e-05
1.60000000e-01 3.50000000e-01 2.07541833e-05
1.70000000e-01 3.50000000e-01 2.46255899e-05
1.80000000e-01 3.50000000e-01 2.90719811e-05
1.90000000e-01 3.50000000e-01 3.41480612e-05
2.00000000e-01 3.50000000e-01 3.99077697e-05
2.10000000e-01 3.50000000e-01 4.64029389e-05
2.20000000e-01 3.50000000e-01 5.36817774e-05
2.30000000e-01 3.50000000e-01 6.17871997e-05
2.40000000e-01 3.50000000e-01 7.07550329e-05
2.50000000e-01 3.50000000e-01 8.06121403e-05
2.60000000e-01 3.50000000e-01 9.13745123e-05
2.70000000e-01 3.50000000e-01 1.03045383e-04
2.80000000e-01 3.50000000e-01 1.15613439e-04
2.90000000e-01 3.50000000e-01 1.29051192e-04
3.00000000e-01 3.50000000e-01 1.43313592e-04
3.10000000e-01 3.50000000e-01 1.58336948e-04
3.20000000e-01 3.50000000e-01 1.74038247e-04
3.30000000e-01 3.50000000e-01 1.90314916e-04
3.40000000e-01 3.50000000e-01 2.07045092e-04
3.50000000e-01 3.50000000e-01 2.24088451e-04
3.60000000e-01 3.50000000e-01 2.41287604e-04
3.70000000e-01 3.50000000e-01 2.58470075e-04
3.80000000e-01 3.50000000e-01 2.75450849e-04
3.90000000e-01 3.50000000e-01 2.92035444e-04
4.00000000e-01 3.50000000e-01 3.08023443e-04
4.10000000e-01 3.50000000e-01 3.23212419e-04
4.20000000e-01 3.50000000e-01 3.37402132e-04
4.30000000e-01 3.50000000e-01 3.50398883e-04
4.40000000e-01 3.50000000e-01 3.62019910e-04
4.50000000e-01 3.50000000e-01 3.72097663e-04
4.60000000e-01 3.50000000e-01 3.80483832e-04
4.70000000e-01 3.50000000e-01 3.87052999e-04
4.80000000e-01 3.50000000e-01 3.91705762e-04
4.90000000e-01 3.50000000e-01 3.94371257e-04
5.00000000e-01 3.50000000e-01 3.95008959e-04
5.10000000e-01 3.50000000e-01 3.93609708e-04
5.20000000e-01 3.50000000e-01 3.90195933e-04
5.30000000e-01 3.50000000e-01 3.84821048e-04
5.40000000e-01 3.50000000e-01 3.77568058e-04
5.50000000e-01 3.50000000e-01 3.68547420e-04
5.60000000e-01 3.50000000e-01 3.57894230e-04
5.70000000e-01 3.50000000e-01 3.45764857e-04
5.80000000e-01 3.50000000e-01 3.32333110e-04
5.90000000e-01 3.50000000e-01 3.17786104e-04
6.00000000e-01 3.50000000e-01 3.02319931e-04
6.10000000e-01 3.50000000e-01 2.86135300e-04
6.20000000e-01 3.50000000e-01 2.69433263e-04
6.30000000e-01 3.50000000e-01 2.52411164e-04
6.40000000e-01 3.50000000e-01 2.35258911e-04
6.50000000e-01 3.50000000e-01 2.18155669e-04
6.60000000e-01 3.50000000e-01 2.01267044e-04
6.70000000e-01 3.50000000e-01 1.84742813e-04
6.80000000e-01 3.50000000e-01 1.68715212e-04
6.90000000e-01 3.50000000e-01 1.53297807e-04
7.00000000e-01 3.50000000e-01 1.38584916e-04
7.10000000e-01 3.50000000e-01 1.24651562e-04
7.20000000e-01 3.50000000e-01 1.11553895e-04
7.30000000e-01 3.50000000e-01 9.93300405e-05
7.40000000e-01 3.50000000e-01 8.80012905e-05
7.50000000e-01 3.50000000e-01 7.75735729e-05
7.60000000e-01 3.50000000e-01 6.80391246e-05
7.70000000e-01 3.50000000e-01 5.93782936e-05
7.80000000e-01 3.50000000e-01 5.15614049e-05
7.90000000e-01 3.50000000e-01 4.45506256e-05
8.00000000e-01 3.50000000e-01 3.83017789e-05
8.10000000e-01 3.50000000e-01 3.27660595e-05
8.20000000e-01 3.50000000e-01 2.78916170e-05
8.30000000e-01 3.50000000e-01 2.36249800e-05
8.40000000e-01 3.50000000e-01 1.99123053e-05
8.50000000e-01 3.50000000e-01 1.67004435e-05
8.60000000e-01 3.50000000e-01 1.39378193e-05
8.70000000e-01 3.50000000e-01 1.15751320e-05
8.80000000e-01 3.50000000e-01 9.56588685e-06
8.90000000e-01 3.50000000e-01 7.86677022e-06
9.00000000e-01 3.50000000e-01 6.43788626e-06
9.10000000e-01 3.50000000e-01 5.24287237e-06
9.20000000e-01 3.50000000e-01 4.24891283e-06
9.30000000e-01 3.50000000e-01 3.42666883e-06
9.40000000e-01 3.50000000e-01 2.75014290e-06
9.50000000e-01 3.50000000e-01 2.19649397e-06
9.60000000e-01 3.50000000e-01 1.74581799e-06
9.70000000e-01 3.50000000e-01 1.38090689e-06
9.80000000e-01 3.50000000e-01 1.08699684e-06
9.90000000e-01 3.50000000e-01 8.51514864e-07
1.00000000e+00 3.50000000e-01 6.63830901e-07
0.00000000e+00 3.60000000e-01 7.89347079e-07
1.00000000e-02 3.60000000e-01 1.01405693e-06
2.00000000e-02 3.60000000e-01 1.29634694e-06
3.00000000e-02 3.60000000e-01 1.64908075e-06
4.00000000e-02 3.60000000e-01 2.08747512e-06
5.00000000e-02 3.60000000e-01 2.62939690e-06
6.00000000e-02 3.60000000e-01 3.29566476e-06
7.00000000e-02 3.60000000e-01 4.11034631e-06
8.00000000e-02 3.60000000e-01 5.10103937e-06
9.00000000e-02 3.60000000e-01 6.29912342e-06
1.00000000e-01 3.60000000e-01 7.73996513e-06
1.10000000e-01 3.60000000e-01 9.46305964e-06
1.20000000e-01 3.60000000e-01 1.15120874e-05
1.30000000e-01 3.60000000e-01 1.39348647e-05
1.40000000e-01 3.60000000e-01 1.67831662e-05
1.50000000e-01 3.60000000e-01 2.01123963e-05
1.60000000e-01 3.60000000e-01 2.39810890e-05
1.70000000e-01 3.60000000e-01 2.84502166e-05
1.80000000e-01 3.60000000e-01 3.35822938e-05
1.90000000e-01 3.60000000e-01 3.94402653e-05
2.00000000e-01 3.60000000e-01 4.60861749e-05
2.10000000e-01 3.60000000e-01 5.35796206e-05
2.20000000e-01 3.60000000e-01 6.19760088e-05
2.30000000e-01 3.60000000e-01 7.13246336e-05
2.40000000e-01 3.60000000e-01 8.16666137e-05
2.50000000e-01 3.60000000e-01 9.30327365e-05
2.60000000e-01 3.60000000e-01 1.05441264e-04
2.70000000e-01 3.60000000e-01 1.18895772e-04
2.80000000e-01 3.60000000e-01 1.33383087e-04
2.90000000e-01 3.60000000e-01 1.48871429e-04
3.00000000e-01 3.60000000e-01 1.65308809e-04
3.10000000e-01 3.60000000e-01 1.82621804e-04
3.20000000e-01 3.60000000e-01 2.00714768e-04
3.30000000e-01 3.60000000e-01 2.19469567e-04
3.40000000e-01 3.60000000e-01 2.38745895e-04
3.50000000e-01 3.60000000e-01 2.58382222e-04
3.60000000e-01 3.60000000e-01 2.78197408e-04
3.70000000e-01 3.60000000e-01 2.97992973e-04
3.80000000e-01 3.60000000e-01 3.17556031e-04
3.90000000e-01 3.60000000e-01 3.36662811e-04
4.00000000e-01 3.60000000e-01 3.55082727e-04
4.10000000e-01 3.60000000e-01 3.72582880e-04
4.20000000e-01 3.60000000e-01 3.88932878e-04
4.30000000e-01 3.60000000e-01 4.03909847e-04
4.40000000e-01 3.60000000e-01 4.17303472e-04
4.50000000e-01 3.60000000e-01 4.28920913e-04
4.60000000e-01 3.60000000e-01 4.38591436e-04
4.70000000e-01 3.60000000e-01 4.46170605e-04
4.80000000e-01 3.60000000e-01 4.51543882e-04
4.90000000e-01 3.60000000e-01 4.54629524e-04
5.00000000e-01 3.60000000e-01 4.55380655e-04
5.10000000e-01 3.60000000e-01 4.53786463e-04
5.20000000e-01 3.60000000e-01 4.49872452e-04
5.30000000e-01 3.60000000e-01 4.43699762e-04
5.40000000e-01 3.60000000e-01 4.35363579e-04
5.50000000e-01 3.60000000e-01 4.24990678e-04
5.60000000e-01 3.60000000e-01 4.12736210e-04
5.70000000e-01 3.60000000e-01 3.98779829e-04
5.80000000e-01 3.60000000e-01 3.83321306e-04
5.90000000e-01 3.60000000e-01 3.66575771e-04
6.00000000e-01 3.60000000e-01 3.48768753e-04
6.10000000e-01 3.60000000e-01 3.30131158e-04
6.20000000e-01 3.60000000e-01 3.10894365e-04
6.30000000e-01 3.60000000e-01 2.91285561e-04
6.40000000e-01 3.60000000e-01 2.71523447e-04
6.50000000e-01 3.60000000e-01 2.51814438e-04
6.60000000e-01 3.60000000e-01 2.32349407e-04
6.70000000e-01 3.60000000e-01 2.13301067e-04
6.80000000e-01 3.60000000e-01 1.94821994e-04
6.90000000e-01 3.60000000e-01 1.77043310e-04
7.00000000e-01 3.60000000e-01 1.60074011e-04
7.10000000e-01 3.60000000e-01 1.44000894e-04
7.20000000e-01 3.60000000e-01 1.28889039e-04
7.30000000e-01 3.60000000e-01 1.14782766e-04
7.40000000e-01 3.60000000e-01 1.01706997e-04
7.50000000e-01 3.60000000e-01 8.96689429e-05
7.60000000e-01 3.60000000e-01 7.86600142e-05
7.70000000e-01 3.60000000e-01 6.86578957e-05
7.80000000e-01 3.60000000e-01 5.96286870e-05
7.90000000e-01 3.60000000e-01 5.15290490e-05
8.00000000e-01 3.60000000e-01 4.43082904e-05
8.10000000e-01 3.60000000e-01 3.79103441e-05
8.20000000e-01 3.60000000e-01 3.22755921e-05
8.30000000e-01 3.60000000e-01 2.73425086e-05
8.40000000e-01 3.60000000e-01 2.30491024e-05
8.50000000e-01 3.60000000e-01 1.93341482e-05
8.60000000e-01 3.60000000e-01 1.61382055e-05
8.70000000e-01 3.60000000e-01 1.34044303e-05
8.80000000e-01 3.60000000e-01 1.10791917e-05
8.90000000e-01 3.60000000e-01 9.11250930e-06
9.00000000e-01 3.60000000e-01 7.45832953e-06
9.10000000e-01 3.60000000e-01 6.07466305e-06
9.20000000e-01 3.60000000e-01 4.92360362e-06
9.30000000e-01 3.60000000e-01 3.97125060e-06
9.40000000e-01 3.60000000e-01 3.18755509e-06
9.50000000e-01 3.60000000e-01 2.54610881e-06
9.60000000e-01 3.60000000e-01 2.02389274e-06
9.70000000e-01 3.60000000e-01 1.60100041e-06
9.80000000e-01 3.60000000e-01 1.26034852e-06
9.90000000e-01 3.60000000e-01 9.87385219e-07
1.00000000e+00 3.60000000e-01 7.69804510e-07
0.00000000e+00 3.70000000e-01 9.05575571e-07
1.00000000e-02 3.70000000e-01 1.16317814e-06
2.00000000e-02 3.70000000e-01 1.48672388e-06
3.00000000e-02 3.70000000e-01 1.89092524e-06
4.00000000e-02 3.70000000e-01 2.39318089e-06
5.00000000e-02 3.70000000e-01 3.01391355e-06
6.00000000e-02 3.70000000e-01 3.77691285e-06
7.00000000e-02 3.70000000e-01 4.70967279e-06
8.00000000e-02 3.70000000e-01 5.84371057e-06
9.00000000e-02 3.70000000e-01 7.21485123e-06
1.00000000e-01 3.70000000e-01 8.86345948e-06
1.10000000e-01 3.70000000e-01 1.08345981e-05
1.20000000e-01 3.70000000e-01 1.31780897e-05
1.30000000e-01 3.70000000e-01 1.59484574e-05
1.40000000e-01 3.70000000e-01 1.92047191e-05
1.50000000e-01 3.70000000e-01 2.30100101e-05
1.60000000e-01 3.70000000e-01 2.74310098e-05
1.70000000e-01 3.70000000e-01 3.25371523e-05
1.80000000e-01 3.70000000e-01 3.83996024e-05
1.90000000e-01 3.70000000e-01 4.50899878e-05
2.00000000e-01 3.70000000e-01 5.26788821e-05
2.10000000e-01 3.70000000e-01 6.12340450e-05
2.20000000e-01 3.70000000e-01 7.08184362e-05
2.30000000e-01 3.70000000e-01 8.14880294e-05
2.40000000e-01 3.70000000e-01 9.32894679e-05
2.50000000e-01 3.70000000e-01 1.06257614e-04
2.60000000e-01 3.70000000e-01 1.20413055e-04
2.70000000e-01 3.70000000e-01 1.35759653e-04
2.80000000e-01 3.70000000e-01 1.52282203e-04
2.90000000e-01 3.70000000e-01 1.69944321e-04
3.00000000e-01 3.70000000e-01 1.88686637e-04
3.10000000e-01 3.70000000e-01 2.08425401e-04
3.20000000e-01 3.70000000e-01 2.29051594e-04
3.30000000e-01 3.70000000e-01 2.50430631e-04
3.40000000e-01 3.70000000e-01 2.72402727e-04
3.50000000e-01 3.70000000e-01 2.94783977e-04
3.60000000e-01 3.70000000e-01 3.17368190e-04
3.70000000e-01 3.70000000e-01 3.39929477e-04
3.80000000e-01 3.70000000e-01 3.62225577e-04
3.90000000e-01 3.70000000e-01 3.84001867e-04
4.00000000e-01 3.70000000e-01 4.04995979e-04
4.10000000e-01 3.70000000e-01 4.24942912e-04
4.20000000e-01 3.70000000e-01 4.43580513e-04
4.30000000e-01 3.70000000e-01 4.60655162e-04
4.40000000e-01 3.70000000e-01 4.75927503e-04
4.50000000e-01 3.70000000e-01 4.89178021e-04
4.60000000e-01 3.70000000e-01 5.00212312e-04
4.70000000e-01 3.70000000e-01 5.08865839e-04
4.80000000e-01 3.70000000e-01 5.15008036e-04
4.90000000e-01 3.70000000e-01 5.18545591e-04
5.00000000e-01 3.70000000e-01 5.19424822e-04
5.10000000e-01 3.70000000e-01 5.17633034e-04
5.20000000e-01 3.70000000e-01 5.13198823e-04
5.30000000e-01 3.70000000e-01 5.06191316e-04
5.40000000e-01 3.70000000e-01 4.96718370e-04
5.50000000e-01 3.70000000e-01 4.84923801e-04
5.60000000e-01 3.70000000e-01 4.70983743e-04
5.70000000e-01 3.70000000e-01 4.55102257e-04
5.80000000e-01 3.70000000e-01 4.37506357e-04
5.90000000e-01 3.70000000e-01 4.18440614e-04
6.00000000e-01 3.70000000e-01 3.98161519e-04
6.10000000e-01 3.70000000e-01 3.76931785e-04
6.20000000e-01 3.70000000e-01 3.55014765e-04
6.30000000e-01 3.70000000e-01 3.32669146e-04
6.40000000e-01 3.70000000e-01 3.10144069e-04
6.50000000e-01 3.70000000e-01 2.87674785e-04
6.60000000e-01 3.70000000e-01 2.65478952e-04
6.70000000e-01 3.70000000e-01 2.43753638e-04
6.80000000e-01 3.70000000e-01 2.22673056e-04
6.90000000e-01 3.70000000e-01 2.02387050e-04
7.00000000e-01 3.70000000e-01 1.83020314e-04
7.10000000e-01 3.70000000e-01 1.64672289e-04
7.20000000e-01 3.70000000e-01 1.47417693e-04
7.30000000e-01 3.70000000e-01 1.31307596e-04
7.40000000e-01 3.70000000e-01 1.16370958e-04
7.50000000e-01 3.70000000e-01 1.02616529e-04
7.60000000e-01 3.70000000e-01 9.00350228e-05
7.70000000e-01 3.70000000e-01 7.86014620e-05
7.80000000e-01 3.70000000e-01 6.82776155e-05
7.90000000e-01 3.70000000e-01 5.90144369e-05
8.00000000e-01 3.70000000e-01 5.07544397e-05
8.10000000e-01 3.70000000e-01 4.34339494e-05
8.20000000e-01 3.70000000e-01 3.69851843e-05
8.30000000e-01 3.70000000e-01 3.13381317e-05
8.40000000e-01 3.70000000e-01 2.64221960e-05
8.50000000e-01 3.70000000e-01 2.21676080e-05
8.60000000e-01 3.70000000e-01 1.85065919e-05
8.70000000e-01 3.70000000e-01 1.53742973e-05
8.80000000e-01 3.70000000e-01 1.27095088e-05
8.90000000e-01 3.70000000e-01 1.04551505e-05
9.00000000e-01 3.70000000e-01 8.55860757e-06
9.10000000e-01 3.70000000e-01 6.97188772e-06
9.20000000e-01 3.70000000e-01 5.65164811e-06
9.30000000e-01 3.70000000e-01 4.55911089e-06
9.40000000e-01 3.70000000e-01 3.65989129e-06
9.50000000e-01 3.70000000e-01 2.92375970e-06
9.60000000e-01 3.70000000e-01 2.32435717e-06
9.70000000e-01 3.70000000e-01 1.83888145e-06
9.80000000e-01 3.70000000e-01 1.44775796e-06
9.90000000e-01 3.70000000e-01 1.13430778e-06
1.00000000e+00 3.70000000e-01 8.84422033e-07
0.00000000e+00 3.80000000e-01 1.02899721e-06
1.00000000e-02 3.80000000e-01 1.32144983e-06
2.00000000e-02 3.80000000e-01 1.68867979e-06
3.00000000e-02 3.80000000e-01 2.14734461e-06
4.00000000e-02 3.80000000e-01 2.71713632e-06
5.00000000e-02 3.80000000e-01 3.42116152e-06
6.00000000e-02 3.80000000e-01 4.28632676e-06
7.00000000e-02 3.80000000e-01 5.34371722e-06
8.00000000e-02 3.80000000e-01 6.62895412e-06
9.00000000e-02 3.80000000e-01 8.18251286e-06
1.00000000e-01 3.80000000e-01 1.00499814e-05
1.10000000e-01 3.80000000e-01 1.22822350e-05
1.20000000e-01 3.80000000e-01 1.49355024e-05
1.30000000e-01 3.80000000e-01 1.80712942e-05
1.40000000e-01 3.80000000e-01 2.17561673e-05
1.50000000e-01 3.80000000e-01 2.60612943e-05
1.60000000e-01 3.80000000e-01 3.10618144e-05
1.70000000e-01 3.80000000e-01 3.68359392e-05
1.80000000e-01 3.80000000e-01 4.34637967e-05
1.90000000e-01 3.80000000e-01 5.10259993e-05
2.00000000e-01 3.80000000e-01 5.96019347e-05
2.10000000e-01 3.80000000e-01 6.92677834e-05
2.20000000e-01 3.80000000e-01 8.00942821e-05
2.30000000e-01 3.80000000e-01 9.21442657e-05
2.40000000e-01 3.80000000e-01 1.05470031e-04
2.50000000e-01 3.80000000e-01 1.20110581e-04
2.60000000e-01 3.80000000e-01 1.36088830e-04
2.70000000e-01 3.80000000e-01 1.53408845e-04
2.80000000e-01 3.80000000e-01 1.72053226e-04
2.90000000e-01 3.80000000e-01 1.91980735e-04
3.00000000e-01 3.80000000e-01 2.13124270e-04
3.10000000e-01 3.80000000e-01 2.35389310e-04
3.20000000e-01 3.80000000e-01 2.58652921e-04
3.30000000e-01 3.80000000e-01 2.82763431e-04
3.40000000e-01 3.80000000e-01 3.07540841e-04
3.50000000e-01 3.80000000e-01 3.32778053e-04
3.60000000e-01 3.80000000e-01 3.58242928e-04
3.70000000e-01 3.80000000e-01 3.83681199e-04
3.80000000e-01 3.80000000e-01 4.08820208e-04
3.90000000e-01 3.80000000e-01 4.33373410e-04
4.00000000e-01 3.80000000e-01 4.57045558e-04
4.10000000e-01 3.80000000e-01 4.79538448e-04
4.20000000e-01 3.80000000e-01 5.00557068e-04
4.30000000e-01 3.80000000e-01 5.19815982e-04
4.40000000e-01 3.80000000e-01 5.37045765e-04
4.50000000e-01 3.80000000e-01 5.51999273e-04
4.60000000e-01 3.80000000e-01 5.64457555e-04
4.70000000e-01 3.80000000e-01 5.74235200e-04
4.80000000e-01 3.80000000e-01 5.81184952e-04
4.90000000e-01 3.80000000e-01 5.85201410e-04
5.00000000e-01 3.80000000e-01 5.86223699e-04
5.10000000e-01 3.80000000e-01 5.84237008e-04
5.20000000e-01 3.80000000e-01 5.79272951e-04
5.30000000e-01 3.80000000e-01 5.71408726e-04
5.40000000e-01 3.80000000e-01 5.60765108e-04
5.50000000e-01 3.80000000e-01 5.47503355e-04
5.60000000e-01 3.80000000e-01 5.31821132e-04
5.70000000e-01 3.80000000e-01 5.13947594e-04
5.80000000e-01 3.80000000e-01 4.94137816e-04
5.90000000e-01 3.80000000e-01 4.72666730e-04
6.00000000e-01 3.80000000e-01 4.49822806e-04
6.10000000e-01 3.80000000e-01 4.25901649e-04
6.20000000e-01 3.80000000e-01 4.01199722e-04
6.30000000e-01 3.80000000e-01 3.76008381e-04
6.40000000e-01 3.80000000e-01 3.50608377e-04
6.50000000e-01 3.80000000e-01 3.25264960e-04
6.60000000e-01 3.80000000e-01 3.00223699e-04
6.70000000e-01 3.80000000e-01 2.75707092e-04
6.80000000e-01 3.80000000e-01 2.51911994e-04
6.90000000e-01 3.80000000e-01 2.29007897e-04
7.00000000e-01 3.80000000e-01 2.07136021e-04
7.10000000e-01 3.80000000e-01 1.86409178e-04
7.20000000e-01 3.80000000e-01 1.66912345e-04
7.30000000e-01 3.80000000e-01 1.48703850e-04
7.40000000e-01 3.80000000e-01 1.31817086e-04
7.50000000e-01 3.80000000e-01 1.16262633e-04
7.60000000e-01 3.80000000e-01 1.02030688e-04
7.70000000e-01 3.80000000e-01 8.90937013e-05
7.80000000e-01 3.80000000e-01 7.74091077e-05
7.90000000e-01 3.80000000e-01 6.69220708e-05
8.00000000e-01 3.80000000e-01 5.75681574e-05
8.10000000e-01 3.80000000e-01 4.92758749e-05
8.20000000e-01 3.80000000e-01 4.19690200e-05
8.30000000e-01 3.80000000e-01 3.55687977e-05
8.40000000e-01 3.80000000e-01 2.99956860e-05
8.50000000e-01 3.80000000e-01 2.51710321e-05
8.60000000e-01 3.80000000e-01 2.10183767e-05
8.70000000e-01 3.80000000e-01 1.74645139e-05
8.80000000e-01 3.80000000e-01 1.44402996e-05
8.90000000e-01 3.80000000e-01 1.18812296e-05
9.00000000e-01 3.80000000e-01 9.72780964e-06
9.10000000e-01 3.80000000e-01 7.92574566e-06
9.20000000e-01 3.80000000e-01 6.42597985e-06
9.30000000e-01 3.80000000e-01 5.18460133e-06
9.40000000e-01 3.80000000e-01 4.16265675e-06
9.50000000e-01 3.80000000e-01 3.32588569e-06
9.60000000e-01 3.80000000e-01 2.64440246e-06
9.70000000e-01 3.80000000e-01 2.09234402e-06
9.80000000e-01 3.80000000e-01 1.64750007e-06
9.90000000e-01 3.80000000e-01 1.29093922e-06
1.00000000e+00 3.80000000e-01 1.00664186e-06
0.00000000e+00 3.90000000e-01 1.15803871e-06
1.00000000e-02 3.90000000e-01 1.48683676e-06
2.00000000e-02 3.90000000e-01 1.89959444e-06
3.00000000e-02 3.90000000e-01 2.41498161e-06
4.00000000e-02 3.90000000e-01 3.05506055e-06
5.00000000e-02 3.90000000e-01 3.84570881e-06
6.00000000e-02 3.90000000e-01 4.81704742e-06
7.00000000e-02 3.90000000e-01 6.00386120e-06
8.00000000e-02 3.90000000e-01 7.44599453e-06
9.00000000e-02 3.90000000e-01 9.18870286e-06
1.00000000e-01 3.90000000e-01 1.12829369e-05
1.10000000e-01 3.90000000e-01 1.37855329e-05
1.20000000e-01 3.90000000e-01 1.67592814e-05
1.30000000e-01 3.90000000e-01 2.02728422e-05
1.40000000e-01 3.90000000e-01 2.44004756e-05
1.50000000e-01 3.90000000e-01 2.92215576e-05
1.60000000e-01 3.90000000e-01 3.48198502e-05
1.70000000e-01 3.90000000e-01 4.12825000e-05
1.80000000e-01 3.90000000e-01 4.86987455e-05
1.90000000e-01 3.90000000e-01 5.71583191e-05
2.00000000e-01 3.90000000e-01 6.67495394e-05
2.10000000e-01 3.90000000e-01 7.75571029e-05
2.20000000e-01 3.90000000e-01 8.96595940e-05
2.30000000e-01 3.90000000e-01 1.03126749e-04
2.40000000e-01 3.90000000e-01 1.18016528e-04
2.50000000e-01 3.90000000e-01 1.34372048e-04
2.60000000e-01 3.90000000e-01 1.52218485e-04
2.70000000e-01 3.90000000e-01 1.71560009e-04
2.80000000e-01 3.90000000e-01 1.92376880e-04
2.90000000e-01 3.90000000e-01 2.14622820e-04
3.00000000e-01 3.90000000e-01 2.38222775e-04
3.10000000e-01 3.90000000e-01 2.63071187e-04
3.20000000e-01 3.90000000e-01 2.89030908e-04
3.30000000e-01 3.90000000e-01 3.15932840e-04
3.40000000e-01 3.90000000e-01 3.43576410e-04
3.50000000e-01 3.90000000e-01 3.71730926e-04
3.60000000e-01 3.90000000e-01 4.00137884e-04
3.70000000e-01 3.90000000e-01 4.28514197e-04
3.80000000e-01 3.90000000e-01 4.56556351e-04
3.90000000e-01 3.90000000e-01 4.83945410e-04
4.00000000e-01 3.90000000e-01 5.10352769e-04
4.10000000e-01 3.90000000e-01 5.35446538e-04
4.20000000e-01 3.90000000e-01 5.58898361e-04
4.30000000e-01 3.90000000e-01 5.80390512e-04
4.40000000e-01 3.90000000e-01 5.99623034e-04
4.50000000e-01 3.90000000e-01 6.16320699e-04
4.60000000e-01 3.90000000e-01 6.30239580e-04
4.70000000e-01 3.90000000e-01 6.41172993e-04
4.80000000e-01 3.90000000e-01 6.48956623e-04
4.90000000e-01 3.90000000e-01 6.53472648e-04
5.00000000e-01 3.90000000e-01 6.54652715e-04
5.10000000e-01 3.90000000e-01 6.52479670e-04
5.20000000e-01 3.90000000e-01 6.46987969e-04
5.30000000e-01 3.90000000e-01 6.38262771e-04
5.40000000e-01 3.90000000e-01 6.26437726e-04
5.50000000e-01 3.90000000e-01 6.11691567e-04
5.60000000e-01 3.90000000e-01 5.94243594e-04
5.70000000e-01 3.90000000e-01 5.74348244e-04
5.80000000e-01 3.90000000e-01 5.52288906e-04
5.90000000e-01 3.90000000e-01 5.28371210e-04
6.00000000e-01 3.90000000e-01 5.02916007e-04
6.10000000e-01 3.90000000e-01 4.76252260e-04
6.20000000e-01 3.90000000e-01 4.48710070e-04
6.30000000e-01 3.90000000e-01 4.20614033e-04
6.40000000e-01 3.90000000e-01 3.92277121e-04
6.50000000e-01 3.90000000e-01 3.63995220e-04
6.60000000e-01 3.90000000e-01 3.36042460e-04
6.70000000e-01 3.90000000e-01 3.08667421e-04
6.80000000e-01 3.90000000e-01 2.82090246e-04
6.90000000e-01 3.90000000e-01 2.56500692e-04
7.00000000e-01 3.90000000e-01 2.32057094e-04
7.10000000e-01 3.90000000e-01 2.08886178e-04
7.20000000e-01 3.90000000e-01 1.87083674e-04
7.30000000e-01 3.90000000e-01 1.66715604e-04
7.40000000e-01 3.90000000e-01 1.47820169e-04
7.50000000e-01 3.90000000e-01 1.30410085e-04
7.60000000e-01 3.90000000e-01 1.14475277e-04
7.70000000e-01 3.90000000e-01 9.99857966e-05
7.80000000e-01 3.90000000e-01 8.68948576e-05
7.90000000e-01 3.90000000e-01 7.51418867e-05
8.00000000e-01 3.90000000e-01 6.46555010e-05
8.10000000e-01 3.90000000e-01 5.53563384e-05
8.20000000e-01 3.90000000e-01 4.71596785e-05
8.30000000e-01 3.90000000e-01 3.99778128e-05
8.40000000e-01 3.90000000e-01 3.37221323e-05
8.50000000e-01 3.90000000e-01 2.83049169e-05
8.60000000e-01 3.90000000e-01 2.36408242e-05
8.70000000e-01 3.90000000e-01 1.96480829e-05
8.80000000e-01 3.90000000e-01 1.62494057e-05
8.90000000e-01 3.90000000e-01 1.33726456e-05
9.00000000e-01 3.90000000e-01 1.09512192e-05
9.10000000e-01 3.90000000e-01 8.92432762e-06
9.20000000e-01 3.90000000e-01 7.23700611e-06
9.30000000e-01 3.90000000e-01 5.84003069e-06
9.40000000e-01 3.90000000e-01 4.68971307e-06
9.50000000e-01 3.90000000e-01 3.74760994e-06
9.60000000e-01 3.90000000e-01 2.98017158e-06
9.70000000e-01 3.90000000e-01 2.35835134e-06
9.80000000e-01 3.90000000e-01 1.85719456e-06
9.90000000e-01 3.90000000e-01 1.45542213e-06
1.00000000e+00 3.90000000e-01 1.13502097e-06
0.00000000e+00 4.00000000e-01 1.29073246e-06
1.00000000e-02 4.00000000e-01 1.65680014e-06
2.00000000e-02 4.00000000e-01 2.11620774e-06
3.00000000e-02 4.00000000e-01 2.68967016e-06
4.00000000e-02 4.00000000e-01 3.40165556e-06
5.00000000e-02 4.00000000e-01 4.28085067e-06
6.00000000e-02 4.00000000e-01 5.36063138e-06
7.00000000e-02 4.00000000e-01 6.67952386e-06
8.00000000e-02 4.00000000e-01 8.28163786e-06
9.00000000e-02 4.00000000e-01 1.02170505e-05
1.00000000e-01 4.00000000e-01 1.25421145e-05
1.10000000e-01 4.00000000e-01 1.53196633e-05
1.20000000e-01 4.00000000e-01 1.86190796e-05
1.30000000e-01 4.00000000e-01 2.25161958e-05
1.40000000e-01 4.00000000e-01 2.70929898e-05
1.50000000e-01 4.00000000e-01 3.24370443e-05
1.60000000e-01 4.00000000e-01 3.86407342e-05
1.70000000e-01 4.00000000e-01 4.58001176e-05
1.80000000e-01 4.00000000e-01 5.40135043e-05
1.90000000e-01 4.00000000e-01 6.33796905e-05
2.00000000e-01 4.00000000e-01 7.39958541e-05
2.10000000e-01 4.00000000e-01 8.59551199e-05
2.20000000e-01 4.00000000e-01 9.93438173e-05
2.30000000e-01 4.00000000e-01 1.14238471e-04
2.40000000e-01 4.00000000e-01 1.30702576e-04
2.50000000e-01 4.00000000e-01 1.48783240e-04
2.60000000e-01 4.00000000e-01 1.68507767e-04
2.70000000e-01 4.00000000e-01 1.89880303e-04
2.80000000e-01 4.00000000e-01 2.12878654e-04
2.90000000e-01 4.00000000e-01 2.37451402e-04
3.00000000e-01 4.00000000e-01 2.63515458e-04
3.10000000e-01 4.00000000e-01 2.90954178e-04
3.20000000e-01 4.00000000e-01 3.19616176e-04
3.30000000e-01 4.00000000e-01 3.49314945e-04
3.40000000e-01 4.00000000e-01 3.79829381e-04
3.50000000e-01 4.00000000e-01 4.10905292e-04
3.60000000e-01 4.00000000e-01 4.42257929e-04
3.70000000e-01 4.00000000e-01 4.73575541e-04
3.80000000e-01 4.00000000e-01 5.04523945e-04
3.90000000e-01 4.00000000e-01 5.34752017e-04
4.00000000e-01 4.00000000e-01 5.63898017e-04
4.10000000e-01 4.00000000e-01 5.91596587e-04
4.20000000e-01 4.00000000e-01 6.17486245e-04
4.30000000e-01 4.00000000e-01 6.41217171e-04
4.40000000e-01 4.00000000e-01 6.62459040e-04
4.50000000e-01 4.00000000e-01 6.80908672e-04
4.60000000e-01 4.00000000e-01 6.96297244e-04
4.70000000e-01 4.00000000e-01 7.08396820e-04
4.80000000e-01 4.00000000e-01 7.17025992e-04
4.90000000e-01 4.00000000e-01 7.22054417e-04
5.00000000e-01 4.00000000e-01 7.23406105e-04
5.10000000e-01 4.00000000e-01 7.21061334e-04
5.20000000e-01 4.00000000e-01 7.15057130e-04
5.30000000e-01 4.00000000e-01 7.05486290e-04
5.40000000e-01 4.00000000e-01 6.92494989e-04
5.50000000e-01 4.00000000e-01 6.76279051e-04
5.60000000e-01 4.00000000e-01 6.57079033e-04
5.70000000e-01 4.00000000e-01 6.35174265e-04
5.80000000e-01 4.00000000e-01 6.10876092e-04
5.90000000e-01 4.00000000e-01 5.84520512e-04
6.00000000e-01 4.00000000e-01 5.56460470e-04
6.10000000e-01 4.00000000e-01 5.27058056e-04
6.20000000e-01 4.00000000e-01 4.96676835e-04
6.30000000e-01 4.00000000e-01 4.65674543e-04
6.40000000e-01 4.00000000e-01 4.34396336e-04
6.50000000e-01 4.00000000e-01 4.03168769e-04
6.60000000e-01 4.00000000e-01 3.72294636e-04
6.70000000e-01 4.00000000e-01 3.42048759e-04
6.80000000e-01 4.00000000e-01 3.12674782e-04
6.90000000e-01 4.00000000e-01 2.84382990e-04
7.00000000e-01 4.00000000e-01 2.57349126e-04
7.10000000e-01 4.00000000e-01 2.31714155e-04
7.20000000e-01 4.00000000e-01 2.07584889e-04
7.30000000e-01 4.00000000e-01 1.85035387e-04
7.40000000e-01 4.00000000e-01 1.64108987e-04
7.50000000e-01 4.00000000e-01 1.44820859e-04
7.60000000e-01 4.00000000e-01 1.27160952e-04
7.70000000e-01 4.00000000e-01 1.11097186e-04
7.80000000e-01 4.00000000e-01 9.65787892e-05
7.90000000e-01 4.00000000e-01 8.35396488e-05
8.00000000e-01 4.00000000e-01 7.19015948e-05
8.10000000e-01 4.00000000e-01 6.15775197e-05
8.20000000e-01 4.00000000e-01 5.24742749e-05
8.30000000e-01 4.00000000e-01 4.44952928e-05
8.40000000e-01 4.00000000e-01 3.75429005e-05
8.50000000e-01 4.00000000e-01 3.15203068e-05
8.60000000e-01 4.00000000e-01 2.63332583e-05
8.70000000e-01 4.00000000e-01 2.18913705e-05
8.80000000e-01 4.00000000e-01 1.81091502e-05
8.90000000e-01 4.00000000e-01 1.49067325e-05
9.00000000e-01 4.00000000e-01 1.22103618e-05
9.10000000e-01 4.00000000e-01 9.95264733e-06
9.20000000e-01 4.00000000e-01 8.07262739e-06
9.30000000e-01 4.00000000e-01 6.51567605e-06
9.40000000e-01 4.00000000e-01 5.23328359e-06
9.50000000e-01 4.00000000e-01 4.18274145e-06
9.60000000e-01 4.00000000e-01 3.32675868e-06
9.70000000e-01 4.00000000e-01 2.63303391e-06
9.80000000e-01 4.00000000e-01 2.07380339e-06
9.90000000e-01 4.00000000e-01 1.62538219e-06
1.00000000e+00 4.00000000e-01 1.26771229e-06
0.00000000e+00 4.10000000e-01 1.42474483e-06
1.00000000e-02 4.10000000e-01 1.82833536e-06
2.00000000e-02 4.10000000e-01 2.33466997e-06
3.00000000e-02 4.10000000e-01 2.96650170e-06
4.00000000e-02 4.10000000e-01 3.75069323e-06
5.00000000e-02 4.10000000e-01 4.71872335e-06
6.00000000e-02 4.10000000e-01 5.90719841e-06
7.00000000e-02 4.10000000e-01 7.35835249e-06
8.00000000e-02 4.10000000e-01 9.12051650e-06
9.00000000e-02 4.10000000e-01 1.12485319e-05
1.00000000e-01 4.10000000e-01 1.38040816e-05
1.10000000e-01 4.10000000e-01 1.68559064e-05
1.20000000e-01 4.10000000e-01 2.04798730e-05
1.30000000e-01 4.10000000e-01 2.47588569e-05
1.40000000e-01 4.10000000e-01 2.97824022e-05
1.50000000e-01 4.10000000e-01 3.56461226e-05
1.60000000e-01 4.10000000e-01 4.24508079e-05
1.70000000e-01 4.10000000e-01 5.03012054e-05
1.80000000e-01 4.10000000e-01 5.93044535e-05
1.90000000e-01 4.10000000e-01 6.95681505e-05
2.00000000e-01 4.10000000e-01 8.11980576e-05
2.10000000e-01 4.10000000e-01 9.42954428e-05
2.20000000e-01 4.10000000e-01 1.08954094e-04
2.30000000e-01 4.10000000e-01 1.25257044e-04
2.40000000e-01 4.10000000e-01 1.43273062e-04
2.50000000e-01 4.10000000e-01 1.63053006e-04
2.60000000e-01 4.10000000e-01 1.84626112e-04
2.70000000e-01 4.10000000e-01 2.07996361e-04
2.80000000e-01 4.10000000e-01 2.33139021e-04
2.90000000e-01 4.10000000e-01 2.59997531e-04
3.00000000e-01 4.10000000e-01 2.88480852e-04
3.10000000e-01 4.10000000e-01 3.18461432e-04
3.20000000e-01 4.10000000e-01 3.49773936e-04
3.30000000e-01 4.10000000e-01 3.82214838e-04
3.40000000e-01 4.10000000e-01 4.15543012e-04
3.50000000e-01 4.10000000e-01 4.49481376e-04
3.60000000e-01 4.10000000e-01 4.83719651e-04
3.70000000e-01 4.10000000e-01 5.17918228e-04
3.80000000e-01 4.10000000e-01 5.51713133e-04
3.90000000e-01 4.10000000e-01 5.84721997e-04
4.00000000e-01 4.10000000e-01 6.16550916e-04
4.10000000e-01 4.10000000e-01 6.46802051e-04
4.20000000e-01 4.10000000e-01 6.75081764e-04
4.30000000e-01 4.10000000e-01 7.01009064e-04
4.40000000e-01 4.10000000e-01 7.24224117e-04
4.50000000e-01 4.10000000e-01 7.44396544e-04
4.60000000e-01 4.10000000e-01 7.61233261e-04
4.70000000e-01 4.10000000e-01 7.74485573e-04
4.80000000e-01 4.10000000e-01 7.83955308e-04
4.90000000e-01 4.10000000e-01 7.89499762e-04
5.00000000e-01 4.10000000e-01 7.91035287e-04
5.10000000e-01 4.10000000e-01 7.88539395e-04
5.20000000e-01 4.10000000e-01 7.82051308e-04
5.30000000e-01 4.10000000e-01 7.71670926e-04
5.40000000e-01 4.10000000e-01 7.57556266e-04
5.50000000e-01 4.10000000e-01 7.39919440e-04
5.60000000e-01 4.10000000e-01 7.19021346e-04
5.70000000e-01 4.10000000e-01 6.95165233e-04
5.80000000e-01 4.10000000e-01 6.68689373e-04
5.90000000e-01 4.10000000e-01 6.39959087e-04
6.00000000e-01 4.10000000e-01 6.09358388e-04
6.10000000e-01 4.10000000e-01 5.77281503e-04
6.20000000e-01 4.10000000e-01 5.44124536e-04
6.30000000e-01 4.10000000e-01 5.10277517e-04
6.40000000e-01 4.10000000e-01 4.76117047e-04
6.50000000e-01 4.10000000e-01 4.41999722e-04
6.60000000e-01 4.10000000e-01 4.08256489e-04
6.70000000e-01 4.10000000e-01 3.75188026e-04
6.80000000e-01 4.10000000e-01 3.43061216e-04
6.90000000e-01 4.10000000e-01 3.12106723e-04
7.00000000e-01 4.10000000e-01 2.82517661e-04
7.10000000e-01 4.10000000e-01 2.54449289e-04
7.20000000e-01 4.10000000e-01 2.28019652e-04
7.30000000e-01 4.10000000e-01 2.03311054e-04
7.40000000e-01 4.10000000e-01 1.80372244e-04
7.50000000e-01 4.10000000e-01 1.59221160e-04
7.60000000e-01 4.10000000e-01 1.39848112e-04
7.70000000e-01 4.10000000e-01 1.22219245e-04
7.80000000e-01 4.10000000e-01 1.06280156e-04
7.90000000e-01 4.10000000e-01 9.19595460e-05
8.00000000e-01 4.10000000e-01 7.91727907e-05
8.10000000e-01 4.10000000e-01 6.78253496e-05
8.20000000e-01 4.10000000e-01 5.78159318e-05
8.30000000e-01 4.10000000e-01 4.90393663e-05
8.40000000e-01 4.10000000e-01 4.13891407e-05
8.50000000e-01 4.10000000e-01 3.47595858e-05
8.60000000e-01 4.10000000e-01 2.90476989e-05
8.70000000e-01 4.10000000e-01 2.41546156e-05
8.80000000e-01 4.10000000e-01 1.99867425e-05
8.90000000e-01 4.10000000e-01 1.64565790e-05
9.00000000e-01 4.10000000e-01 1.34832580e-05
9.10000000e-01 4.10000000e-01 1.09928391e-05
9.20000000e-01 4.10000000e-01 8.91839159e-06
9.30000000e-01 4.10000000e-01 7.19990243e-06
9.40000000e-01 4.10000000e-01 5.78404591e-06
9.50000000e-01 4.10000000e-01 4.62384621e-06
9.60000000e-01 4.10000000e-01 3.67826373e-06
9.70000000e-01 4.10000000e-01 2.91173126e-06
9.80000000e-01 4.10000000e-01 2.29366257e-06
9.90000000e-01 4.10000000e-01 1.79795243e-06
1.00000000e+00 4.10000000e-01 1.40248302e-06
0.00000000e+00 4.20000000e-01 1.55742747e-06
1.00000000e-02 4.20000000e-01 1.99803928e-06
2.00000000e-02 4.20000000e-01 2.55062946e-06
3.00000000e-02 4.20000000e-01 3.23993895e-06
4.00000000e-02 4.20000000e-01 4.09516228e-06
5.00000000e-02 4.20000000e-01 5.15049289e-06
6.00000000e-02 4.20000000e-01 6.44567286e-06
7.00000000e-02 4.20000000e-01 8.02652957e-06
8.00000000e-02 4.20000000e-01 9.94547747e-06
9.00000000e-02 4.20000000e-01 1.22619592e-05
1.00000000e-01 4.20000000e-01 1.50427958e-05
1.10000000e-01 4.20000000e-01 1.83624128e-05
1.20000000e-01 4.20000000e-01 2.23029046e-05
1.30000000e-01 4.20000000e-01 2.69538983e-05
1.40000000e-01 4.20000000e-01 3.24121768e-05
1.50000000e-01 4.20000000e-01 3.87810224e-05
1.60000000e-01 4.20000000e-01 4.61692420e-05
1.70000000e-01 4.20000000e-01 5.46898439e-05
1.80000000e-01 4.20000000e-01 6.44583394e-05
1.90000000e-01 4.20000000e-01 7.55906539e-05
2.00000000e-01 4.20000000e-01 8.82006445e-05
2.10000000e-01 4.20000000e-01 1.02397235e-04
2.20000000e-01 4.20000000e-01 1.18281197e-04
2.30000000e-01 4.20000000e-01 1.35941622e-04
2.40000000e-01 4.20000000e-01 1.55452151e-04
2.50000000e-01 4.20000000e-01 1.76867050e-04
2.60000000e-01 4.20000000e-01 2.00217229e-04
2.70000000e-01 4.20000000e-01 2.25506344e-04
2.80000000e-01 4.20000000e-01 2.52707089e-04
2.90000000e-01 4.20000000e-01 2.81757863e-04
3.00000000e-01 4.20000000e-01 3.12559936e-04
3.10000000e-01 4.20000000e-01 3.44975280e-04
3.20000000e-01 4.20000000e-01 3.78825216e-04
3.30000000e-01 4.20000000e-01 4.13889998e-04
3.40000000e-01 4.20000000e-01 4.49909457e-04
3.50000000e-01 4.20000000e-01 4.86584783e-04
3.60000000e-01 4.20000000e-01 5.23581494e-04
3.70000000e-01 4.20000000e-01 5.60533605e-04
3.80000000e-01 4.20000000e-01 5.97048956e-04
3.90000000e-01 4.20000000e-01 6.32715629e-04
4.00000000e-01 4.20000000e-01 6.67109315e-04
4.10000000e-01 4.20000000e-01 6.99801471e-04
4.20000000e-01 4.20000000e-01 7.30368055e-04
4.30000000e-01 4.20000000e-01 7.58398590e-04
4.40000000e-01 4.20000000e-01 7.83505298e-04
4.50000000e-01 4.20000000e-01 8.05332018e-04
4.60000000e-01 4.20000000e-01 8.23562614e-04
4.70000000e-01 4.20000000e-01 8.37928616e-04
4.80000000e-01 4.20000000e-01 8.48215806e-04
4.90000000e-01 4.20000000e-01 8.54269555e-04
5.00000000e-01 4.20000000e-01 8.55998693e-04
5.10000000e-01 4.20000000e-01 8.53377802e-04
5.20000000e-01 4.20000000e-01 8.46447839e-04
5.30000000e-01 4.20000000e-01 8.35315064e-04
5.40000000e-01 4.20000000e-01 8.20148324e-04
5.50000000e-01 4.20000000e-01 8.01174783e-04
5.60000000e-01 4.20000000e-01 7.78674243e-04
5.70000000e-01 4.20000000e-01 7.52972275e-04
5.80000000e-01 4.20000000e-01 7.24432372e-04
5.90000000e-01 4.20000000e-01 6.93447407e-04
6.00000000e-01 4.20000000e-01 6.60430661e-04
6.10000000e-01 4.20000000e-01 6.25806725e-04
6.20000000e-01 4.20000000e-01 5.90002530e-04
6.30000000e-01 4.20000000e-01 5.53438789e-04
6.40000000e-01 4.20000000e-01 5.16522063e-04
6.50000000e-01 4.20000000e-01 4.79637660e-04
6.60000000e-01 4.20000000e-01 4.43143524e-04
6.70000000e-01 4.20000000e-01 4.07365221e-04
6.80000000e-01 4.20000000e-01 3.72592091e-04
6.90000000e-01 4.20000000e-01 3.39074587e-04
7.00000000e-01 4.20000000e-01 3.07022789e-04
7.10000000e-01 4.20000000e-01 2.76606019e-04
7.20000000e-01 4.20000000e-01 2.47953476e-04
7.30000000e-01 4.20000000e-01 2.21155781e-04
7.40000000e-01 4.20000000e-01 1.96267281e-04
7.50000000e-01 4.20000000e-01 1.73308972e-04
7.60000000e-01 4.20000000e-01 1.52271898e-04
7.70000000e-01 4.20000000e-01 1.33120861e-04
7.80000000e-01 4.20000000e-01 1.15798300e-04
7.90000000e-01 4.20000000e-01 1.00228228e-04
8.00000000e-01 4.20000000e-01 8.63200739e-05
8.10000000e-01 4.20000000e-01 7.39723684e-05
8.20000000e-01 4.20000000e-01 6.30761660e-05
8.30000000e-01 4.20000000e-01 5.35181576e-05
8.40000000e-01 4.20000000e-01 4.51834262e-05
8.50000000e-01 4.20000000e-01 3.79578247e-05
8.60000000e-01 4.20000000e-01 3.17299649e-05
8.70000000e-01 4.20000000e-01 2.63928274e-05
8.80000000e-01 4.20000000e-01 2.18450061e-05
8.90000000e-01 4.20000000e-01 1.79916156e-05
9.00000000e-01 4.20000000e-01 1.47448936e-05
9.10000000e-01 4.20000000e-01 1.20245345e-05
9.20000000e-01 4.20000000e-01 9.75779349e-06
9.30000000e-01 4.20000000e-01 7.87940006e-06
9.40000000e-01 4.20000000e-01 6.33131906e-06
9.50000000e-01 4.20000000e-01 5.06239429e-06
9.60000000e-01 4.20000000e-01 4.02790755e-06
9.70000000e-01 4.20000000e-01 3.18908162e-06
9.80000000e-01 4.20000000e-01 2.51255186e-06
9.90000000e-01 4.20000000e-01 1.96982707e-06
1.00000000e+00 4.20000000e-01 1.53675617e-06
0.00000000e+00 4.30000000e-01 1.68589156e-06
1.00000000e-02 4.30000000e-01 2.16220657e-06
2.00000000e-02 4.30000000e-01 2.75935717e-06
3.00000000e-02 4.30000000e-01 3.50397619e-06
4.00000000e-02 4.30000000e-01 4.42747345e-06
5.00000000e-02 4.30000000e-01 5.56661649e-06
6.00000000e-02 4.30000000e-01 6.96411513e-06
7.00000000e-02 4.30000000e-01 8.66919079e-06
8.00000000e-02 4.30000000e-01 1.07381073e-05
9.00000000e-02 4.30000000e-01 1.32346357e-05
1.00000000e-01 4.30000000e-01 1.62304203e-05
1.10000000e-01 4.30000000e-01 1.98052112e-05
1.20000000e-01 4.30000000e-01 2.40469232e-05
1.30000000e-01 4.30000000e-01 2.90514786e-05
1.40000000e-01 4.30000000e-01 3.49223944e-05
1.50000000e-01 4.30000000e-01 4.17700681e-05
1.60000000e-01 4.30000000e-01 4.97107269e-05
1.70000000e-01 4.30000000e-01 5.88650040e-05
1.80000000e-01 4.30000000e-01 6.93561161e-05
1.90000000e-01 4.30000000e-01 8.13076275e-05
2.00000000e-01 4.30000000e-01 9.48407959e-05
2.10000000e-01 4.30000000e-01 1.10071514e-04
2.20000000e-01 4.30000000e-01 1.27106876e-04
2.30000000e-01 4.30000000e-01 1.46041423e-04
2.40000000e-01 4.30000000e-01 1.66953127e-04
2.50000000e-01 4.30000000e-01 1.89899223e-04
2.60000000e-01 4.30000000e-01 2.14911981e-04
2.70000000e-01 4.30000000e-01 2.41994566e-04
2.80000000e-01 4.30000000e-01 2.71117115e-04
2.90000000e-01 4.30000000e-01 3.02213203e-04
3.00000000e-01 4.30000000e-01 3.35176849e-04
3.10000000e-01 4.30000000e-01 3.69860233e-04
3.20000000e-01 4.30000000e-01 4.06072270e-04
3.30000000e-01 4.30000000e-01 4.43578193e-04
3.40000000e-01 4.30000000e-01 4.82100250e-04
3.50000000e-01 4.30000000e-01 5.21319610e-04
3.60000000e-01 4.30000000e-01 5.60879535e-04
3.70000000e-01 4.30000000e-01 6.00389810e-04
3.80000000e-01 4.30000000e-01 6.39432415e-04
3.90000000e-01 4.30000000e-01 6.77568339e-04
4.00000000e-01 4.30000000e-01 7.14345402e-04
4.10000000e-01 4.30000000e-01 7.49306922e-04
4.20000000e-01 4.30000000e-01 7.82000982e-04
4.30000000e-01 4.30000000e-01 8.11990054e-04
4.40000000e-01 4.30000000e-01 8.38860700e-04
4.50000000e-01 4.30000000e-01 8.62233036e-04
4.60000000e-01 4.30000000e-01 8.81769675e-04
4.70000000e-01 4.30000000e-01 8.97183841e-04
4.80000000e-01 4.30000000e-01 9.08246387e-04
4.90000000e-01 4.30000000e-01 9.14791476e-04
5.00000000e-01 4.30000000e-01 9.16720724e-04
5.10000000e-01 4.30000000e-01 9.14005668e-04
5.20000000e-01 4.30000000e-01 9.06688464e-04
5.30000000e-01 4.30000000e-01 8.94880794e-04
5.40000000e-01 4.30000000e-01 8.78761022e-04
5.50000000e-01 4.30000000e-01 8.58569703e-04
5.60000000e-01 4.30000000e-01 8.34603600e-04
5.70000000e-01 4.30000000e-01 8.07208416e-04
5.80000000e-01 4.30000000e-01 7.76770492e-04
5.90000000e-01 4.30000000e-01 7.43707757e-04
6.00000000e-01 4.30000000e-01 7.08460210e-04
6.10000000e-01 4.30000000e-01 6.71480251e-04
6.20000000e-01 4.30000000e-01 6.33223145e-04
6.30000000e-01 4.30000000e-01 5.94137898e-04
6.40000000e-01 4.30000000e-01 5.54658803e-04
6.50000000e-01 4.30000000e-01 5.15197844e-04
6.60000000e-01 4.30000000e-01 4.76138148e-04
6.70000000e-01 4.30000000e-01 4.37828597e-04
6.80000000e-01 4.30000000e-01 4.00579675e-04
6.90000000e-01 4.30000000e-01 3.64660575e-04
7.00000000e-01 4.30000000e-01 3.30297546e-04
7.10000000e-01 4.30000000e-01 2.97673426e-04
7.20000000e-01 4.30000000e-01 2.66928258e-04
7.30000000e-01 4.30000000e-01 2.38160875e-04
7.40000000e-01 4.30000000e-01 2.11431309e-04
7.50000000e-01 4.30000000e-01 1.86763865e-04
7.60000000e-01 4.30000000e-01 1.64150706e-04
7.70000000e-01 4.30000000e-01 1.43555783e-04
7.80000000e-01 4.30000000e-01 1.24918961e-04
7.90000000e-01 4.30000000e-01 1.08160197e-04
8.00000000e-01 4.30000000e-01 9.31836477e-05
8.10000000e-01 4.30000000e-01 7.98816035e-05
8.20000000e-01 4.30000000e-01 6.81381527e-05
8.30000000e-01 4.30000000e-01 5.78325206e-05
8.40000000e-01 4.30000000e-01 4.88420316e-05
8.50000000e-01 4.30000000e-01 4.10446709e-05
8.60000000e-01 4.30000000e-01 3.43212330e-05
8.70000000e-01 4.30000000e-01 2.85570661e-05
8.80000000e-01 4.30000000e-01 2.36434255e-05
8.90000000e-01 4.30000000e-01 1.94784668e-05
9.00000000e-01 4.30000000e-01 1.59679106e-05
9.10000000e-01 4.30000000e-01 1.30254184e-05
9.20000000e-01 4.30000000e-01 1.05727212e-05
9.30000000e-01 4.30000000e-01 8.53954109e-06
9.40000000e-01 4.30000000e-01 6.86334721e-06
9.50000000e-01 4.30000000e-01 5.48898450e-06
9.60000000e-01 4.30000000e-01 4.36820896e-06
9.70000000e-01 4.30000000e-01 3.45916099e-06
9.80000000e-01 4.30000000e-01 2.72580340e-06
9.90000000e-01 4.30000000e-01 2.13734614e-06
1.00000000e+00 4.30000000e-01 1.66767613e-06
0.00000000e+00 4.40000000e-01 1.80710306e-06
1.00000000e-02 4.40000000e-01 2.31695280e-06
2.00000000e-02 4.40000000e-01 2.95590481e-06
3.00000000e-02 4.40000000e-01 3.75234153e-06
4.00000000e-02 4.40000000e-01 4.73971697e-06
5.00000000e-02 4.40000000e-01 5.95716871e-06
6.00000000e-02 4.40000000e-01 7.45013271e-06
7.00000000e-02 4.40000000e-01 9.27094073e-06
8.00000000e-02 4.40000000e-01 1.14793756e-05
9.00000000e-02 4.40000000e-01 1.41431552e-05
1.00000000e-01 4.40000000e-01 1.73383107e-05
1.10000000e-01 4.40000000e-01 2.11494221e-05
1.20000000e-01 4.40000000e-01 2.56696686e-05
1.30000000e-01 4.40000000e-01 3.10006510e-05
1.40000000e-01 4.40000000e-01 3.72519416e-05
1.50000000e-01 4.40000000e-01 4.45403171e-05
1.60000000e-01 4.40000000e-01 5.29886352e-05
1.70000000e-01 4.40000000e-01 6.27243184e-05
1.80000000e-01 4.40000000e-01 7.38774194e-05
1.90000000e-01 4.40000000e-01 8.65782512e-05
2.00000000e-01 4.40000000e-01 1.00954579e-04
2.10000000e-01 4.40000000e-01 1.17128390e-04
2.20000000e-01 4.40000000e-01 1.35212272e-04
2.30000000e-01 4.40000000e-01 1.55305451e-04
2.40000000e-01 4.40000000e-01 1.77489573e-04
2.50000000e-01 4.40000000e-01 2.01824314e-04
2.60000000e-01 4.40000000e-01 2.28342942e-04
2.70000000e-01 4.40000000e-01 2.57047972e-04
2.80000000e-01 4.40000000e-01 2.87907052e-04
2.90000000e-01 4.40000000e-01 3.20849269e-04
3.00000000e-01 4.40000000e-01 3.55762015e-04
3.10000000e-01 4.40000000e-01 3.92488608e-04
3.20000000e-01 4.40000000e-01 4.30826817e-04
3.30000000e-01 4.40000000e-01 4.70528440e-04
3.40000000e-01 4.40000000e-01 5.11300058e-04
3.50000000e-01 4.40000000e-01 5.52805057e-04
3.60000000e-01 4.40000000e-01 5.94666968e-04
3.70000000e-01 4.40000000e-01 6.36474139e-04
3.80000000e-01 4.40000000e-01 6.77785695e-04
3.90000000e-01 4.40000000e-01 7.18138703e-04
4.00000000e-01 4.40000000e-01 7.57056389e-04
4.10000000e-01 4.40000000e-01 7.94057237e-04
4.20000000e-01 4.40000000e-01 8.28664723e-04
4.30000000e-01 4.40000000e-01 8.60417422e-04
4.40000000e-01 4.40000000e-01 8.88879190e-04
4.50000000e-01 4.40000000e-01 9.13649112e-04
4.60000000e-01 4.40000000e-01 9.34370899e-04
4.70000000e-01 4.40000000e-01 9.50741419e-04
4.80000000e-01 4.40000000e-01 9.62518090e-04
4.90000000e-01 4.40000000e-01 9.69524870e-04
5.00000000e-01 4.40000000e-01 9.71656643e-04
5.10000000e-01 4.40000000e-01 9.68881846e-04
5.20000000e-01 4.40000000e-01 9.61243245e-04
5.30000000e-01 4.40000000e-01 9.48856840e-04
5.40000000e-01 4.40000000e-01 9.31908925e-04
5.50000000e-01 4.40000000e-01 9.10651416e-04
5.60000000e-01 4.40000000e-01 8.85395616e-04
5.70000000e-01 4.40000000e-01 8.56504619e-04
5.80000000e-01 4.40000000e-01 8.24384625e-04
5.90000000e-01 4.40000000e-01 7.89475453e-04
6.00000000e-01 4.40000000e-01 7.52240550e-04
6.10000000e-01 4.40000000e-01 7.13156835e-04
6.20000000e-01 4.40000000e-01 6.72704663e-04
6.30000000e-01 4.40000000e-01 6.31358214e-04
6.40000000e-01 4.40000000e-01 5.89576558e-04
6.50000000e-01 4.40000000e-01 5.47795630e-04
6.60000000e-01 4.40000000e-01 5.06421283e-04
6.70000000e-01 4.40000000e-01 4.65823558e-04
6.80000000e-01 4.40000000e-01 4.26332239e-04
6.90000000e-01 4.40000000e-01 3.88233740e-04
7.00000000e-01 4.40000000e-01 3.51769293e-04
7.10000000e-01 4.40000000e-01 3.17134381e-04
7.20000000e-01 4.40000000e-01 2.84479320e-04
7.30000000e-01 4.40000000e-01 2.53910871e-04
7.40000000e-01 4.40000000e-01 2.25494716e-04
7.50000000e-01 4.40000000e-01 1.99258657e-04
7.60000000e-01 4.40000000e-01 1.75196358e-04
7.70000000e-01 4.40000000e-01 1.53271458e-04
7.80000000e-01 4.40000000e-01 1.33421906e-04
7.90000000e-01 4.40000000e-01 1.15564364e-04
8.00000000e-01 4.40000000e-01 9.95985386e-05
8.10000000e-01 4.40000000e-01 8.54113390e-05
8.20000000e-01 4.40000000e-01 7.28807627e-05
8.30000000e-01 4.40000000e-01 6.18794395e-05
8.40000000e-01 4.40000000e-01 5.22777838e-05
8.50000000e-01 4.40000000e-01 4.39467263e-05
8.60000000e-01 4.40000000e-01 3.67600127e-05
8.70000000e-01 4.40000000e-01 3.05960743e-05
8.80000000e-01 4.40000000e-01 2.53394873e-05
8.90000000e-01 4.40000000e-01 2.08820479e-05
9.00000000e-01 4.40000000e-01 1.71234996e-05
9.10000000e-01 4.40000000e-01 1.39719532e-05
9.20000000e-01 4.40000000e-01 1.13440406e-05
9.30000000e-01 4.40000000e-01 9.16484868e-06
9.40000000e-01 4.40000000e-01 7.36767455e-06
9.50000000e-01 4.40000000e-01 5.89364263e-06
9.60000000e-01 4.40000000e-01 4.69122097e-06
9.70000000e-01 4.40000000e-01 3.71566936e-06
9.80000000e-01 4.40000000e-01 2.92844783e-06
9.90000000e-01 4.40000000e-01 2.29660956e-06
1.00000000e+00 4.40000000e-01 1.79219741e-06
0.00000000e+00 4.50000000e-01 1.91799543e-06
1.00000000e-02 4.50000000e-01 2.45835933e-06
2.00000000e-02 4.50000000e-01 3.13529032e-06
3.00000000e-02 4.50000000e-01 3.97873303e-06
4.00000000e-02 4.50000000e-01 5.02396175e-06
5.00000000e-02 4.50000000e-01 6.31221863e-06
6.00000000e-02 4.50000000e-01 7.89135342e-06
7.00000000e-02 4.50000000e-01 9.81644363e-06
8.00000000e-02 4.50000000e-01 1.21503690e-05
9.00000000e-02 4.50000000e-01 1.49643094e-05
1.00000000e-01 4.50000000e-01 1.83381316e-05
1.10000000e-01 4.50000000e-01 2.23606234e-05
1.20000000e-01 4.50000000e-01 2.71295346e-05
1.30000000e-01 4.50000000e-01 3.27513771e-05
1.40000000e-01 4.50000000e-01 3.93409402e-05
1.50000000e-01 4.50000000e-01 4.70204734e-05
1.60000000e-01 4.50000000e-01 5.59184982e-05
1.70000000e-01 4.50000000e-01 6.61682101e-05
1.80000000e-01 4.50000000e-01 7.79054444e-05
1.90000000e-01 4.50000000e-01 9.12661910e-05
2.00000000e-01 4.50000000e-01 1.06383654e-04
2.10000000e-01 4.50000000e-01 1.23384875e-04
2.20000000e-01 4.50000000e-01 1.42386951e-04
2.30000000e-01 4.50000000e-01 1.63492907e-04
2.40000000e-01 4.50000000e-01 1.86787296e-04
2.50000000e-01 4.50000000e-01 2.12331640e-04
2.60000000e-01 4.50000000e-01 2.40159810e-04
2.70000000e-01 4.50000000e-01 2.70273523e-04
2.80000000e-01 4.50000000e-01 3.02638072e-04
2.90000000e-01 4.50000000e-01 3.37178502e-04
3.00000000e-01 4.50000000e-01 3.73776375e-04
3.10000000e-01 4.50000000e-01 4.12267312e-04
3.20000000e-01 4.50000000e-01 4.52439489e-04
3.30000000e-01 4.50000000e-01 4.94033215e-04
3.40000000e-01 4.50000000e-01 5.36741742e-04
3.50000000e-01 4.50000000e-01 5.80213380e-04
3.60000000e-01 4.50000000e-01 6.24054992e-04
3.70000000e-01 4.50000000e-01 6.67836851e-04
3.80000000e-01 4.50000000e-01 7.11098854e-04
3.90000000e-01 4.50000000e-01 7.53357960e-04
4.00000000e-01 4.50000000e-01 7.94116738e-04
4.10000000e-01 4.50000000e-01 8.32872818e-04
4.20000000e-01 4.50000000e-01 8.69129001e-04
4.30000000e-01 4.50000000e-01 9.02403756e-04
4.40000000e-01 4.50000000e-01 9.32241804e-04
4.50000000e-01 4.50000000e-01 9.58224454e-04
4.60000000e-01 4.50000000e-01 9.79979367e-04
4.70000000e-01 4.50000000e-01 9.97189445e-04
4.80000000e-01 4.50000000e-01 1.00960052e-03
4.90000000e-01 4.50000000e-01 1.01702762e-03
5.00000000e-01 4.50000000e-01 1.01935954e-03
5.10000000e-01 4.50000000e-01 1.01656164e-03
5.20000000e-01 4.50000000e-01 1.00867668e-03
5.30000000e-01 4.50000000e-01 9.95823751e-04
5.40000000e-01 4.50000000e-01 9.78195253e-04
5.50000000e-01 4.50000000e-01 9.56052119e-04
5.60000000e-01 4.50000000e-01 9.29717369e-04
5.70000000e-01 4.50000000e-01 8.99568272e-04
5.80000000e-01 4.50000000e-01 8.66027350e-04
5.90000000e-01 4.50000000e-01 8.29552545e-04
6.00000000e-01 4.50000000e-01 7.90626853e-04
6.10000000e-01 4.50000000e-01 7.49747759e-04
6.20000000e-01 4.50000000e-01 7.07416792e-04
6.30000000e-01 4.50000000e-01 6.64129504e-04
6.40000000e-01 4.50000000e-01 6.20366134e-04
6.50000000e-01 4.50000000e-01 5.76583208e-04
6.60000000e-01 4.50000000e-01 5.33206249e-04
6.70000000e-01 4.50000000e-01 4.90623737e-04
6.80000000e-01 4.50000000e-01 4.49182411e-04
6.90000000e-01 4.50000000e-01 4.09183945e-04
7.00000000e-01 4.50000000e-01 3.70882976e-04
7.10000000e-01 4.50000000e-01 3.34486441e-04
7.20000000e-01 4.50000000e-01 3.00154104e-04
7.30000000e-01 4.50000000e-01 2.68000166e-04
7.40000000e-01 4.50000000e-01 2.38095792e-04
7.50000000e-01 4.50000000e-01 2.10472390e-04
7.60000000e-01 4.50000000e-01 1.85125477e-04
7.70000000e-01 4.50000000e-01 1.62018937e-04
7.80000000e-01 4.50000000e-01 1.41089530e-04
7.90000000e-01 4.50000000e-01 1.22251475e-04
8.00000000e-01 4.50000000e-01 1.05400975e-04
8.10000000e-01 4.50000000e-01 9.04205670e-05
8.20000000e-01 4.50000000e-01 7.71831992e-05
8.30000000e-01 4.50000000e-01 6.55559534e-05
8.40000000e-01 4.50000000e-01 5.54033669e-05
8.50000000e-01 4.50000000e-01 4.65903170e-05
8.60000000e-01 4.50000000e-01 3.89844550e-05
8.70000000e-01 4.50000000e-01 3.24581934e-05
8.80000000e-01 4.50000000e-01 2.68902628e-05
8.90000000e-01 4.50000000e-01 2.21668658e-05
9.00000000e-01 4.50000000e-01 1.81824648e-05
9.10000000e-01 4.50000000e-01 1.48402448e-05
9.20000000e-01 4.50000000e-01 1.20522960e-05
9.30000000e-01 4.50000000e-01 9.73956211e-06
9.40000000e-01 4.50000000e-01 7.83159863e-06
9.50000000e-01 4.50000000e-01 6.26618331e-06
9.60000000e-01 4.50000000e-01 4.98881825e-06
9.70000000e-01 4.50000000e-01 3.95215788e-06
9.80000000e-01 4.50000000e-01 3.11539313e-06
9.90000000e-01 4.50000000e-01 2.44361724e-06
1.00000000e+00 4.50000000e-01 1.90719378e-06
0.00000000e+00 4.60000000e-01 2.01559451e-06
1.00000000e-02 4.60000000e-01 2.58263330e-06
2.00000000e-02 4.60000000e-01 3.29270175e-06
3.00000000e-02 4.60000000e-01 4.17707725e-06
4.00000000e-02 4.60000000e-01 5.27258160e-06
5.00000000e-02 4.60000000e-01 6.62223947e-06
6.00000000e-02 4.60000000e-01 8.27593717e-06
7.00000000e-02 4.60000000e-01 1.02910595e-05
8.00000000e-02 4.60000000e-01 1.27330775e-05
9.00000000e-02 4.60000000e-01 1.56760557e-05
1.00000000e-01 4.60000000e-01 1.92030413e-05
1.10000000e-01 4.60000000e-01 2.34062953e-05
1.20000000e-01 4.60000000e-01 2.83873205e-05
1.30000000e-01 4.60000000e-01 3.42566407e-05
1.40000000e-01 4.60000000e-01 4.11332827e-05
1.50000000e-01 4.60000000e-01 4.91439157e-05
1.60000000e-01 4.60000000e-01 5.84216058e-05
1.70000000e-01 4.60000000e-01 6.91041488e-05
1.80000000e-01 4.60000000e-01 8.13319537e-05
1.90000000e-01 4.60000000e-01 9.52454618e-05
2.00000000e-01 4.60000000e-01 1.10982101e-04
2.10000000e-01 4.60000000e-01 1.28672789e-04
2.20000000e-01 4.60000000e-01 1.48438031e-04
2.30000000e-01 4.60000000e-01 1.70383655e-04
2.40000000e-01 4.60000000e-01 1.94596283e-04
2.50000000e-01 4.60000000e-01 2.21138629e-04
2.60000000e-01 4.60000000e-01 2.50044764e-04
2.70000000e-01 4.60000000e-01 2.81315473e-04
2.80000000e-01 4.60000000e-01 3.14913893e-04
2.90000000e-01 4.60000000e-01 3.50761585e-04
3.00000000e-01 4.60000000e-01 3.88735229e-04
3.10000000e-01 4.60000000e-01 4.28664127e-04
3.20000000e-01 4.60000000e-01 4.70328670e-04
3.30000000e-01 4.60000000e-01 5.13459936e-04
3.40000000e-01 4.60000000e-01 5.57740541e-04
3.50000000e-01 4.60000000e-01 6.02806840e-04
3.60000000e-01 4.60000000e-01 6.48252530e-04
3.70000000e-01 4.60000000e-01 6.93633671e-04
3.80000000e-01 4.60000000e-01 7.38475066e-04
3.90000000e-01 4.60000000e-01 7.82277930e-04
4.00000000e-01 4.60000000e-01 8.24528670e-04
4.10000000e-01 4.60000000e-01 8.64708601e-04
4.20000000e-01 4.60000000e-01 9.02304337e-04
4.30000000e-01 4.60000000e-01 9.36818583e-04
4.40000000e-01 4.60000000e-01 9.67781009e-04
4.50000000e-01 4.60000000e-01 9.94758876e-04
4.60000000e-01 4.60000000e-01 1.01736709e-03
4.70000000e-01 4.60000000e-01 1.03527735e-03
4.80000000e-01 4.60000000e-01 1.04822606e-03
4.90000000e-01 4.60000000e-01 1.05602082e-03
5.00000000e-01 4.60000000e-01 1.05854517e-03
5.10000000e-01 4.60000000e-01 1.05576149e-03
5.20000000e-01 4.60000000e-01 1.04771191e-03
5.30000000e-01 4.60000000e-01 1.03451729e-03
5.40000000e-01 4.60000000e-01 1.01637417e-03
5.50000000e-01 4.60000000e-01 9.93549901e-04
5.60000000e-01 4.60000000e-01 9.66376079e-04
5.70000000e-01 4.60000000e-01 9.35240545e-04
5.80000000e-01 4.60000000e-01 9.00578168e-04
5.90000000e-01 4.60000000e-01 8.62860762e-04
6.00000000e-01 4.60000000e-01 8.22586436e-04
6.10000000e-01 4.60000000e-01 7.80268737e-04
6.20000000e-01 4.60000000e-01 7.36425880e-04
6.30000000e-01 4.60000000e-01 6.91570412e-04
6.40000000e-01 4.60000000e-01 6.46199562e-04
6.50000000e-01 4.60000000e-01 6.00786532e-04
6.60000000e-01 4.60000000e-01 5.55772925e-04
6.70000000e-01 4.60000000e-01 5.11562452e-04
6.80000000e-01 4.60000000e-01 4.68516002e-04
6.90000000e-01 4.60000000e-01 4.26948134e-04
7.00000000e-01 4.60000000e-01 3.87124960e-04
7.10000000e-01 4.60000000e-01 3.49263366e-04
7.20000000e-01 4.60000000e-01 3.13531485e-04
7.30000000e-01 4.60000000e-01 2.80050277e-04
7.40000000e-01 4.60000000e-01 2.48896071e-04
7.50000000e-01 4.60000000e-01 2.20103897e-04
7.60000000e-01 4.60000000e-01 1.93671427e-04
7.70000000e-01 4.60000000e-01 1.69563343e-04
7.80000000e-01 4.60000000e-01 1.47715975e-04
7.90000000e-01 4.60000000e-01 1.28042016e-04
8.00000000e-01 4.60000000e-01 1.10435208e-04
8.10000000e-01 4.60000000e-01 9.47748447e-05
8.20000000e-01 4.60000000e-01 8.09300009e-05
8.30000000e-01 4.60000000e-01 6.87634082e-05
8.40000000e-01 4.60000000e-01 5.81349186e-05
8.50000000e-01 4.60000000e-01 4.89045198e-05
8.60000000e-01 4.60000000e-01 4.09348872e-05
8.70000000e-01 4.60000000e-01 3.40934745e-05
8.80000000e-01 4.60000000e-01 2.82541580e-05
8.90000000e-01 4.60000000e-01 2.32984629e-05
9.00000000e-01 4.60000000e-01 1.91164078e-05
9.10000000e-01 4.60000000e-01 1.56070098e-05
9.20000000e-01 4.60000000e-01 1.26784967e-05
9.30000000e-01 4.60000000e-01 1.02482724e-05
9.40000000e-01 4.60000000e-01 8.24268170e-06
9.50000000e-01 4.60000000e-01 6.59661933e-06
9.60000000e-01 4.60000000e-01 5.25302311e-06
9.70000000e-01 4.60000000e-01 4.16228732e-06
9.80000000e-01 4.60000000e-01 3.28162832e-06
9.90000000e-01 4.60000000e-01 2.57442885e-06
1.00000000e+00 4.60000000e-01 2.00958304e-06
0.00000000e+00 4.70000000e-01 2.09714878e-06
1.00000000e-02 4.70000000e-01 2.68627385e-06
2.00000000e-02 4.70000000e-01 3.42370831e-06
3.00000000e-02 4.70000000e-01 4.34179598e-06
4.00000000e-02 4.70000000e-01 5.47859050e-06
5.00000000e-02 4.70000000e-01 6.87852783e-06
6.00000000e-02 4.70000000e-01 8.59309749e-06
7.00000000e-02 4.70000000e-01 1.06814897e-05
8.00000000e-02 4.70000000e-01 1.32111904e-05
9.00000000e-02 4.70000000e-01 1.62584919e-05
1.00000000e-01 4.70000000e-01 1.99088806e-05
1.10000000e-01 4.70000000e-01 2.42572609e-05
1.20000000e-01 4.70000000e-01 2.94079700e-05
1.30000000e-01 4.70000000e-01 3.54745353e-05
1.40000000e-01 4.70000000e-01 4.25791280e-05
1.50000000e-01 4.70000000e-01 5.08516645e-05
1.60000000e-01 4.70000000e-01 6.04285151e-05
1.70000000e-01 4.70000000e-01 7.14507808e-05
1.80000000e-01 4.70000000e-01 8.40621136e-05
1.90000000e-01 4.70000000e-01 9.84060644e-05
2.00000000e-01 4.70000000e-01 1.14622957e-04
2.10000000e-01 4.70000000e-01 1.32846311e-04
2.20000000e-01 4.70000000e-01 1.53198845e-04
2.30000000e-01 4.70000000e-01 1.75788127e-04
2.40000000e-01 4.70000000e-01 2.00701953e-04
2.50000000e-01 4.70000000e-01 2.28003560e-04
2.60000000e-01 4.70000000e-01 2.57726801e-04
2.70000000e-01 4.70000000e-01 2.89871436e-04
2.80000000e-01 4.70000000e-01 3.24398701e-04
2.90000000e-01 4.70000000e-01 3.61227327e-04
3.00000000e-01 4.70000000e-01 4.00230202e-04
3.10000000e-01 4.70000000e-01 4.41231849e-04
3.20000000e-01 4.70000000e-01 4.84006897e-04
3.30000000e-01 4.70000000e-01 5.28279695e-04
3.40000000e-01 4.70000000e-01 5.73725203e-04
3.50000000e-01 4.70000000e-01 6.19971254e-04
3.60000000e-01 4.70000000e-01 6.66602240e-04
3.70000000e-01 4.70000000e-01 7.13164231e-04
3.80000000e-01 4.70000000e-01 7.59171483e-04
3.90000000e-01 4.70000000e-01 8.04114237e-04
4.00000000e-01 4.70000000e-01 8.47467659e-04
4.10000000e-01 4.70000000e-01 8.88701720e-04
4.20000000e-01 4.70000000e-01 9.27291764e-04
4.30000000e-01 4.70000000e-01 9.62729483e-04
4.40000000e-01 4.70000000e-01 9.94533978e-04
4.50000000e-01 4.70000000e-01 1.02226257e-03
4.60000000e-01 4.70000000e-01 1.04552104e-03
4.70000000e-01 4.70000000e-01 1.06397293e-03
4.80000000e-01 4.70000000e-01 1.07734765e-03
4.90000000e-01 4.70000000e-01 1.08544710e-03
5.00000000e-01 4.70000000e-01 1.08815050e-03
5.10000000e-01 4.70000000e-01 1.08541743e-03
5.20000000e-01 4.70000000e-01 1.07728884e-03
5.30000000e-01 4.70000000e-01 1.06388598e-03
5.40000000e-01 4.70000000e-01 1.04540745e-03
5.50000000e-01 4.70000000e-01 1.02212427e-03
5.60000000e-01 4.70000000e-01 9.94373258e-04
5.70000000e-01 4.70000000e-01 9.62548960e-04
5.80000000e-01 4.70000000e-01 9.27094295e-04
5.90000000e-01 4.70000000e-01 8.88490332e-04
6.00000000e-01 4.70000000e-01 8.47245473e-04
6.10000000e-01 4.70000000e-01 8.03884391e-04
6.20000000e-01 4.70000000e-01 7.58937062e-04
6.30000000e-01 4.70000000e-01 7.12928200e-04
6.40000000e-01 4.70000000e-01 6.66367386e-04
6.50000000e-01 4.70000000e-01 6.19740136e-04
6.60000000e-01 4.70000000e-01 5.73500113e-04
6.70000000e-01 4.70000000e-01 5.28062628e-04
6.80000000e-01 4.70000000e-01 4.83799533e-04
6.90000000e-01 4.70000000e-01 4.41035544e-04
7.00000000e-01 4.70000000e-01 4.00045992e-04
7.10000000e-01 4.70000000e-01 3.61055935e-04
7.20000000e-01 4.70000000e-01 3.24240557e-04
7.30000000e-01 4.70000000e-01 2.89726701e-04
7.40000000e-01 4.70000000e-01 2.57595393e-04
7.50000000e-01 4.70000000e-01 2.27885189e-04
7.60000000e-01 4.70000000e-01 2.00596152e-04
7.70000000e-01 4.70000000e-01 1.75694286e-04
7.80000000e-01 4.70000000e-01 1.53116244e-04
7.90000000e-01 4.70000000e-01 1.32774152e-04
8.00000000e-01 4.70000000e-01 1.14560394e-04
8.10000000e-01 4.70000000e-01 9.83522270e-05
8.20000000e-01 4.70000000e-01 8.40161313e-05
8.30000000e-01 4.70000000e-01 7.14118010e-05
8.40000000e-01 4.70000000e-01 6.03957189e-05
8.50000000e-01 4.70000000e-01 5.08242783e-05
8.60000000e-01 4.70000000e-01 4.25564321e-05
8.70000000e-01 4.70000000e-01 3.54558695e-05
8.80000000e-01 4.70000000e-01 2.93927365e-05
8.90000000e-01 4.70000000e-01 2.42449252e-05
9.00000000e-01 4.70000000e-01 1.98989699e-05
9.10000000e-01 4.70000000e-01 1.62505933e-05
9.20000000e-01 4.70000000e-01 1.32049465e-05
9.30000000e-01 4.70000000e-01 1.06765950e-05
9.40000000e-01 4.70000000e-01 8.58929316e-06
9.50000000e-01 4.70000000e-01 6.87559695e-06
9.60000000e-01 4.70000000e-01 5.47635306e-06
9.70000000e-01 4.70000000e-01 4.34010405e-06
9.80000000e-01 4.70000000e-01 3.42244154e-06
9.90000000e-01 4.70000000e-01 2.68533528e-06
1.00000000e+00 4.70000000e-01 2.09646108e-06
0.00000000e+00 4.80000000e-01 2.16025720e-06
1.00000000e-02 4.80000000e-01 2.76623479e-06
2.00000000e-02 4.80000000e-01 3.52446621e-06
3.00000000e-02 4.80000000e-01 4.46806512e-06
4.00000000e-02 4.80000000e-01 5.63596667e-06
5.00000000e-02 4.80000000e-01 7.07360725e-06
6.00000000e-02 4.80000000e-01 8.83360150e-06
7.00000000e-02 4.80000000e-01 1.09763931e-05
8.00000000e-02 4.80000000e-01 1.35708508e-05
9.00000000e-02 4.80000000e-01 1.66947770e-05
1.00000000e-01 4.80000000e-01 2.04352893e-05
1.10000000e-01 4.80000000e-01 2.48890350e-05
1.20000000e-01 4.80000000e-01 3.01621903e-05
1.30000000e-01 4.80000000e-01 3.63701988e-05
1.40000000e-01 4.80000000e-01 4.36372000e-05
1.50000000e-01 4.80000000e-01 5.20951010e-05
1.60000000e-01 4.80000000e-01 6.18822501e-05
1.70000000e-01 4.80000000e-01 7.31416750e-05
1.80000000e-01 4.80000000e-01 8.60188593e-05
1.90000000e-01 4.80000000e-01 1.00659044e-04
2.00000000e-01 4.80000000e-01 1.17204055e-04
2.10000000e-01 4.80000000e-01 1.35788672e-04
2.20000000e-01 4.80000000e-01 1.56536588e-04
2.30000000e-01 4.80000000e-01 1.79556012e-04
2.40000000e-01 4.80000000e-01 2.04934999e-04
2.50000000e-01 4.80000000e-01 2.32736629e-04
2.60000000e-01 4.80000000e-01 2.62994145e-04
2.70000000e-01 4.80000000e-01 2.95706219e-04
2.80000000e-01 4.80000000e-01 3.30832502e-04
2.90000000e-01 4.80000000e-01 3.68289631e-04
3.00000000e-01 4.80000000e-01 4.07947891e-04
3.10000000e-01 4.80000000e-01 4.49628701e-04
3.20000000e-01 4.80000000e-01 4.93103098e-04
3.30000000e-01 4.80000000e-01 5.38091379e-04
3.40000000e-01 4.80000000e-01 5.84264022e-04
3.50000000e-01 4.80000000e-01 6.31243989e-04
3.60000000e-01 4.80000000e-01 6.78610453e-04
3.70000000e-01 4.80000000e-01 7.25903973e-04
3.80000000e-01 4.80000000e-01 7.72633054e-04
3.90000000e-01 4.80000000e-01 8.18282008e-04
4.00000000e-01 4.80000000e-01 8.62319954e-04
4.10000000e-01 4.80000000e-01 9.04210767e-04
4.20000000e-01 4.80000000e-01 9.43423713e-04
4.30000000e-01 4.80000000e-01 9.79444495e-04
4.40000000e-01 4.80000000e-01 1.01178639e-03
4.50000000e-01 4.80000000e-01 1.04000112e-03
4.60000000e-01 4.80000000e-01 1.06368921e-03
4.70000000e-01 4.80000000e-01 1.08250933e-03
4.80000000e-01 4.80000000e-01 1.09618649e-03
4.90000000e-01 4.80000000e-01 1.10451873e-03
5.00000000e-01 4.80000000e-01 1.10738207e-03
5.10000000e-01 4.80000000e-01 1.10473357e-03
5.20000000e-01 4.80000000e-01 1.09661242e-03
5.30000000e-01 4.80000000e-01 1.08313898e-03
5.40000000e-01 4.80000000e-01 1.06451177e-03
5.50000000e-01 4.80000000e-01 1.04100266e-03
5.60000000e-01 4.80000000e-01 1.01295026e-03
5.70000000e-01 4.80000000e-01 9.80751777e-04
5.80000000e-01 4.80000000e-01 9.44853709e-04
5.90000000e-01 4.80000000e-01 9.05741558e-04
6.00000000e-01 4.80000000e-01 8.63928943e-04
6.10000000e-01 4.80000000e-01 8.19946468e-04
6.20000000e-01 4.80000000e-01 7.74330645e-04
6.30000000e-01 4.80000000e-01 7.27613222e-04
6.40000000e-01 4.80000000e-01 6.80311177e-04
6.50000000e-01 4.80000000e-01 6.32917656e-04
6.60000000e-01 4.80000000e-01 5.85894038e-04
6.70000000e-01 4.80000000e-01 5.39663297e-04
6.80000000e-01 4.80000000e-01 4.94604752e-04
6.90000000e-01 4.80000000e-01 4.51050267e-04
7.00000000e-01 4.80000000e-01 4.09281873e-04
7.10000000e-01 4.80000000e-01 3.69530788e-04
7.20000000e-01 4.80000000e-01 3.31977720e-04
7.30000000e-01 4.80000000e-01 2.96754336e-04
7.40000000e-01 4.80000000e-01 2.63945748e-04
7.50000000e-01 4.80000000e-01 2.33593824e-04
7.60000000e-01 4.80000000e-01 2.05701171e-04
7.70000000e-01 4.80000000e-01 1.80235576e-04
7.80000000e-01 4.80000000e-01 1.57134756e-04
7.90000000e-01 4.80000000e-01 1.36311218e-04
8.00000000e-01 4.80000000e-01 1.17657113e-04
8.10000000e-01 4.80000000e-01 1.01048914e-04
8.20000000e-01 4.80000000e-01 8.63518458e-05
8.30000000e-01 4.80000000e-01 7.34239520e-05
8.40000000e-01 4.80000000e-01 6.21197481e-05
8.50000000e-01 4.80000000e-01 5.22934218e-05
8.60000000e-01 4.80000000e-01 4.38015552e-05
8.70000000e-01 4.80000000e-01 3.65053693e-05
8.80000000e-01 4.80000000e-01 3.02725050e-05
8.90000000e-01 4.80000000e-01 2.49783656e-05
9.00000000e-01 4.80000000e-01 2.05070584e-05
9.10000000e-01 4.80000000e-01 1.67519761e-05
9.20000000e-01 4.80000000e-01 1.36160667e-05
9.30000000e-01 4.80000000e-01 1.10118388e-05
9.40000000e-01 4.80000000e-01 8.86115106e-06
9.50000000e-01 4.80000000e-01 7.09483153e-06
9.60000000e-01 4.80000000e-01 5.65216936e-06
9.70000000e-01 4.80000000e-01 4.48031743e-06
9.80000000e-01 4.80000000e-01 3.53363968e-06
9.90000000e-01 4.80000000e-01 2.77303154e-06
1.00000000e+00 4.80000000e-01 2.16523723e-06
0.00000000e+00 4.90000000e-01 2.20298656e-06
1.00000000e-02 4.90000000e-01 2.82007314e-06
2.00000000e-02 4.90000000e-01 3.59190574e-06
3.00000000e-02 4.90000000e-01 4.55204921e-06
4.00000000e-02 4.90000000e-01 5.73994477e-06
5.00000000e-02 4.90000000e-01 7.20159026e-06
6.00000000e-02 4.90000000e-01 8.99021605e-06
7.00000000e-02 4.90000000e-01 1.11669328e-05
8.00000000e-02 4.90000000e-01 1.38013225e-05
9.00000000e-02 4.90000000e-01 1.69719394e-05
1.00000000e-01 4.90000000e-01 2.07666817e-05
1.10000000e-01 4.90000000e-01 2.52829934e-05
1.20000000e-01 4.90000000e-01 3.06278481e-05
1.30000000e-01 4.90000000e-01 3.69174705e-05
1.40000000e-01 4.90000000e-01 4.42767446e-05
1.50000000e-01 4.90000000e-01 5.28382648e-05
1.60000000e-01 4.90000000e-01 6.27409870e-05
1.70000000e-01 4.90000000e-01 7.41284446e-05
1.80000000e-01 4.90000000e-01 8.71465040e-05
1.90000000e-01 4.90000000e-01 1.01940646e-04
2.00000000e-01 4.90000000e-01 1.18652774e-04
2.10000000e-01 4.90000000e-01 1.37417575e-04
2.20000000e-01 4.90000000e-01 1.58358465e-04
2.30000000e-01 4.90000000e-01 1.81583192e-04
2.40000000e-01 4.90000000e-01 2.07179167e-04
2.50000000e-01 4.90000000e-01 2.35208654e-04
2.60000000e-01 4.90000000e-01 2.65703922e-04
2.70000000e-01 4.90000000e-01 2.98662536e-04
2.80000000e-01 4.90000000e-01 3.34042927e-04
2.90000000e-01 4.90000000e-01 3.71760437e-04
3.00000000e-01 4.90000000e-01 4.11684010e-04
3.10000000e-01 4.90000000e-01 4.53633711e-04
3.20000000e-01 4.90000000e-01 4.97379245e-04
3.30000000e-01 4.90000000e-01 5.42639625e-04
3.40000000e-01 4.90000000e-01 5.89084119e-04
3.50000000e-01 4.90000000e-01 6.36334567e-04
3.60000000e-01 4.90000000e-01 6.83969120e-04
3.70000000e-01 4.90000000e-01 7.31527411e-04
3.80000000e-01 4.90000000e-01 7.78517104e-04
3.90000000e-01 4.90000000e-01 8.24421734e-04
4.00000000e-01 4.90000000e-01 8.68709685e-04
4.10000000e-01 4.90000000e-01 9.10844093e-04
4.20000000e-01 4.90000000e-01 9.50293452e-04
4.30000000e-01 4.90000000e-01 9.86542614e-04
4.40000000e-01 4.90000000e-01 1.01910389e-03
4.50000000e-01 4.90000000e-01 1.04752788e-03
4.60000000e-01 4.90000000e-01 1.07141381e-03
4.70000000e-01 4.90000000e-01 1.09041886e-03
4.80000000e-01 4.90000000e-01 1.10426635e-03
4.90000000e-01 4.90000000e-01 1.11275244e-03
5.00000000e-01 4.90000000e-01 1.11575112e-03
5.10000000e-01 4.90000000e-01 1.11321731e-03
5.20000000e-01 4.90000000e-01 1.10518798e-03
5.30000000e-01 4.90000000e-01 1.09178129e-03
5.40000000e-01 4.90000000e-01 1.07319366e-03
5.50000000e-01 4.90000000e-01 1.04969503e-03
5.60000000e-01 4.90000000e-01 1.02162229e-03
5.70000000e-01 4.90000000e-01 9.89371323e-04
5.80000000e-01 4.90000000e-01 9.53387691e-04
5.90000000e-01 4.90000000e-01 9.14156432e-04
6.00000000e-01 4.90000000e-01 8.72191230e-04
6.10000000e-01 4.90000000e-01 8.28023309e-04
6.20000000e-01 4.90000000e-01 7.82190368e-04
6.30000000e-01 4.90000000e-01 7.35225900e-04
6.40000000e-01 4.90000000e-01 6.87649164e-04
6.50000000e-01 4.90000000e-01 6.39956064e-04
6.60000000e-01 4.90000000e-01 5.92611163e-04
6.70000000e-01 4.90000000e-01 5.46040956e-04
6.80000000e-01 4.90000000e-01 5.00628539e-04
6.90000000e-01 4.90000000e-01 4.56709710e-04
7.00000000e-01 4.90000000e-01 4.14570495e-04
7.10000000e-01 4.90000000e-01 3.74446066e-04
7.20000000e-01 4.90000000e-01 3.36520960e-04
7.30000000e-01 4.90000000e-01 3.00930461e-04
7.40000000e-01 4.90000000e-01 2.67763009e-04
7.50000000e-01 4.90000000e-01 2.37063461e-04
7.60000000e-01 4.90000000e-01 2.08837016e-04
7.70000000e-01 4.90000000e-01 1.83053640e-04
7.80000000e-01 4.90000000e-01 1.59652786e-04
7.90000000e-01 4.90000000e-01 1.38548266e-04
8.00000000e-01 4.90000000e-01 1.19633105e-04
8.10000000e-01 4.90000000e-01 1.02784249e-04
8.20000000e-01 4.90000000e-01 8.78670235e-05
8.30000000e-01 4.90000000e-01 7.47392384e-05
8.40000000e-01 4.90000000e-01 6.32548874e-05
8.50000000e-01 4.90000000e-01 5.32673933e-05
8.60000000e-01 4.90000000e-01 4.46323780e-05
8.70000000e-01 4.90000000e-01 3.72099538e-05
8.80000000e-01 4.90000000e-01 3.08665482e-05
8.90000000e-01 4.90000000e-01 2.54762880e-05
9.00000000e-01 4.90000000e-01 2.09219765e-05
9.10000000e-01 4.90000000e-01 1.70957075e-05
9.20000000e-01 4.90000000e-01 1.38991612e-05
9.30000000e-01 4.90000000e-01 1.12436306e-05
9.40000000e-01 4.90000000e-01 9.04982806e-06
9.50000000e-01 4.90000000e-01 7.24751558e-06
9.60000000e-01 4.90000000e-01 5.77500429e-06
9.70000000e-01 4.90000000e-01 4.57856086e-06
9.80000000e-01 4.90000000e-01 3.61175538e-06
9.90000000e-01 4.90000000e-01 2.83478001e-06
1.00000000e+00 4.90000000e-01 2.21376240e-06
0.00000000e+00 5.00000000e-01 2.22397017e-06
1.00000000e-02 5.00000000e-01 2.84607360e-06
2.00000000e-02 5.00000000e-01 3.62388722e-06
3.00000000e-02 5.00000000e-01 4.59109555e-06
4.00000000e-02 5.00000000e-01 5.78725633e-06
5.00000000e-02 5.00000000e-01 7.25847445e-06
6.00000000e-02 5.00000000e-01 9.05807013e-06
7.00000000e-02 5.00000000e-01 1.12472173e-05
8.00000000e-02 5.00000000e-01 1.38955237e-05
9.00000000e-02 5.00000000e-01 1.70815192e-05
1.00000000e-01 5.00000000e-01 2.08930142e-05
1.10000000e-01 5.00000000e-01 2.54272861e-05
1.20000000e-01 5.00000000e-01 3.07910491e-05
1.30000000e-01 5.00000000e-01 3.71001600e-05
1.40000000e-01 5.00000000e-01 4.44790129e-05
1.50000000e-01 5.00000000e-01 5.30595787e-05
1.60000000e-01 5.00000000e-01 6.29800474e-05
1.70000000e-01 5.00000000e-01 7.43830391e-05
1.80000000e-01 5.00000000e-01 8.74133603e-05
1.90000000e-01 5.00000000e-01 1.02215292e-04
2.00000000e-01 5.00000000e-01 1.18929415e-04
2.10000000e-01 5.00000000e-01 1.37688988e-04
2.20000000e-01 5.00000000e-01 1.58615931e-04
2.30000000e-01 5.00000000e-01 1.81816464e-04
2.40000000e-01 5.00000000e-01 2.07376489e-04
2.50000000e-01 5.00000000e-01 2.35356837e-04
2.60000000e-01 5.00000000e-01 2.65788484e-04
2.70000000e-01 5.00000000e-01 2.98667910e-04
2.80000000e-01 5.00000000e-01 3.33952736e-04
2.90000000e-01 5.00000000e-01 3.71557845e-04
3.00000000e-01 5.00000000e-01 4.11352135e-04
3.10000000e-01 5.00000000e-01 4.53156096e-04
3.20000000e-01 5.00000000e-01 4.96740375e-04
3.30000000e-01 5.00000000e-01 5.41825482e-04
3.40000000e-01 5.00000000e-01 5.88082742e-04
3.50000000e-01 5.00000000e-01 6.35136616e-04
3.60000000e-01 5.00000000e-01 6.82568401e-04
3.70000000e-01 5.00000000e-01 7.29921356e-04
3.80000000e-01 5.00000000e-01 7.76707173e-04
3.90000000e-01 5.00000000e-01 8.22413719e-04
4.00000000e-01 5.00000000e-01 8.66513896e-04
4.10000000e-01 5.00000000e-01 9.08475415e-04
4.20000000e-01 5.00000000e-01 9.47771253e-04
4.30000000e-01 5.00000000e-01 9.83890505e-04
4.40000000e-01 5.00000000e-01 1.01634933e-03
4.50000000e-01 5.00000000e-01 1.04470167e-03
4.60000000e-01 5.00000000e-01 1.06854940e-03
4.70000000e-01 5.00000000e-01 1.08755159e-03
4.80000000e-01 5.00000000e-01 1.10143262e-03
4.90000000e-01 5.00000000e-01 1.10998879e-03
5.00000000e-01 5.00000000e-01 1.11309329e-03
5.10000000e-01 5.00000000e-01 1.11069933e-03
5.20000000e-01 5.00000000e-01 1.10284133e-03
5.30000000e-01 5.00000000e-01 1.08963407e-03
5.40000000e-01 5.00000000e-01 1.07126990e-03
5.50000000e-01 5.00000000e-01 1.04801415e-03
5.60000000e-01 5.00000000e-01 1.02019871e-03
5.70000000e-01 5.00000000e-01 9.88214184e-04
5.80000000e-01 5.00000000e-01 9.52500796e-04
5.90000000e-01 5.00000000e-01 9.13538324e-04
6.00000000e-01 5.00000000e-01 8.71835437e-04
6.10000000e-01 5.00000000e-01 8.27918723e-04
6.20000000e-01 5.00000000e-01 7.82321754e-04
6.30000000e-01 5.00000000e-01 7.35574494e-04
6.40000000e-01 5.00000000e-01 6.88193345e-04
6.50000000e-01 5.00000000e-01 6.40672073e-04
6.60000000e-01 5.00000000e-01 5.93473827e-04
6.70000000e-01 5.00000000e-01 5.47024414e-04
6.80000000e-01 5.00000000e-01 5.01706920e-04
6.90000000e-01 5.00000000e-01 4.57857759e-04
7.00000000e-01 5.00000000e-01 4.15764125e-04
7.10000000e-01 5.00000000e-01 3.75662827e-04
7.20000000e-01 5.00000000e-01 3.37740407e-04
7.30000000e-01 5.00000000e-01 3.02134431e-04
7.40000000e-01 5.00000000e-01 2.68935798e-04
7.50000000e-01 5.00000000e-01 2.38191908e-04
7.60000000e-01 5.00000000e-01 2.09910510e-04
7.70000000e-01 5.00000000e-01 1.84064042e-04
7.80000000e-01 5.00000000e-01 1.60594300e-04
7.90000000e-01 5.00000000e-01 1.39417250e-04
8.00000000e-01 5.00000000e-01 1.20427850e-04
8.10000000e-01 5.00000000e-01 1.03504740e-04
8.20000000e-01 5.00000000e-01 8.85146739e-05
8.30000000e-01 5.00000000e-01 7.53166370e-05
8.40000000e-01 5.00000000e-01 6.37655438e-05
8.50000000e-01 5.00000000e-01 5.37155014e-05
8.60000000e-01 5.00000000e-01 4.50225983e-05
8.70000000e-01 5.00000000e-01 3.75472204e-05
8.80000000e-01 5.00000000e-01 3.11559020e-05
8.90000000e-01 5.00000000e-01 2.57227368e-05
9.00000000e-01 5.00000000e-01 2.11303822e-05
9.10000000e-01 5.00000000e-01 1.72706988e-05
9.20000000e-01 5.00000000e-01 1.40450700e-05
9.30000000e-01 5.00000000e-01 1.13644499e-05
9.40000000e-01 5.00000000e-01 9.14918706e-06
9.50000000e-01 5.00000000e-01 7.32867128e-06
9.60000000e-01 5.00000000e-01 5.84084480e-06
9.70000000e-01 5.00000000e-01 4.63161860e-06
9.80000000e-01 5.00000000e-01 3.65422739e-06
9.90000000e-01 5.00000000e-01 2.86855304e-06
1.00000000e+00 5.00000000e-01 2.24044103e-06
0.00000000e+00 5.10000000e-01 2.22248101e-06
1.00000000e-02 5.10000000e-01 2.84333994e-06
2.00000000e-02 5.10000000e-01 3.61931454e-06
3.00000000e-02 5.10000000e-01 4.58387442e-06
4.00000000e-02 5.10000000e-01 5.77630158e-06
5.00000000e-02 5.10000000e-01 7.24235166e-06
6.00000000e-02 5.10000000e-01 9.03490801e-06
7.00000000e-02 5.10000000e-01 1.12146047e-05
8.00000000e-02 5.10000000e-01 1.38503901e-05
9.00000000e-02 5.10000000e-01 1.70199988e-05
1.00000000e-01 5.10000000e-01 2.08102924e-05
1.10000000e-01 5.10000000e-01 2.53174308e-05
1.20000000e-01 5.10000000e-01 3.06468272e-05
1.30000000e-01 5.10000000e-01 3.69128423e-05
1.40000000e-01 5.10000000e-01 4.42381721e-05
1.50000000e-01 5.10000000e-01 5.27528850e-05
1.60000000e-01 5.10000000e-01 6.25930688e-05
1.70000000e-01 5.10000000e-01 7.38990553e-05
1.80000000e-01 5.10000000e-01 8.68131986e-05
1.90000000e-01 5.10000000e-01 1.01477197e-04
2.00000000e-01 5.10000000e-01 1.18028964e-04
2.10000000e-01 5.10000000e-01 1.36599064e-04
2.20000000e-01 5.10000000e-01 1.57306765e-04
2.30000000e-01 5.10000000e-01 1.80255759e-04
2.40000000e-01 5.10000000e-01 2.05529640e-04
2.50000000e-01 5.10000000e-01 2.33187248e-04
2.60000000e-01 5.10000000e-01 2.63258002e-04
2.70000000e-01 5.10000000e-01 2.95737359e-04
2.80000000e-01 5.10000000e-01 3.30582576e-04
2.90000000e-01 5.10000000e-01 3.67708923e-04
3.00000000e-01 5.10000000e-01 4.06986542e-04
3.10000000e-01 5.10000000e-01 4.48238101e-04
3.20000000e-01 5.10000000e-01 4.91237417e-04
3.30000000e-01 5.10000000e-01 5.35709198e-04
3.40000000e-01 5.10000000e-01 5.81330000e-04
3.50000000e-01 5.10000000e-01 6.27730516e-04
3.60000000e-01 5.10000000e-01 6.74499216e-04
3.70000000e-01 5.10000000e-01 7.21187368e-04
3.80000000e-01 5.10000000e-01 7.67315374e-04
3.90000000e-01 5.10000000e-01 8.12380341e-04
4.00000000e-01 5.10000000e-01 8.55864739e-04
4.10000000e-01 5.10000000e-01 8.97245951e-04
4.20000000e-01 5.10000000e-01 9.36006487e-04
4.30000000e-01 5.10000000e-01 9.71644582e-04
4.40000000e-01 5.10000000e-01 1.00368490e-03
4.50000000e-01 5.10000000e-01 1.03168898e-03
4.60000000e-01 5.10000000e-01 1.05526521e-03
4.70000000e-01 5.10000000e-01 1.07407785e-03
4.80000000e-01 5.10000000e-01 1.08785499e-03
4.90000000e-01 5.10000000e-01 1.09639509e-03
5.00000000e-01 5.10000000e-01 1.09957181e-03
5.10000000e-01 5.10000000e-01 1.09733717e-03
5.20000000e-01 5.10000000e-01 1.08972273e-03
5.30000000e-01 5.10000000e-01 1.07683889e-03
5.40000000e-01 5.10000000e-01 1.05887217e-03
5.50000000e-01 5.10000000e-01 1.03608082e-03
5.60000000e-01 5.10000000e-01 1.00878858e-03
5.70000000e-01 5.10000000e-01 9.77377118e-04
5.80000000e-01 5.10000000e-01 9.42277135e-04
5.90000000e-01 5.10000000e-01 9.03958592e-04
6.00000000e-01 5.10000000e-01 8.62920286e-04
6.10000000e-01 5.10000000e-01 8.19679133e-04
6.20000000e-01 5.10000000e-01 7.74759448e-04
6.30000000e-01 5.10000000e-01 7.28682563e-04
6.40000000e-01 5.10000000e-01 6.81957030e-04
6.50000000e-01 5.10000000e-01 6.35069683e-04
6.60000000e-01 5.10000000e-01 5.88477753e-04
6.70000000e-01 5.10000000e-01 5.42602185e-04
6.80000000e-01 5.10000000e-01 4.97822295e-04
6.90000000e-01 5.10000000e-01 4.54471785e-04
7.00000000e-01 5.10000000e-01 4.12836165e-04
7.10000000e-01 5.10000000e-01 3.73151500e-04
7.20000000e-01 5.10000000e-01 3.35604447e-04
7.30000000e-01 5.10000000e-01 3.00333435e-04
7.40000000e-01 5.10000000e-01 2.67430857e-04
7.50000000e-01 5.10000000e-01 2.36946118e-04
7.60000000e-01 5.10000000e-01 2.08889362e-04
7.70000000e-01 5.10000000e-01 1.83235703e-04
7.80000000e-01 5.10000000e-01 1.59929779e-04
7.90000000e-01 5.10000000e-01 1.38890474e-04
8.00000000e-01 5.10000000e-01 1.20015660e-04
8.10000000e-01 5.10000000e-01 1.03186807e-04
8.20000000e-01 5.10000000e-01 8.82733716e-05
8.30000000e-01 5.10000000e-01 7.51368629e-05
8.40000000e-01 5.10000000e-01 6.36345167e-05
8.50000000e-01 5.10000000e-01 5.36225379e-05
8.60000000e-01 5.10000000e-01 4.49588830e-05
8.70000000e-01 5.10000000e-01 3.75055759e-05
8.80000000e-01 5.10000000e-01 3.11305662e-05
8.90000000e-01 5.10000000e-01 2.57091531e-05
9.00000000e-01 5.10000000e-01 2.11250059e-05
9.10000000e-01 5.10000000e-01 1.72708219e-05
9.20000000e-01 5.10000000e-01 1.40486656e-05
9.30000000e-01 5.10000000e-01 1.13700371e-05
9.40000000e-01 5.10000000e-01 9.15571509e-06
9.50000000e-01 5.10000000e-01 7.33542189e-06
9.60000000e-01 5.10000000e-01 5.84735167e-06
9.70000000e-01 5.10000000e-01 4.63760177e-06
9.80000000e-01 5.10000000e-01 3.65954096e-06
9.90000000e-01 5.10000000e-01 2.87314423e-06
1.00000000e+00 5.10000000e-01 2.24431884e-06
0.00000000e+00 5.20000000e-01 2.19847374e-06
1.00000000e-02 5.20000000e-01 2.81184658e-06
2.00000000e-02 5.20000000e-01 3.57819790e-06
3.00000000e-02 5.20000000e-01 4.53045468e-06
4.00000000e-02 5.20000000e-01 5.70723987e-06
5.00000000e-02 5.20000000e-01 7.15351512e-06
6.00000000e-02 5.20000000e-01 8.92121477e-06
7.00000000e-02 5.20000000e-01 1.10698481e-05
8.00000000e-02 5.20000000e-01 1.36670420e-05
9.00000000e-02 5.20000000e-01 1.67889917e-05
1.00000000e-01 5.20000000e-01 2.05207828e-05
1.10000000e-01 5.20000000e-01 2.49565455e-05
1.20000000e-01 5.20000000e-01 3.01993965e-05
1.30000000e-01 5.20000000e-01 3.63611256e-05
1.40000000e-01 5.20000000e-01 4.35615831e-05
1.50000000e-01 5.20000000e-01 5.19277241e-05
1.60000000e-01 5.20000000e-01 6.15922742e-05
1.70000000e-01 5.20000000e-01 7.26919844e-05
1.80000000e-01 5.20000000e-01 8.53654536e-05
1.90000000e-01 5.20000000e-01 9.97505090e-05
2.00000000e-01 5.20000000e-01 1.15981150e-04
2.10000000e-01 5.20000000e-01 1.34184080e-04
2.20000000e-01 5.20000000e-01 1.54474856e-04
2.30000000e-01 5.20000000e-01 1.76953737e-04
2.40000000e-01 5.20000000e-01 2.01701297e-04
2.50000000e-01 5.20000000e-01 2.28773904e-04
2.60000000e-01 5.20000000e-01 2.58199210e-04
2.70000000e-01 5.20000000e-01 2.89971758e-04
2.80000000e-01 5.20000000e-01 3.24048895e-04
2.90000000e-01 5.20000000e-01 3.60347119e-04
3.00000000e-01 5.20000000e-01 3.98739064e-04
3.10000000e-01 5.20000000e-01 4.39051249e-04
3.20000000e-01 5.20000000e-01 4.81062776e-04
3.30000000e-01 5.20000000e-01 5.24505102e-04
3.40000000e-01 5.20000000e-01 5.69062996e-04
3.50000000e-01 5.20000000e-01 6.14376771e-04
3.60000000e-01 5.20000000e-01 6.60045833e-04
3.70000000e-01 5.20000000e-01 7.05633549e-04
3.80000000e-01 5.20000000e-01 7.50673395e-04
3.90000000e-01 5.20000000e-01 7.94676289e-04
4.00000000e-01 5.20000000e-01 8.37138967e-04
4.10000000e-01 5.20000000e-01 8.77553230e-04
4.20000000e-01 5.20000000e-01 9.15415819e-04
4.30000000e-01 5.20000000e-01 9.50238677e-04
4.40000000e-01 5.20000000e-01 9.81559293e-04
4.50000000e-01 5.20000000e-01 1.00895084e-03
4.60000000e-01 5.20000000e-01 1.03203179e-03
4.70000000e-01 5.20000000e-01 1.05047472e-03
4.80000000e-01 5.20000000e-01 1.06401399e-03
4.90000000e-01 5.20000000e-01 1.07245209e-03
5.00000000e-01 5.20000000e-01 1.07566445e-03
5.10000000e-01 5.20000000e-01 1.07360244e-03
5.20000000e-01 5.20000000e-01 1.06629465e-03
5.30000000e-01 5.20000000e-01 1.05384617e-03
5.40000000e-01 5.20000000e-01 1.03643619e-03
5.50000000e-01 5.20000000e-01 1.01431363e-03
5.60000000e-01 5.20000000e-01 9.87791305e-04
5.70000000e-01 5.20000000e-01 9.57238567e-04
5.80000000e-01 5.20000000e-01 9.23072787e-04
5.90000000e-01 5.20000000e-01 8.85749906e-04
6.00000000e-01 5.20000000e-01 8.45754361e-04
6.10000000e-01 5.20000000e-01 8.03588704e-04
6.20000000e-01 5.20000000e-01 7.59763212e-04
6.30000000e-01 5.20000000e-01 7.14785787e-04
6.40000000e-01 5.20000000e-01 6.69152426e-04
6.50000000e-01 5.20000000e-01 6.23338488e-04
6.60000000e-01 5.20000000e-01 5.77790979e-04
6.70000000e-01 5.20000000e-01 5.32921997e-04
6.80000000e-01 5.20000000e-01 4.89103443e-04
6.90000000e-01 5.20000000e-01 4.46663082e-04
7.00000000e-01 5.20000000e-01 4.05881926e-04
7.10000000e-01 5.20000000e-01 3.66992945e-04
7.20000000e-01 5.20000000e-01 3.30181006e-04
7.30000000e-01 5.20000000e-01 2.95583939e-04
7.40000000e-01 5.20000000e-01 2.63294603e-04
7.50000000e-01 5.20000000e-01 2.33363787e-04
7.60000000e-01 5.20000000e-01 2.05803790e-04
7.70000000e-01 5.20000000e-01 1.80592491e-04
7.80000000e-01 5.20000000e-01 1.57677767e-04
7.90000000e-01 5.20000000e-01 1.36982077e-04
8.00000000e-01 5.20000000e-01 1.18407067e-04
8.10000000e-01 5.20000000e-01 1.01838080e-04
8.20000000e-01 5.20000000e-01 8.71484429e-05
8.30000000e-01 5.20000000e-01 7.42034476e-05
8.40000000e-01 5.20000000e-01 6.28639662e-05
8.50000000e-01 5.20000000e-01 5.29896406e-05
8.60000000e-01 5.20000000e-01 4.44416294e-05
8.70000000e-01 5.20000000e-01 3.70849013e-05
8.80000000e-01 5.20000000e-01 3.07900809e-05
8.90000000e-01 5.20000000e-01 2.54348701e-05
9.00000000e-01 5.20000000e-01 2.09050735e-05
9.10000000e-01 5.20000000e-01 1.70952670e-05
9.20000000e-01 5.20000000e-01 1.39091524e-05
9.30000000e-01 5.20000000e-01 1.12596436e-05
9.40000000e-01 5.20000000e-01 9.06872997e-06
9.50000000e-01 5.20000000e-01 7.26716139e-06
9.60000000e-01 5.20000000e-01 5.79399778e-06
9.70000000e-01 5.20000000e-01 4.59606011e-06
9.80000000e-01 5.20000000e-01 3.62731761e-06
9.90000000e-01 5.20000000e-01 2.84824003e-06
1.00000000e+00 5.20000000e-01 2.22513950e-06
0.00000000e+00 5.30000000e-01 2.15259224e-06
1.00000000e-02 5.30000000e-01 2.75244613e-06
2.00000000e-02 5.30000000e-01 3.50166072e-06
3.00000000e-02 5.30000000e-01 4.43230896e-06
4.00000000e-02 5.30000000e-01 5.58199162e-06
5.00000000e-02 5.30000000e-01 6.99445588e-06
6.00000000e-02 5.30000000e-01 8.72020432e-06
7.00000000e-02 5.30000000e-01 1.08170716e-05
8.00000000e-02 5.30000000e-01 1.33507419e-05
9.00000000e-02 5.30000000e-01 1.63951759e-05
1.00000000e-01 5.30000000e-01 2.00329121e-05
1.10000000e-01 5.30000000e-01 2.43552033e-05
1.20000000e-01 5.30000000e-01 2.94619477e-05
1.30000000e-01 5.30000000e-01 3.54613722e-05
1.40000000e-01 5.30000000e-01 4.24694252e-05
1.50000000e-01 5.30000000e-01 5.06088389e-05
1.60000000e-01 5.30000000e-01 6.00078263e-05
1.70000000e-01 5.30000000e-01 7.07983826e-05
1.80000000e-01 5.30000000e-01 8.31141714e-05
1.90000000e-01 5.30000000e-01 9.70879876e-05
2.00000000e-01 5.30000000e-01 1.12848803e-04
2.10000000e-01 5.30000000e-01 1.30518415e-04
2.20000000e-01 5.30000000e-01 1.50207742e-04
2.30000000e-01 5.30000000e-01 1.72012821e-04
2.40000000e-01 5.30000000e-01 1.96010590e-04
2.50000000e-01 5.30000000e-01 2.22254552e-04
2.60000000e-01 5.30000000e-01 2.50770446e-04
2.70000000e-01 5.30000000e-01 2.81552044e-04
2.80000000e-01 5.30000000e-01 3.14557238e-04
2.90000000e-01 5.30000000e-01 3.49704559e-04
3.00000000e-01 5.30000000e-01 3.86870300e-04
3.10000000e-01 5.30000000e-01 4.25886384e-04
3.20000000e-01 5.30000000e-01 4.66539143e-04
3.30000000e-01 5.30000000e-01 5.08569113e-04
3.40000000e-01 5.30000000e-01 5.51671989e-04
3.50000000e-01 5.30000000e-01 5.95500777e-04
3.60000000e-01 5.30000000e-01 6.39669220e-04
3.70000000e-01 5.30000000e-01 6.83756479e-04
3.80000000e-01 5.30000000e-01 7.27313038e-04
3.90000000e-01 5.30000000e-01 7.69867735e-04
4.00000000e-01 5.30000000e-01 8.10935803e-04
4.10000000e-01 5.30000000e-01 8.50027726e-04
4.20000000e-01 5.30000000e-01 8.86658711e-04
4.30000000e-01 5.30000000e-01 9.20358517e-04
4.40000000e-01 5.30000000e-01 9.50681375e-04
4.50000000e-01 5.30000000e-01 9.77215706e-04
4.60000000e-01 5.30000000e-01 9.99593354e-04
4.70000000e-01 5.30000000e-01 1.01749803e-03
4.80000000e-01 5.30000000e-01 1.03067270e-03
4.90000000e-01 5.30000000e-01 1.03892574e-03
5.00000000e-01 5.30000000e-01 1.04213549e-03
5.10000000e-01 5.30000000e-01 1.04025329e-03
5.20000000e-01 5.30000000e-01 1.03330467e-03
5.30000000e-01 5.30000000e-01 1.02138882e-03
5.40000000e-01 5.30000000e-01 1.00467620e-03
5.50000000e-01 5.30000000e-01 9.83404579e-04
5.60000000e-01 5.30000000e-01 9.57873363e-04
5.70000000e-01 5.30000000e-01 9.28436667e-04
5.80000000e-01 5.30000000e-01 8.95495156e-04
5.90000000e-01 5.30000000e-01 8.59487015e-04
6.00000000e-01 5.30000000e-01 8.20878308e-04
6.10000000e-01 5.30000000e-01 7.80153015e-04
6.20000000e-01 5.30000000e-01 7.37803046e-04
6.30000000e-01 5.30000000e-01 6.94318525e-04
6.40000000e-01 5.30000000e-01 6.50178588e-04
6.50000000e-01 5.30000000e-01 6.05842952e-04
6.60000000e-01 5.30000000e-01 5.61744427e-04
6.70000000e-01 5.30000000e-01 5.18282542e-04
6.80000000e-01 5.30000000e-01 4.75818391e-04
6.90000000e-01 5.30000000e-01 4.34670741e-04
7.00000000e-01 5.30000000e-01 3.95113445e-04
7.10000000e-01 5.30000000e-01 3.57374105e-04
7.20000000e-01 5.30000000e-01 3.21633937e-04
7.30000000e-01 5.30000000e-01 2.88028722e-04
7.40000000e-01 5.30000000e-01 2.56650731e-04
7.50000000e-01 5.30000000e-01 2.27551459e-04
7.60000000e-01 5.30000000e-01 2.00745029e-04
7.70000000e-01 5.30000000e-01 1.76212087e-04
7.80000000e-01 5.30000000e-01 1.53904029e-04
7.90000000e-01 5.30000000e-01 1.33747414e-04
8.00000000e-01 5.30000000e-01 1.15648407e-04
8.10000000e-01 5.30000000e-01 9.94971277e-05
8.20000000e-01 5.30000000e-01 8.51718116e-05
8.30000000e-01 5.30000000e-01 7.25426709e-05
8.40000000e-01 5.30000000e-01 6.14754092e-05
8.50000000e-01 5.30000000e-01 5.18343325e-05
8.60000000e-01 5.30000000e-01 4.34850334e-05
8.70000000e-01 5.30000000e-01 3.62966379e-05
8.80000000e-01 5.30000000e-01 3.01436209e-05
8.90000000e-01 5.30000000e-01 2.49072088e-05
9.00000000e-01 5.30000000e-01 2.04763988e-05
9.10000000e-01 5.30000000e-01 1.67486298e-05
9.20000000e-01 5.30000000e-01 1.36301469e-05
9.30000000e-01 5.30000000e-01 1.10361031e-05
9.40000000e-01 5.30000000e-01 8.89044271e-06
9.50000000e-01 5.30000000e-01 7.12560818e-06
9.60000000e-01 5.30000000e-01 5.68211368e-06
9.70000000e-01 5.30000000e-01 4.50802023e-06
9.80000000e-01 5.30000000e-01 3.55834681e-06
9.90000000e-01 5.30000000e-01 2.79444561e-06
1.00000000e+00 5.30000000e-01 2.18336558e-06
0.00000000e+00 5.40000000e-01 2.08614163e-06
1.00000000e-02 5.40000000e-01 2.66683193e-06
2.00000000e-02 5.40000000e-01 3.39188958e-06
3.00000000e-02 5.40000000e-01 4.29224736e-06
4.00000000e-02 5.40000000e-01 5.40415078e-06
5.00000000e-02 5.40000000e-01 6.76974811e-06
6.00000000e-02 5.40000000e-01 8.43766986e-06
7.00000000e-02 5.40000000e-01 1.04635760e-05
8.00000000e-02 5.40000000e-01 1.29106449e-05
9.00000000e-02 5.40000000e-01 1.58499746e-05
1.00000000e-01 5.40000000e-01 1.93608610e-05
1.10000000e-01 5.40000000e-01 2.35309187e-05
1.20000000e-01 5.40000000e-01 2.84560026e-05
1.30000000e-01 5.40000000e-01 3.42398918e-05
1.40000000e-01 5.40000000e-01 4.09936952e-05
1.50000000e-01 5.40000000e-01 4.88349406e-05
1.60000000e-01 5.40000000e-01 5.78863149e-05
1.70000000e-01 5.40000000e-01 6.82740273e-05
1.80000000e-01 5.40000000e-01 8.01257773e-05
1.90000000e-01 5.40000000e-01 9.35683207e-05
2.00000000e-01 5.40000000e-01 1.08724640e-04
2.10000000e-01 5.40000000e-01 1.25710739e-04
2.20000000e-01 5.40000000e-01 1.44632106e-04
2.30000000e-01 5.40000000e-01 1.65579898e-04
2.40000000e-01 5.40000000e-01 1.88626919e-04
2.50000000e-01 5.40000000e-01 2.13823503e-04
2.60000000e-01 5.40000000e-01 2.41193391e-04
2.70000000e-01 5.40000000e-01 2.70729751e-04
2.80000000e-01 5.40000000e-01 3.02391464e-04
2.90000000e-01 5.40000000e-01 3.36099837e-04
3.00000000e-01 5.40000000e-01 3.71735884e-04
3.10000000e-01 5.40000000e-01 4.09138322e-04
3.20000000e-01 5.40000000e-01 4.48102430e-04
3.30000000e-01 5.40000000e-01 4.88379888e-04
3.40000000e-01 5.40000000e-01 5.29679692e-04
3.50000000e-01 5.40000000e-01 5.71670228e-04
3.60000000e-01 5.40000000e-01 6.13982541e-04
3.70000000e-01 5.40000000e-01 6.56214794e-04
3.80000000e-01 5.40000000e-01 6.97937890e-04
3.90000000e-01 5.40000000e-01 7.38702154e-04
4.00000000e-01 5.40000000e-01 7.78044974e-04
4.10000000e-01 5.40000000e-01 8.15499216e-04
4.20000000e-01 5.40000000e-01 8.50602215e-04
4.30000000e-01 5.40000000e-01 8.82905113e-04
4.40000000e-01 5.40000000e-01 9.11982281e-04
4.50000000e-01 5.40000000e-01 9.37440553e-04
4.60000000e-01 5.40000000e-01 9.58927999e-04
4.70000000e-01 5.40000000e-01 9.76141966e-04
4.80000000e-01 5.40000000e-01 9.88836129e-04
4.90000000e-01 5.40000000e-01 9.96826321e-04
5.00000000e-01 5.40000000e-01 9.99994964e-04
5.10000000e-01 5.40000000e-01 9.98293935e-04
5.20000000e-01 5.40000000e-01 9.91745784e-04
5.30000000e-01 5.40000000e-01 9.80443252e-04
5.40000000e-01 5.40000000e-01 9.64547109e-04
5.50000000e-01 5.40000000e-01 9.44282374e-04
5.60000000e-01 5.40000000e-01 9.19933051e-04
5.70000000e-01 5.40000000e-01 8.91835538e-04
5.80000000e-01 5.40000000e-01 8.60370937e-04
5.90000000e-01 5.40000000e-01 8.25956495e-04
6.00000000e-01 5.40000000e-01 7.89036450e-04
6.10000000e-01 5.40000000e-01 7.50072568e-04
6.20000000e-01 5.40000000e-01 7.09534632e-04
6.30000000e-01 5.40000000e-01 6.67891175e-04
6.40000000e-01 5.40000000e-01 6.25600687e-04
6.50000000e-01 5.40000000e-01 5.83103541e-04
6.60000000e-01 5.40000000e-01 5.40814809e-04
6.70000000e-01 5.40000000e-01 4.99118120e-04
6.80000000e-01 5.40000000e-01 4.58360674e-04
6.90000000e-01 5.40000000e-01 4.18849460e-04
7.00000000e-01 5.40000000e-01 3.80848711e-04
7.10000000e-01 5.40000000e-01 3.44578549e-04
7.20000000e-01 5.40000000e-01 3.10214781e-04
7.30000000e-01 5.40000000e-01 2.77889742e-04
7.40000000e-01 5.40000000e-01 2.47694068e-04
7.50000000e-01 5.40000000e-01 2.19679253e-04
7.60000000e-01 5.40000000e-01 1.93860860e-04
7.70000000e-01 5.40000000e-01 1.70222201e-04
7.80000000e-01 5.40000000e-01 1.48718365e-04
7.90000000e-01 5.40000000e-01 1.29280409e-04
8.00000000e-01 5.40000000e-01 1.11819612e-04
8.10000000e-01 5.40000000e-01 9.62316339e-05
8.20000000e-01 5.40000000e-01 8.24005062e-05
8.30000000e-01 5.40000000e-01 7.02023446e-05
8.40000000e-01 5.40000000e-01 5.95087333e-05
8.50000000e-01 5.40000000e-01 5.01897284e-05
8.60000000e-01 5.40000000e-01 4.21164539e-05
8.70000000e-01 5.40000000e-01 3.51632812e-05
8.80000000e-01 5.40000000e-01 2.92095948e-05
8.90000000e-01 5.40000000e-01 2.41411628e-05
9.00000000e-01 5.40000000e-01 1.98511371e-05
9.10000000e-01 5.40000000e-01 1.62407191e-05
9.20000000e-01 5.40000000e-01 1.32195282e-05
9.30000000e-01 5.40000000e-01 1.07057162e-05
9.40000000e-01 5.40000000e-01 8.62586903e-06
9.50000000e-01 5.40000000e-01 6.91473746e-06
9.60000000e-01 5.40000000e-01 5.51483609e-06
9.70000000e-01 5.40000000e-01 4.37594645e-06
9.80000000e-01 5.40000000e-01 3.45455627e-06
9.90000000e-01 5.40000000e-01 2.71326251e-06
1.00000000e+00 5.40000000e-01 2.12016167e-06
0.00000000e+00 5.50000000e-01 2.00102653e-06
1.00000000e-02 5.50000000e-01 2.55745771e-06
2.00000000e-02 5.50000000e-01 3.25203039e-06
3.00000000e-02 5.50000000e-01 4.11428358e-06
4.00000000e-02 5.50000000e-01 5.17881334e-06
5.00000000e-02 5.50000000e-01 6.48583032e-06
6.00000000e-02 5.50000000e-01 8.08170624e-06
7.00000000e-02 5.50000000e-01 1.00194886e-05
8.00000000e-02 5.50000000e-01 1.23593586e-05
9.00000000e-02 5.50000000e-01 1.51690048e-05
1.00000000e-01 5.50000000e-01 1.85238789e-05
1.10000000e-01 5.50000000e-01 2.25073001e-05
1.20000000e-01 5.50000000e-01 2.72103706e-05
1.30000000e-01 5.50000000e-01 3.27316643e-05
1.40000000e-01 5.50000000e-01 3.91766513e-05
1.50000000e-01 5.50000000e-01 4.66568222e-05
1.60000000e-01 5.50000000e-01 5.52884825e-05
1.70000000e-01 5.50000000e-01 6.51911907e-05
1.80000000e-01 5.50000000e-01 7.64858238e-05
1.90000000e-01 5.50000000e-01 8.92922639e-05
2.00000000e-01 5.50000000e-01 1.03726714e-04
2.10000000e-01 5.50000000e-01 1.19898661e-04
2.20000000e-01 5.50000000e-01 1.37907531e-04
2.30000000e-01 5.50000000e-01 1.57839079e-04
2.40000000e-01 5.50000000e-01 1.79761597e-04
2.50000000e-01 5.50000000e-01 2.03722033e-04
2.60000000e-01 5.50000000e-01 2.29742103e-04
2.70000000e-01 5.50000000e-01 2.57814556e-04
2.80000000e-01 5.50000000e-01 2.87899680e-04
2.90000000e-01 5.50000000e-01 3.19922219e-04
3.00000000e-01 5.50000000e-01 3.53768834e-04
3.10000000e-01 5.50000000e-01 3.89286230e-04
3.20000000e-01 5.50000000e-01 4.26280105e-04
3.30000000e-01 5.50000000e-01 4.64515015e-04
3.40000000e-01 5.50000000e-01 5.03715259e-04
3.50000000e-01 5.50000000e-01 5.43566850e-04
3.60000000e-01 5.50000000e-01 5.83720603e-04
3.70000000e-01 5.50000000e-01 6.23796350e-04
3.80000000e-01 5.50000000e-01 6.63388241e-04
3.90000000e-01 5.50000000e-01 7.02071037e-04
4.00000000e-01 5.50000000e-01 7.39407312e-04
4.10000000e-01 5.50000000e-01 7.74955366e-04
4.20000000e-01 5.50000000e-01 8.08277698e-04
4.30000000e-01 5.50000000e-01 8.38949787e-04
4.40000000e-01 5.50000000e-01 8.66568963e-04
4.50000000e-01 5.50000000e-01 8.90763110e-04
4.60000000e-01 5.50000000e-01 9.11198925e-04
4.70000000e-01 5.50000000e-01 9.27589500e-04
4.80000000e-01 5.50000000e-01 9.39700983e-04
4.90000000e-01 5.50000000e-01 9.47358093e-04
5.00000000e-01 5.50000000e-01 9.50448318e-04
5.10000000e-01 5.50000000e-01 9.48924659e-04
5.20000000e-01 5.50000000e-01 9.42806819e-04
5.30000000e-01 5.50000000e-01 9.32180796e-04
5.40000000e-01 5.50000000e-01 9.17196898e-04
5.50000000e-01 5.50000000e-01 8.98066236e-04
5.60000000e-01 5.50000000e-01 8.75055807e-04
5.70000000e-01 5.50000000e-01 8.48482338e-04
5.80000000e-01 5.50000000e-01 8.18705069e-04
5.90000000e-01 5.50000000e-01 7.86117719e-04
6.00000000e-01 5.50000000e-01 7.51139879e-04
6.10000000e-01 5.50000000e-01 7.14208092e-04
6.20000000e-01 5.50000000e-01 6.75766884e-04
6.30000000e-01 5.50000000e-01 6.36260001e-04
6.40000000e-01 5.50000000e-01 5.96122093e-04
6.50000000e-01 5.50000000e-01 5.55771045e-04
6.60000000e-01 5.50000000e-01 5.15601153e-04
6.70000000e-01 5.50000000e-01 4.75977263e-04
6.80000000e-01 5.50000000e-01 4.37230002e-04
6.90000000e-01 5.50000000e-01 3.99652134e-04
7.00000000e-01 5.50000000e-01 3.63496086e-04
7.10000000e-01 5.50000000e-01 3.28972601e-04
7.20000000e-01 5.50000000e-01 2.96250477e-04
7.30000000e-01 5.50000000e-01 2.65457304e-04
7.40000000e-01 5.50000000e-01 2.36681083e-04
7.50000000e-01 5.50000000e-01 2.09972602e-04
7.60000000e-01 5.50000000e-01 1.85348432e-04
7.70000000e-01 5.50000000e-01 1.62794386e-04
7.80000000e-01 5.50000000e-01 1.42269302e-04
7.90000000e-01 5.50000000e-01 1.23709014e-04
8.00000000e-01 5.50000000e-01 1.07030362e-04
8.10000000e-01 5.50000000e-01 9.21351488e-05
8.20000000e-01 5.50000000e-01 7.89139244e-05
8.30000000e-01 5.50000000e-01 6.72495232e-05
8.40000000e-01 5.50000000e-01 5.70202911e-05
8.50000000e-01 5.50000000e-01 4.81029554e-05
8.60000000e-01 5.50000000e-01 4.03751111e-05
8.70000000e-01 5.50000000e-01 3.37173125e-05
8.80000000e-01 5.50000000e-01 2.80147731e-05
8.90000000e-01 5.50000000e-01 2.31586894e-05
9.00000000e-01 5.50000000e-01 1.90472115e-05
9.10000000e-01 5.50000000e-01 1.55860950e-05
9.20000000e-01 5.50000000e-01 1.26890680e-05
9.30000000e-01 5.50000000e-01 1.02779549e-05
9.40000000e-01 5.50000000e-01 8.28259458e-06
9.50000000e-01 5.50000000e-01 6.64059546e-06
9.60000000e-01 5.50000000e-01 5.29696151e-06
9.70000000e-01 5.50000000e-01 4.20362601e-06
9.80000000e-01 5.50000000e-01 3.31892232e-06
9.90000000e-01 5.50000000e-01 2.60701883e-06
1.00000000e+00 5.50000000e-01 2.03734034e-06
0.00000000e+00 5.60000000e-01 1.89965957e-06
1.00000000e-02 5.60000000e-01 2.42741984e-06
2.00000000e-02 5.60000000e-01 3.08603741e-06
3.00000000e-02 5.60000000e-01 3.90344257e-06
4.00000000e-02 5.60000000e-01 4.91233329e-06
5.00000000e-02 5.60000000e-01 6.15069731e-06
6.00000000e-02 5.60000000e-01 7.66232299e-06
7.00000000e-02 5.60000000e-01 9.49727917e-06
8.00000000e-02 5.60000000e-01 1.17123408e-05
9.00000000e-02 5.60000000e-01 1.43713335e-05
1.00000000e-01 5.60000000e-01 1.75453672e-05
1.10000000e-01 5.60000000e-01 2.13129257e-05
1.20000000e-01 5.60000000e-01 2.57597781e-05
1.30000000e-01 5.60000000e-01 3.09786767e-05
1.40000000e-01 5.60000000e-01 3.70688053e-05
1.50000000e-01 5.60000000e-01 4.41349475e-05
1.60000000e-01 5.60000000e-01 5.22863434e-05
1.70000000e-01 5.60000000e-01 6.16352144e-05
1.80000000e-01 5.60000000e-01 7.22949384e-05
1.90000000e-01 5.60000000e-01 8.43778732e-05
2.00000000e-01 5.60000000e-01 9.79928320e-05
2.10000000e-01 5.60000000e-01 1.13242235e-04
2.20000000e-01 5.60000000e-01 1.30218969e-04
2.30000000e-01 5.60000000e-01 1.49003010e-04
2.40000000e-01 5.60000000e-01 1.69657879e-04
2.50000000e-01 5.60000000e-01 1.92227004e-04
2.60000000e-01 5.60000000e-01 2.16730105e-04
2.70000000e-01 5.60000000e-01 2.43159700e-04
2.80000000e-01 5.60000000e-01 2.71477857e-04
2.90000000e-01 5.60000000e-01 3.01613328e-04
3.00000000e-01 5.60000000e-01 3.33459189e-04
3.10000000e-01 5.60000000e-01 3.66871113e-04
3.20000000e-01 5.60000000e-01 4.01666403e-04
3.30000000e-01 5.60000000e-01 4.37623883e-04
3.40000000e-01 5.60000000e-01 4.74484745e-04
3.50000000e-01 5.60000000e-01 5.11954400e-04
3.60000000e-01 5.60000000e-01 5.49705377e-04
3.70000000e-01 5.60000000e-01 5.87381267e-04
3.80000000e-01 5.60000000e-01 6.24601672e-04
3.90000000e-01 5.60000000e-01 6.60968093e-04
4.00000000e-01 5.60000000e-01 6.96070642e-04
4.10000000e-01 5.60000000e-01 7.29495437e-04
4.20000000e-01 5.60000000e-01 7.60832499e-04
4.30000000e-01 5.60000000e-01 7.89683950e-04
4.40000000e-01 5.60000000e-01 8.15672295e-04
4.50000000e-01 5.60000000e-01 8.38448536e-04
4.60000000e-01 5.60000000e-01 8.57699895e-04
4.70000000e-01 5.60000000e-01 8.73156899e-04
4.80000000e-01 5.60000000e-01 8.84599608e-04
4.90000000e-01 5.60000000e-01 8.91862787e-04
5.00000000e-01 5.60000000e-01 8.94839858e-04
5.10000000e-01 5.60000000e-01 8.93485484e-04
5.20000000e-01 5.60000000e-01 8.87816726e-04
5.30000000e-01 5.60000000e-01 8.77912703e-04
5.40000000e-01 5.60000000e-01 8.63912778e-04
5.50000000e-01 5.60000000e-01 8.46013334e-04
5.60000000e-01 5.60000000e-01 8.24463224e-04
5.70000000e-01 5.60000000e-01 7.99558055e-04
5.80000000e-01 5.60000000e-01 7.71633485e-04
5.90000000e-01 5.60000000e-01 7.41057740e-04
6.00000000e-01 5.60000000e-01 7.08223590e-04
6.10000000e-01 5.60000000e-01 6.73540022e-04
6.20000000e-01 5.60000000e-01 6.37423845e-04
6.30000000e-01 5.60000000e-01 6.00291493e-04
6.40000000e-01 5.60000000e-01 5.62551216e-04
6.50000000e-01 5.60000000e-01 5.24595874e-04
6.60000000e-01 5.60000000e-01 4.86796513e-04
6.70000000e-01 5.60000000e-01 4.49496826e-04
6.80000000e-01 5.60000000e-01 4.13008637e-04
6.90000000e-01 5.60000000e-01 3.77608430e-04
7.00000000e-01 5.60000000e-01 3.43534971e-04
7.10000000e-01 5.60000000e-01 3.10987987e-04
7.20000000e-01 5.60000000e-01 2.80127866e-04
7.30000000e-01 5.60000000e-01 2.51076290e-04
7.40000000e-01 5.60000000e-01 2.23917710e-04
7.50000000e-01 5.60000000e-01 1.98701533e-04
7.60000000e-01 5.60000000e-01 1.75444891e-04
7.70000000e-01 5.60000000e-01 1.54135867e-04
7.80000000e-01 5.60000000e-01 1.34737023e-04
7.90000000e-01 5.60000000e-01 1.17189113e-04
8.00000000e-01 5.60000000e-01 1.01414851e-04
8.10000000e-01 5.60000000e-01 8.73226194e-05
8.20000000e-01 5.60000000e-01 7.48100385e-05
8.30000000e-01 5.60000000e-01 6.37672974e-05
8.40000000e-01 5.60000000e-01 5.40802031e-05
8.50000000e-01 5.60000000e-01 4.56328960e-05
8.60000000e-01 5.60000000e-01 3.83102062e-05
8.70000000e-01 5.60000000e-01 3.19996408e-05
8.80000000e-01 5.60000000e-01 2.65930026e-05
8.90000000e-01 5.60000000e-01 2.19876544e-05
9.00000000e-01 5.60000000e-01 1.80874509e-05
9.10000000e-01 5.60000000e-01 1.48033681e-05
9.20000000e-01 5.60000000e-01 1.20538638e-05
9.30000000e-01 5.60000000e-01 9.76500639e-06
9.40000000e-01 5.60000000e-01 7.87040921e-06
9.50000000e-01 5.60000000e-01 6.31100771e-06
9.60000000e-01 5.60000000e-01 5.03471474e-06
9.70000000e-01 5.60000000e-01 3.99598617e-06
9.80000000e-01 5.60000000e-01 3.15532609e-06
9.90000000e-01 5.60000000e-01 2.47875675e-06
1.00000000e+00 5.60000000e-01 1.93727452e-06
0.00000000e+00 5.70000000e-01 1.78484638e-06
1.00000000e-02 5.70000000e-01 2.28031005e-06
2.00000000e-02 5.70000000e-01 2.89848566e-06
3.00000000e-02 5.70000000e-01 3.66552265e-06
4.00000000e-02 5.70000000e-01 4.61202250e-06
5.00000000e-02 5.70000000e-01 5.77352345e-06
6.00000000e-02 5.70000000e-01 7.19097383e-06
7.00000000e-02 5.70000000e-01 8.91117569e-06
8.00000000e-02 5.70000000e-01 1.09871770e-05
9.00000000e-02 5.70000000e-01 1.34785876e-05
1.00000000e-01 5.70000000e-01 1.64517902e-05
1.10000000e-01 5.70000000e-01 1.99800176e-05
1.20000000e-01 5.70000000e-01 2.41432619e-05
1.30000000e-01 5.70000000e-01 2.90279853e-05
1.40000000e-01 5.70000000e-01 3.47265982e-05
1.50000000e-01 5.70000000e-01 4.13366758e-05
1.60000000e-01 5.70000000e-01 4.89598867e-05
1.70000000e-01 5.70000000e-01 5.77006118e-05
1.80000000e-01 5.70000000e-01 6.76642404e-05
1.90000000e-01 5.70000000e-01 7.89551404e-05
2.00000000e-01 5.70000000e-01 9.16743072e-05
2.10000000e-01 5.70000000e-01 1.05916714e-04
2.20000000e-01 5.70000000e-01 1.21768393e-04
2.30000000e-01 5.70000000e-01 1.39303303e-04
2.40000000e-01 5.70000000e-01 1.58580039e-04
2.50000000e-01 5.70000000e-01 1.79638464e-04
2.60000000e-01 5.70000000e-01 2.02496365e-04
2.70000000e-01 5.70000000e-01 2.27146217e-04
2.80000000e-01 5.70000000e-01 2.53552192e-04
2.90000000e-01 5.70000000e-01 2.81647507e-04
3.00000000e-01 5.70000000e-01 3.11332259e-04
3.10000000e-01 5.70000000e-01 3.42471836e-04
3.20000000e-01 5.70000000e-01 3.74896036e-04
3.30000000e-01 5.70000000e-01 4.08398989e-04
3.40000000e-01 5.70000000e-01 4.42739944e-04
3.50000000e-01 5.70000000e-01 4.77645003e-04
3.60000000e-01 5.70000000e-01 5.12809811e-04
3.70000000e-01 5.70000000e-01 5.47903216e-04
3.80000000e-01 5.70000000e-01 5.82571854e-04
3.90000000e-01 5.70000000e-01 6.16445603e-04
4.00000000e-01 5.70000000e-01 6.49143795e-04
4.10000000e-01 5.70000000e-01 6.80282054e-04
4.20000000e-01 5.70000000e-01 7.09479609e-04
4.30000000e-01 5.70000000e-01 7.36366874e-04
4.40000000e-01 5.70000000e-01 7.60593113e-04
4.50000000e-01 5.70000000e-01 7.81833947e-04
4.60000000e-01 5.70000000e-01 7.99798510e-04
4.70000000e-01 5.70000000e-01 8.14236010e-04
4.80000000e-01 5.70000000e-01 8.24941507e-04
4.90000000e-01 5.70000000e-01 8.31760719e-04
5.00000000e-01 5.70000000e-01 8.34593699e-04
5.10000000e-01 5.70000000e-01 8.33397259e-04
5.20000000e-01 5.70000000e-01 8.28186071e-04
5.30000000e-01 5.70000000e-01 8.19032385e-04
5.40000000e-01 5.70000000e-01 8.06064394e-04
5.50000000e-01 5.70000000e-01 7.89463280e-04
5.60000000e-01 5.70000000e-01 7.69459037e-04
5.70000000e-01 5.70000000e-01 7.46325215e-04
5.80000000e-01 5.70000000e-01 7.20372737e-04
5.90000000e-01 5.70000000e-01 6.91942993e-04
6.00000000e-01 5.70000000e-01 6.61400419e-04
6.10000000e-01 5.70000000e-01 6.29124782e-04
6.20000000e-01 5.70000000e-01 5.95503412e-04
6.30000000e-01 5.70000000e-01 5.60923578e-04
6.40000000e-01 5.70000000e-01 5.25765237e-04
6.50000000e-01 5.70000000e-01 4.90394321e-04
6.60000000e-01 5.70000000e-01 4.55156743e-04
6.70000000e-01 5.70000000e-01 4.20373220e-04
6.80000000e-01 5.70000000e-01 3.86335031e-04
6.90000000e-01 5.70000000e-01 3.53300752e-04
7.00000000e-01 5.70000000e-01 3.21493997e-04
7.10000000e-01 5.70000000e-01 2.91102141e-04
7.20000000e-01 5.70000000e-01 2.62275993e-04
7.30000000e-01 5.70000000e-01 2.35130343e-04
7.40000000e-01 5.70000000e-01 2.09745287e-04
7.50000000e-01 5.70000000e-01 1.86168227e-04
7.60000000e-01 5.70000000e-01 1.64416419e-04
7.70000000e-01 5.70000000e-01 1.44479948e-04
7.80000000e-01 5.70000000e-01 1.26324990e-04
7.90000000e-01 5.70000000e-01 1.09897263e-04
8.00000000e-01 5.70000000e-01 9.51255188e-05
8.10000000e-01 5.70000000e-01 8.19250081e-05
8.20000000e-01 5.70000000e-01 7.02007967e-05
8.30000000e-01 5.70000000e-01 5.98508834e-05
8.40000000e-01 5.70000000e-01 5.07690497e-05
8.50000000e-01 5.70000000e-01 4.28474032e-05
8.60000000e-01 5.70000000e-01 3.59785894e-05
8.70000000e-01 5.70000000e-01 3.00576592e-05
8.80000000e-01 5.70000000e-01 2.49835946e-05
8.90000000e-01 5.70000000e-01 2.06605024e-05
9.00000000e-01 5.70000000e-01 1.69984984e-05
9.10000000e-01 5.70000000e-01 1.39143078e-05
9.20000000e-01 5.70000000e-01 1.13316135e-05
9.30000000e-01 5.70000000e-01 9.18118688e-06
9.40000000e-01 5.70000000e-01 7.40083523e-06
9.50000000e-01 5.70000000e-01 5.93520146e-06
9.60000000e-01 5.70000000e-01 4.73544798e-06
9.70000000e-01 5.70000000e-01 3.75885572e-06
9.80000000e-01 5.70000000e-01 2.96836544e-06
9.90000000e-01 5.70000000e-01 2.33208491e-06
1.00000000e+00 5.70000000e-01 1.82278221e-06
0.00000000e+00 5.80000000e-01 1.65965479e-06
1.00000000e-02 5.80000000e-01 2.12004852e-06
2.00000000e-02 5.80000000e-01 2.69435904e-06
3.00000000e-02 5.80000000e-01 3.40682786e-06
4.00000000e-02 5.80000000e-01 4.28581450e-06
5.00000000e-02 5.80000000e-01 5.36424242e-06
6.00000000e-02 5.80000000e-01 6.68003395e-06
7.00000000e-02 5.80000000e-01 8.27651709e-06
8.00000000e-02 5.80000000e-01 1.02027841e-05
9.00000000e-02 5.80000000e-01 1.25139788e-05
1.00000000e-01 5.80000000e-01 1.52714866e-05
1.10000000e-01 5.80000000e-01 1.85430002e-05
1.20000000e-01 5.80000000e-01 2.24024294e-05
1.30000000e-01 5.80000000e-01 2.69296280e-05
1.40000000e-01 5.80000000e-01 3.22099055e-05
1.50000000e-01 5.80000000e-01 3.83332975e-05
1.60000000e-01 5.80000000e-01 4.53935709e-05
1.70000000e-01 5.80000000e-01 5.34869444e-05
1.80000000e-01 5.80000000e-01 6.27105121e-05
1.90000000e-01 5.80000000e-01 7.31603683e-05
2.00000000e-01 5.80000000e-01 8.49294377e-05
2.10000000e-01 5.80000000e-01 9.81050327e-05
2.20000000e-01 5.80000000e-01 1.12766166e-04
2.30000000e-01 5.80000000e-01 1.28980668e-04
2.40000000e-01 5.80000000e-01 1.46802159e-04
2.50000000e-01 5.80000000e-01 1.66266960e-04
2.60000000e-01 5.80000000e-01 1.87391019e-04
2.70000000e-01 5.80000000e-01 2.10166949e-04
2.80000000e-01 5.80000000e-01 2.34561281e-04
2.90000000e-01 5.80000000e-01 2.60512045e-04
3.00000000e-01 5.80000000e-01 2.87926788e-04
3.10000000e-01 5.80000000e-01 3.16681129e-04
3.20000000e-01 5.80000000e-01 3.46617961e-04
3.30000000e-01 5.80000000e-01 3.77547392e-04
3.40000000e-01 5.80000000e-01 4.09247477e-04
3.50000000e-01 5.80000000e-01 4.41465825e-04
3.60000000e-01 5.80000000e-01 4.73922070e-04
3.70000000e-01 5.80000000e-01 5.06311241e-04
3.80000000e-01 5.80000000e-01 5.38307974e-04
3.90000000e-01 5.80000000e-01 5.69571519e-04
4.00000000e-01 5.80000000e-01 5.99751442e-04
4.10000000e-01 5.80000000e-01 6.28493899e-04
4.20000000e-01 5.80000000e-01 6.55448346e-04
4.30000000e-01 5.80000000e-01 6.80274496e-04
4.40000000e-01 5.80000000e-01 7.02649345e-04
4.50000000e-01 5.80000000e-01 7.22274072e-04
4.60000000e-01 5.80000000e-01 7.38880603e-04
4.70000000e-01 5.80000000e-01 7.52237639e-04
4.80000000e-01 5.80000000e-01 7.62155972e-04
4.90000000e-01 5.80000000e-01 7.68492910e-04
5.00000000e-01 5.80000000e-01 7.71155666e-04
5.10000000e-01 5.80000000e-01 7.70103614e-04
5.20000000e-01 5.80000000e-01 7.65349313e-04
5.30000000e-01 5.80000000e-01 7.56958292e-04
5.40000000e-01 5.80000000e-01 7.45047566e-04
5.50000000e-01 5.80000000e-01 7.29782959e-04
5.60000000e-01 5.80000000e-01 7.11375300e-04
5.70000000e-01 5.80000000e-01 6.90075621e-04
5.80000000e-01 5.80000000e-01 6.66169502e-04
5.90000000e-01 5.80000000e-01 6.39970744e-04
6.00000000e-01 5.80000000e-01 6.11814568e-04
6.10000000e-01 5.80000000e-01 5.82050529e-04
6.20000000e-01 5.80000000e-01 5.51035379e-04
6.30000000e-01 5.80000000e-01 5.19126047e-04
6.40000000e-01 5.80000000e-01 4.86672965e-04
6.50000000e-01 5.80000000e-01 4.54013866e-04
6.60000000e-01 5.80000000e-01 4.21468249e-04
6.70000000e-01 5.80000000e-01 3.89332582e-04
6.80000000e-01 5.80000000e-01 3.57876365e-04
6.90000000e-01 5.80000000e-01 3.27339087e-04
7.00000000e-01 5.80000000e-01 2.97928101e-04
7.10000000e-01 5.80000000e-01 2.69817417e-04
7.20000000e-01 5.80000000e-01 2.43147357e-04
7.30000000e-01 5.80000000e-01 2.18025027e-04
7.40000000e-01 5.80000000e-01 1.94525501e-04
7.50000000e-01 5.80000000e-01 1.72693636e-04
7.60000000e-01 5.80000000e-01 1.52546399e-04
7.70000000e-01 5.80000000e-01 1.34075588e-04
7.80000000e-01 5.80000000e-01 1.17250828e-04
7.90000000e-01 5.80000000e-01 1.02022740e-04
8.00000000e-01 5.80000000e-01 8.83261642e-05
8.10000000e-01 5.80000000e-01 7.60833499e-05
8.20000000e-01 5.80000000e-01 6.52070231e-05
8.30000000e-01 5.80000000e-01 5.56032692e-05
8.40000000e-01 5.80000000e-01 4.71741722e-05
8.50000000e-01 5.80000000e-01 3.98201747e-05
8.60000000e-01 5.80000000e-01 3.34421312e-05
8.70000000e-01 5.80000000e-01 2.79430462e-05
8.80000000e-01 5.80000000e-01 2.32294955e-05
8.90000000e-01 5.80000000e-01 1.92127420e-05
9.00000000e-01 5.80000000e-01 1.58095638e-05
9.10000000e-01 5.80000000e-01 1.29428202e-05
9.20000000e-01 5.80000000e-01 1.05417829e-05
9.30000000e-01 5.80000000e-01 8.54226554e-06
9.40000000e-01 5.80000000e-01 6.88658221e-06
9.50000000e-01 5.80000000e-01 5.52336797e-06
9.60000000e-01 5.80000000e-01 4.40729143e-06
9.70000000e-01 5.80000000e-01 3.49868747e-06
9.80000000e-01 5.80000000e-01 2.76313561e-06
9.90000000e-01 5.80000000e-01 2.17100600e-06
1.00000000e+00 5.80000000e-01 1.69699173e-06
0.00000000e+00 5.90000000e-01 1.52727701e-06
1.00000000e-02 5.90000000e-01 1.95070846e-06
2.00000000e-02 5.90000000e-01 2.47882817e-06
3.00000000e-02 5.90000000e-01 3.13388831e-06
4.00000000e-02 5.90000000e-01 3.94191402e-06
5.00000000e-02 5.90000000e-01 4.93311033e-06
6.00000000e-02 5.90000000e-01 6.14225840e-06
7.00000000e-02 5.90000000e-01 7.60908553e-06
8.00000000e-02 5.90000000e-01 9.37859047e-06
9.00000000e-02 5.90000000e-01 1.15013031e-05
1.00000000e-01 5.90000000e-01 1.40334544e-05
1.10000000e-01 5.90000000e-01 1.70370322e-05
1.20000000e-01 5.90000000e-01 2.05796946e-05
1.30000000e-01 5.90000000e-01 2.47345143e-05
1.40000000e-01 5.90000000e-01 2.95795276e-05
1.50000000e-01 5.90000000e-01 3.51970625e-05
1.60000000e-01 5.90000000e-01 4.16728236e-05
1.70000000e-01 5.90000000e-01 4.90947186e-05
1.80000000e-01 5.90000000e-01 5.75514138e-05
1.90000000e-01 5.90000000e-01 6.71306173e-05
2.00000000e-01 5.90000000e-01 7.79170954e-05
2.10000000e-01 5.90000000e-01 8.99904401e-05
2.20000000e-01 5.90000000e-01 1.03422616e-04
2.30000000e-01 5.90000000e-01 1.18275331e-04
2.40000000e-01 5.90000000e-01 1.34597274e-04
2.50000000e-01 5.90000000e-01 1.52421305e-04
2.60000000e-01 5.90000000e-01 1.71761652e-04
2.70000000e-01 5.90000000e-01 1.92611221e-04
2.80000000e-01 5.90000000e-01 2.14939099e-04
2.90000000e-01 5.90000000e-01 2.38688354e-04
3.00000000e-01 5.90000000e-01 2.63774243e-04
3.10000000e-01 5.90000000e-01 2.90082902e-04
3.20000000e-01 5.90000000e-01 3.17470633e-04
3.30000000e-01 5.90000000e-01 3.45763851e-04
3.40000000e-01 5.90000000e-01 3.74759770e-04
3.50000000e-01 5.90000000e-01 4.04227864e-04
3.60000000e-01 5.90000000e-01 4.33912132e-04
3.70000000e-01 5.90000000e-01 4.63534161e-04
3.80000000e-01 5.90000000e-01 4.92796974e-04
3.90000000e-01 5.90000000e-01 5.21389579e-04
4.00000000e-01 5.90000000e-01 5.48992169e-04
4.10000000e-01 5.90000000e-01 5.75281826e-04
4.20000000e-01 5.90000000e-01 5.99938630e-04
4.30000000e-01 5.90000000e-01 6.22651988e-04
4.40000000e-01 5.90000000e-01 6.43127034e-04
4.50000000e-01 5.90000000e-01 6.61090903e-04
4.60000000e-01 5.90000000e-01 6.76298710e-04
4.70000000e-01 5.90000000e-01 6.88539048e-04
4.80000000e-01 5.90000000e-01 6.97638826e-04
4.90000000e-01 5.90000000e-01 7.03467315e-04
5.00000000e-01 5.90000000e-01 7.05939242e-04
5.10000000e-01 5.90000000e-01 7.05016867e-04
5.20000000e-01 5.90000000e-01 7.00710931e-04
5.30000000e-01 5.90000000e-01 6.93080479e-04
5.40000000e-01 5.90000000e-01 6.82231542e-04
5.50000000e-01 5.90000000e-01 6.68314711e-04
5.60000000e-01 5.90000000e-01 6.51521705e-04
5.70000000e-01 5.90000000e-01 6.32081009e-04
5.80000000e-01 5.90000000e-01 6.10252751e-04
5.90000000e-01 5.90000000e-01 5.86322947e-04
6.00000000e-01 5.90000000e-01 5.60597312e-04
6.10000000e-01 5.90000000e-01 5.33394818e-04
6.20000000e-01 5.90000000e-01 5.05041176e-04
6.30000000e-01 5.90000000e-01 4.75862448e-04
6.40000000e-01 5.90000000e-01 4.46178933e-04
6.50000000e-01 5.90000000e-01 4.16299513e-04
6.60000000e-01 5.90000000e-01 3.86516574e-04
6.70000000e-01 5.90000000e-01 3.57101611e-04
6.80000000e-01 5.90000000e-01 3.28301606e-04
6.90000000e-01 5.90000000e-01 3.00336225e-04
7.00000000e-01 5.90000000e-01 2.73395851e-04
7.10000000e-01 5.90000000e-01 2.47640442e-04
7.20000000e-01 5.90000000e-01 2.23199201e-04
7.30000000e-01 5.90000000e-01 2.00170964e-04
7.40000000e-01 5.90000000e-01 1.78625269e-04
7.50000000e-01 5.90000000e-01 1.58603988e-04
7.60000000e-01 5.90000000e-01 1.40123431e-04
7.70000000e-01 5.90000000e-01 1.23176820e-04
7.80000000e-01 5.90000000e-01 1.07737015e-04
7.90000000e-01 5.90000000e-01 9.37594095e-05
8.00000000e-01 5.90000000e-01 8.11848635e-05
8.10000000e-01 5.90000000e-01 6.99426265e-05
8.20000000e-01 5.90000000e-01 5.99531435e-05
8.30000000e-01 5.90000000e-01 5.11306961e-05
8.40000000e-01 5.90000000e-01 4.33858235e-05
8.50000000e-01 5.90000000e-01 3.66274897e-05
8.60000000e-01 5.90000000e-01 3.07649713e-05
8.70000000e-01 5.90000000e-01 2.57094575e-05
8.80000000e-01 5.90000000e-01 2.13753608e-05
8.90000000e-01 5.90000000e-01 1.76813470e-05
9.00000000e-01 5.90000000e-01 1.45511032e-05
9.10000000e-01 5.90000000e-01 1.19138633e-05
9.20000000e-01 5.90000000e-01 9.70471902e-06
9.30000000e-01 5.90000000e-01 7.86474471e-06
9.40000000e-01 5.90000000e-01 6.34096496e-06
9.50000000e-01 5.90000000e-01 5.08619461e-06
9.60000000e-01 5.90000000e-01 4.05877902e-06
9.70000000e-01 5.90000000e-01 3.22226042e-06
9.80000000e-01 5.90000000e-01 2.54499361e-06
9.90000000e-01 5.90000000e-01 1.99973131e-06
1.00000000e+00 5.90000000e-01 1.56319643e-06
0.00000000e+00 6.00000000e-01 1.39089339e-06
1.00000000e-02 6.00000000e-01 1.77634312e-06
2.00000000e-02 6.00000000e-01 2.25703200e-06
3.00000000e-02 6.00000000e-01 2.85318562e-06
4.00000000e-02 6.00000000e-01 3.58845399e-06
5.00000000e-02 6.00000000e-01 4.49027952e-06
6.00000000e-02 6.00000000e-01 5.59025516e-06
7.00000000e-02 6.00000000e-01 6.92445820e-06
8.00000000e-02 6.00000000e-01 8.53374337e-06
9.00000000e-02 6.00000000e-01 1.04639758e-05
1.00000000e-01 6.00000000e-01 1.27661827e-05
1.10000000e-01 6.00000000e-01 1.54966003e-05
1.20000000e-01 6.00000000e-01 1.87165926e-05
1.30000000e-01 6.00000000e-01 2.24924161e-05
1.40000000e-01 6.00000000e-01 2.68948072e-05
1.50000000e-01 6.00000000e-01 3.19983696e-05
1.60000000e-01 6.00000000e-01 3.78807424e-05
1.70000000e-01 6.00000000e-01 4.46215331e-05
1.80000000e-01 6.00000000e-01 5.23010071e-05
1.90000000e-01 6.00000000e-01 6.09985301e-05
2.00000000e-01 6.00000000e-01 7.07907707e-05
2.10000000e-01 6.00000000e-01 8.17496788e-05
2.20000000e-01 6.00000000e-01 9.39402656e-05
2.30000000e-01 6.00000000e-01 1.07418223e-04
2.40000000e-01 6.00000000e-01 1.22227432e-04
2.50000000e-01 6.00000000e-01 1.38397418e-04
2.60000000e-01 6.00000000e-01 1.55940823e-04
2.70000000e-01 6.00000000e-01 1.74850975e-04
2.80000000e-01 6.00000000e-01 1.95099640e-04
2.90000000e-01 6.00000000e-01 2.16635041e-04
3.00000000e-01 6.00000000e-01 2.39380238e-04
3.10000000e-01 6.00000000e-01 2.63231957e-04
3.20000000e-01 6.00000000e-01 2.88059950e-04
3.30000000e-01 6.00000000e-01 3.13706958e-04
3.40000000e-01 6.00000000e-01 3.39989331e-04
3.50000000e-01 6.00000000e-01 3.66698357e-04
3.60000000e-01 6.00000000e-01 3.93602307e-04
3.70000000e-01 6.00000000e-01 4.20449213e-04
3.80000000e-01 6.00000000e-01 4.46970337e-04
3.90000000e-01 6.00000000e-01 4.72884286e-04
4.00000000e-01 6.00000000e-01 4.97901698e-04
4.10000000e-01 6.00000000e-01 5.21730407e-04
4.20000000e-01 6.00000000e-01 5.44080943e-04
4.30000000e-01 6.00000000e-01 5.64672256e-04
4.40000000e-01 6.00000000e-01 5.83237487e-04
4.50000000e-01 6.00000000e-01 5.99529638e-04
4.60000000e-01 6.00000000e-01 6.13326971e-04
4.70000000e-01 6.00000000e-01 6.24437977e-04
4.80000000e-01 6.00000000e-01 6.32705748e-04
4.90000000e-01 6.00000000e-01 6.38011638e-04
5.00000000e-01 6.00000000e-01 6.40278073e-04
5.10000000e-01 6.00000000e-01 6.39470428e-04
5.20000000e-01 6.00000000e-01 6.35597909e-04
5.30000000e-01 6.00000000e-01 6.28713402e-04
5.40000000e-01 6.00000000e-01 6.18912297e-04
5.50000000e-01 6.00000000e-01 6.06330323e-04
5.60000000e-01 6.00000000e-01 5.91140453e-04
5.70000000e-01 6.00000000e-01 5.73548987e-04
5.80000000e-01 6.00000000e-01 5.53790932e-04
5.90000000e-01 6.00000000e-01 5.32124812e-04
6.00000000e-01 6.00000000e-01 5.08827089e-04
6.10000000e-01 6.00000000e-01 4.84186336e-04
6.20000000e-01 6.00000000e-01 4.58497355e-04
6.30000000e-01 6.00000000e-01 4.32055390e-04
6.40000000e-01 6.00000000e-01 4.05150599e-04
6.50000000e-01 6.00000000e-01 3.78062928e-04
6.60000000e-01 6.00000000e-01 3.51057500e-04
6.70000000e-01 6.00000000e-01 3.24380627e-04
6.80000000e-01 6.00000000e-01 2.98256517e-04
6.90000000e-01 6.00000000e-01 2.72884708e-04
7.00000000e-01 6.00000000e-01 2.48438275e-04
7.10000000e-01 6.00000000e-01 2.25062775e-04
7.20000000e-01 6.00000000e-01 2.02875920e-04
7.30000000e-01 6.00000000e-01 1.81967918e-04
7.40000000e-01 6.00000000e-01 1.62402414e-04
7.50000000e-01 6.00000000e-01 1.44217961e-04
7.60000000e-01 6.00000000e-01 1.27429904e-04
7.70000000e-01 6.00000000e-01 1.12032615e-04
7.80000000e-01 6.00000000e-01 9.80019557e-05
7.90000000e-01 6.00000000e-01 8.52978868e-05
8.00000000e-01 6.00000000e-01 7.38671345e-05
8.10000000e-01 6.00000000e-01 6.36458303e-05
8.20000000e-01 6.00000000e-01 5.45620594e-05
8.30000000e-01 6.00000000e-01 4.65382565e-05
8.40000000e-01 6.00000000e-01 3.94934061e-05
8.50000000e-01 6.00000000e-01 3.33450118e-05
8.60000000e-01 6.00000000e-01 2.80108154e-05
8.70000000e-01 6.00000000e-01 2.34102536e-05
8.80000000e-01 6.00000000e-01 1.94656539e-05
8.90000000e-01 6.00000000e-01 1.61031754e-05
9.00000000e-01 6.00000000e-01 1.32535110e-05
9.10000000e-01 6.00000000e-01 1.08523710e-05
9.20000000e-01 6.00000000e-01 8.84076946e-06
9.30000000e-01 6.00000000e-01 7.16514255e-06
9.40000000e-01 6.00000000e-01 5.77732279e-06
9.50000000e-01 6.00000000e-01 4.63439713e-06
9.60000000e-01 6.00000000e-01 3.69847381e-06
9.70000000e-01 6.00000000e-01 2.93638148e-06
9.80000000e-01 6.00000000e-01 2.31932190e-06
9.90000000e-01 6.00000000e-01 1.82249454e-06
1.00000000e+00 6.00000000e-01 1.42470889e-06
0.00000000e+00 6.10000000e-01 1.25354611e-06
1.00000000e-02 6.10000000e-01 1.60082572e-06
2.00000000e-02 6.10000000e-01 2.03387594e-06
3.00000000e-02 6.10000000e-01 2.57090007e-06
4.00000000e-02 6.10000000e-01 3.23318023e-06
5.00000000e-02 6.10000000e-01 4.04540750e-06
6.00000000e-02 6.10000000e-01 5.03600277e-06
7.00000000e-02 6.10000000e-01 6.23741578e-06
8.00000000e-02 6.10000000e-01 7.68638709e-06
9.00000000e-02 6.10000000e-01 9.42415594e-06
1.00000000e-01 6.10000000e-01 1.14965947e-05
1.10000000e-01 6.10000000e-01 1.39542493e-05
1.20000000e-01 6.10000000e-01 1.68522639e-05
1.30000000e-01 6.10000000e-01 2.02501674e-05
1.40000000e-01 6.10000000e-01 2.42115006e-05
1.50000000e-01 6.10000000e-01 2.88032640e-05
1.60000000e-01 6.10000000e-01 3.40951679e-05
1.70000000e-01 6.10000000e-01 4.01586731e-05
1.80000000e-01 6.10000000e-01 4.70658118e-05
1.90000000e-01 6.10000000e-01 5.48877885e-05
2.00000000e-01 6.10000000e-01 6.36933656e-05
2.10000000e-01 6.10000000e-01 7.35470486e-05
2.20000000e-01 6.10000000e-01 8.45070939e-05
2.30000000e-01 6.10000000e-01 9.66233739e-05
2.40000000e-01 6.10000000e-01 1.09935143e-04
2.50000000e-01 6.10000000e-01 1.24468756e-04
2.60000000e-01 6.10000000e-01 1.40235407e-04
2.70000000e-01 6.10000000e-01 1.57228950e-04
2.80000000e-01 6.10000000e-01 1.75423888e-04
2.90000000e-01 6.10000000e-01 1.94773598e-04
3.00000000e-01 6.10000000e-01 2.15208889e-04
3.10000000e-01 6.10000000e-01 2.36636953e-04
3.20000000e-01 6.10000000e-01 2.58940799e-04
3.30000000e-01 6.10000000e-01 2.81979218e-04
3.40000000e-01 6.10000000e-01 3.05587348e-04
3.50000000e-01 6.10000000e-01 3.29577866e-04
3.60000000e-01 6.10000000e-01 3.53742826e-04
3.70000000e-01 6.10000000e-01 3.77856144e-04
3.80000000e-01 6.10000000e-01 4.01676712e-04
3.90000000e-01 6.10000000e-01 4.24952082e-04
4.00000000e-01 6.10000000e-01 4.47422671e-04
4.10000000e-01 6.10000000e-01 4.68826374e-04
4.20000000e-01 6.10000000e-01 4.88903505e-04
4.30000000e-01 6.10000000e-01 5.07401911e-04
4.40000000e-01 6.10000000e-01 5.24082152e-04
4.50000000e-01 6.10000000e-01 5.38722573e-04
4.60000000e-01 6.10000000e-01 5.51124146e-04
4.70000000e-01 6.10000000e-01 5.61114918e-04
4.80000000e-01 6.10000000e-01 5.68553938e-04
4.90000000e-01 6.10000000e-01 5.73334537e-04
5.00000000e-01 6.10000000e-01 5.75386851e-04
5.10000000e-01 6.10000000e-01 5.74679516e-04
5.20000000e-01 6.10000000e-01 5.71220461e-04
5.30000000e-01 6.10000000e-01 5.65056787e-04
5.40000000e-01 6.10000000e-01 5.56273721e-04
5.50000000e-01 6.10000000e-01 5.44992689e-04
5.60000000e-01 6.10000000e-01 5.31368552e-04
5.70000000e-01 6.10000000e-01 5.15586106e-04
5.80000000e-01 6.10000000e-01 4.97855949e-04
5.90000000e-01 6.10000000e-01 4.78409839e-04
6.00000000e-01 6.10000000e-01 4.57495695e-04
6.10000000e-01 6.10000000e-01 4.35372381e-04
6.20000000e-01 6.10000000e-01 4.12304426e-04
6.30000000e-01 6.10000000e-01 3.88556842e-04
6.40000000e-01 6.10000000e-01 3.64390155e-04
6.50000000e-01 6.10000000e-01 3.40055808e-04
6.60000000e-01 6.10000000e-01 3.15792011e-04
6.70000000e-01 6.10000000e-01 2.91820159e-04
6.80000000e-01 6.10000000e-01 2.68341860e-04
6.90000000e-01 6.10000000e-01 2.45536626e-04
7.00000000e-01 6.10000000e-01 2.23560245e-04
7.10000000e-01 6.10000000e-01 2.02543825e-04
7.20000000e-01 6.10000000e-01 1.82593486e-04
7.30000000e-01 6.10000000e-01 1.63790651e-04
7.40000000e-01 6.10000000e-01 1.46192885e-04
7.50000000e-01 6.10000000e-01 1.29835198e-04
7.60000000e-01 6.10000000e-01 1.14731733e-04
7.70000000e-01 6.10000000e-01 1.00877765e-04
7.80000000e-01 6.10000000e-01 8.82519031e-05
7.90000000e-01 6.10000000e-01 7.68184361e-05
8.00000000e-01 6.10000000e-01 6.65297208e-05
8.10000000e-01 6.10000000e-01 5.73285543e-05
8.20000000e-01 6.10000000e-01 4.91504635e-05
8.30000000e-01 6.10000000e-01 4.19258595e-05
8.40000000e-01 6.10000000e-01 3.55820164e-05
8.50000000e-01 6.10000000e-01 3.00448452e-05
8.60000000e-01 6.10000000e-01 2.52404412e-05
8.70000000e-01 6.10000000e-01 2.10963980e-05
8.80000000e-01 6.10000000e-01 1.75428857e-05
8.90000000e-01 6.10000000e-01 1.45135012e-05
9.00000000e-01 6.10000000e-01 1.19459032e-05
9.10000000e-01 6.10000000e-01 9.78224970e-06
9.20000000e-01 6.10000000e-01 7.96945993e-06
9.30000000e-01 6.10000000e-01 6.45932266e-06
9.40000000e-01 6.10000000e-01 5.20847595e-06
9.50000000e-01 6.10000000e-01 4.17828149e-06
9.60000000e-01 6.10000000e-01 3.33461664e-06
9.70000000e-01 6.10000000e-01 2.64760523e-06
9.80000000e-01 6.10000000e-01 2.09130617e-06
9.90000000e-01 6.10000000e-01 1.64337654e-06
1.00000000e+00 6.10000000e-01 1.28472343e-06
0.00000000e+00 6.20000000e-01 1.11802970e-06
1.00000000e-02 6.20000000e-01 1.42771092e-06
2.00000000e-02 6.20000000e-01 1.81385770e-06
3.00000000e-02 6.20000000e-01 2.29269260e-06
4.00000000e-02 6.20000000e-01 2.88318041e-06
5.00000000e-02 6.20000000e-01 3.60732167e-06
6.00000000e-02 6.20000000e-01 4.49043805e-06
7.00000000e-02 6.20000000e-01 5.56143800e-06
8.00000000e-02 6.20000000e-01 6.85304931e-06
9.00000000e-02 6.20000000e-01 8.40200343e-06
1.00000000e-01 6.20000000e-01 1.02491543e-05
1.10000000e-01 6.20000000e-01 1.24395133e-05
1.20000000e-01 6.20000000e-01 1.50221811e-05
1.30000000e-01 6.20000000e-01 1.80501566e-05
1.40000000e-01 6.20000000e-01 2.15800038e-05
1.50000000e-01 6.20000000e-01 2.56713588e-05
1.60000000e-01 6.20000000e-01 3.03862618e-05
1.70000000e-01 6.20000000e-01 3.57883021e-05
1.80000000e-01 6.20000000e-01 4.19415674e-05
1.90000000e-01 6.20000000e-01 4.89093990e-05
2.00000000e-01 6.20000000e-01 5.67529538e-05
2.10000000e-01 6.20000000e-01 6.55295901e-05
2.20000000e-01 6.20000000e-01 7.52910950e-05
2.30000000e-01 6.20000000e-01 8.60817856e-05
2.40000000e-01 6.20000000e-01 9.79365222e-05
2.50000000e-01 6.20000000e-01 1.10878681e-04
2.60000000e-01 6.20000000e-01 1.24918143e-04
2.70000000e-01 6.20000000e-01 1.40049359e-04
2.80000000e-01 6.20000000e-01 1.56249560e-04
2.90000000e-01 6.20000000e-01 1.73477187e-04
3.00000000e-01 6.20000000e-01 1.91670607e-04
3.10000000e-01 6.20000000e-01 2.10747182e-04
3.20000000e-01 6.20000000e-01 2.30602767e-04
3.30000000e-01 6.20000000e-01 2.51111689e-04
3.40000000e-01 6.20000000e-01 2.72127242e-04
3.50000000e-01 6.20000000e-01 2.93482753e-04
3.60000000e-01 6.20000000e-01 3.14993216e-04
3.70000000e-01 6.20000000e-01 3.36457501e-04
3.80000000e-01 6.20000000e-01 3.57661125e-04
3.90000000e-01 6.20000000e-01 3.78379526e-04
4.00000000e-01 6.20000000e-01 3.98381796e-04
4.10000000e-01 6.20000000e-01 4.17434789e-04
4.20000000e-01 6.20000000e-01 4.35307503e-04
4.30000000e-01 6.20000000e-01 4.51775632e-04
4.40000000e-01 6.20000000e-01 4.66626166e-04
4.50000000e-01 6.20000000e-01 4.79661901e-04
4.60000000e-01 6.20000000e-01 4.90705740e-04
4.70000000e-01 6.20000000e-01 4.99604651e-04
4.80000000e-01 6.20000000e-01 5.06233156e-04
4.90000000e-01 6.20000000e-01 5.10496251e-04
5.00000000e-01 6.20000000e-01 5.12331652e-04
5.10000000e-01 6.20000000e-01 5.11711304e-04
5.20000000e-01 6.20000000e-01 5.08642091e-04
5.30000000e-01 6.20000000e-01 5.03165732e-04
5.40000000e-01 6.20000000e-01 4.95357862e-04
5.50000000e-01 6.20000000e-01 4.85326319e-04
5.60000000e-01 6.20000000e-01 4.73208694e-04
5.70000000e-01 6.20000000e-01 4.59169227e-04
5.80000000e-01 6.20000000e-01 4.43395133e-04
5.90000000e-01 6.20000000e-01 4.26092483e-04
6.00000000e-01 6.20000000e-01 4.07481758e-04
6.10000000e-01 6.20000000e-01 3.87793215e-04
6.20000000e-01 6.20000000e-01 3.67262194e-04
6.30000000e-01 6.20000000e-01 3.46124502e-04
6.40000000e-01 6.20000000e-01 3.24612004e-04
6.50000000e-01 6.20000000e-01 3.02948517e-04
6.60000000e-01 6.20000000e-01 2.81346127e-04
6.70000000e-01 6.20000000e-01 2.60001987e-04
6.80000000e-01 6.20000000e-01 2.39095678e-04
6.90000000e-01 6.20000000e-01 2.18787138e-04
7.00000000e-01 6.20000000e-01 1.99215215e-04
7.10000000e-01 6.20000000e-01 1.80496804e-04
7.20000000e-01 6.20000000e-01 1.62726568e-04
7.30000000e-01 6.20000000e-01 1.45977193e-04
7.40000000e-01 6.20000000e-01 1.30300124e-04
7.50000000e-01 6.20000000e-01 1.15726720e-04
7.60000000e-01 6.20000000e-01 1.02269758e-04
7.70000000e-01 6.20000000e-01 8.99251988e-05
7.80000000e-01 6.20000000e-01 7.86741525e-05
7.90000000e-01 6.20000000e-01 6.84849589e-05
8.00000000e-01 6.20000000e-01 5.93153147e-05
8.10000000e-01 6.20000000e-01 5.11143848e-05
8.20000000e-01 6.20000000e-01 4.38248401e-05
8.30000000e-01 6.20000000e-01 3.73847768e-05
8.40000000e-01 6.20000000e-01 3.17294796e-05
8.50000000e-01 6.20000000e-01 2.67930022e-05
8.60000000e-01 6.20000000e-01 2.25095479e-05
8.70000000e-01 6.20000000e-01 1.88146407e-05
8.80000000e-01 6.20000000e-01 1.56460883e-05
8.90000000e-01 6.20000000e-01 1.29447410e-05
9.00000000e-01 6.20000000e-01 1.06550592e-05
9.10000000e-01 6.20000000e-01 8.72550503e-06
9.20000000e-01 6.20000000e-01 7.10877707e-06
9.30000000e-01 6.20000000e-01 5.76190849e-06
9.40000000e-01 6.20000000e-01 4.64625018e-06
9.50000000e-01 6.20000000e-01 3.72735992e-06
9.60000000e-01 6.20000000e-01 2.97481797e-06
9.70000000e-01 6.20000000e-01 2.36198799e-06
9.80000000e-01 6.20000000e-01 1.86574012e-06
9.90000000e-01 6.20000000e-01 1.46615130e-06
1.00000000e+00 6.20000000e-01 1.14619526e-06
0.00000000e+00 6.30000000e-01 9.86803529e-07
1.00000000e-02 6.30000000e-01 1.26012446e-06
2.00000000e-02 6.30000000e-01 1.60092876e-06
3.00000000e-02 6.30000000e-01 2.02353211e-06
4.00000000e-02 6.30000000e-01 2.54466965e-06
5.00000000e-02 6.30000000e-01 3.18375501e-06
6.00000000e-02 6.30000000e-01 3.96313188e-06
7.00000000e-02 6.30000000e-01 4.90830830e-06
8.00000000e-02 6.30000000e-01 6.04816172e-06
9.00000000e-02 6.30000000e-01 7.41510139e-06
1.00000000e-01 6.30000000e-01 9.04517304e-06
1.10000000e-01 6.30000000e-01 1.09780895e-05
1.20000000e-01 6.30000000e-01 1.32571702e-05
1.30000000e-01 6.30000000e-01 1.59291727e-05
1.40000000e-01 6.30000000e-01 1.90439981e-05
1.50000000e-01 6.30000000e-01 2.26542561e-05
1.60000000e-01 6.30000000e-01 2.68146758e-05
1.70000000e-01 6.30000000e-01 3.15813503e-05
1.80000000e-01 6.30000000e-01 3.70108109e-05
1.90000000e-01 6.30000000e-01 4.31589274e-05
2.00000000e-01 6.30000000e-01 5.00796411e-05
2.10000000e-01 6.30000000e-01 5.78235394e-05
2.20000000e-01 6.30000000e-01 6.64362935e-05
2.30000000e-01 6.30000000e-01 7.59569825e-05
2.40000000e-01 6.30000000e-01 8.64163423e-05
2.50000000e-01 6.30000000e-01 9.78349766e-05
2.60000000e-01 6.30000000e-01 1.10221584e-04
2.70000000e-01 6.30000000e-01 1.23571251e-04
2.80000000e-01 6.30000000e-01 1.37863876e-04
2.90000000e-01 6.30000000e-01 1.53062783e-04
3.00000000e-01 6.30000000e-01 1.69113589e-04
3.10000000e-01 6.30000000e-01 1.85943386e-04
3.20000000e-01 6.30000000e-01 2.03460299e-04
3.30000000e-01 6.30000000e-01 2.21553462e-04
3.40000000e-01 6.30000000e-01 2.40093463e-04
3.50000000e-01 6.30000000e-01 2.58933279e-04
3.60000000e-01 6.30000000e-01 2.77909721e-04
3.70000000e-01 6.30000000e-01 2.96845379e-04
3.80000000e-01 6.30000000e-01 3.15551068e-04
3.90000000e-01 6.30000000e-01 3.33828714e-04
4.00000000e-01 6.30000000e-01 3.51474646e-04
4.10000000e-01 6.30000000e-01 3.68283221e-04
4.20000000e-01 6.30000000e-01 3.84050684e-04
4.30000000e-01 6.30000000e-01 3.98579188e-04
4.40000000e-01 6.30000000e-01 4.11680843e-04
4.50000000e-01 6.30000000e-01 4.23181698e-04
4.60000000e-01 6.30000000e-01 4.32925536e-04
4.70000000e-01 6.30000000e-01 4.40777358e-04
4.80000000e-01 6.30000000e-01 4.46626467e-04
4.90000000e-01 6.30000000e-01 4.50389039e-04
5.00000000e-01 6.30000000e-01 4.52010107e-04
5.10000000e-01 6.30000000e-01 4.51464889e-04
5.20000000e-01 6.30000000e-01 4.48759420e-04
5.30000000e-01 6.30000000e-01 4.43930460e-04
5.40000000e-01 6.30000000e-01 4.37044682e-04
5.50000000e-01 6.30000000e-01 4.28197166e-04
5.60000000e-01 6.30000000e-01 4.17509236e-04
5.70000000e-01 6.30000000e-01 4.05125728e-04
5.80000000e-01 6.30000000e-01 3.91211747e-04
5.90000000e-01 6.30000000e-01 3.75949037e-04
6.00000000e-01 6.30000000e-01 3.59532061e-04
6.10000000e-01 6.30000000e-01 3.42163913e-04
6.20000000e-01 6.30000000e-01 3.24052180e-04
6.30000000e-01 6.30000000e-01 3.05404870e-04
6.40000000e-01 6.30000000e-01 2.86426522e-04
6.50000000e-01 6.30000000e-01 2.67314588e-04
6.60000000e-01 6.30000000e-01 2.48256175e-04
6.70000000e-01 6.30000000e-01 2.29425233e-04
6.80000000e-01 6.30000000e-01 2.10980210e-04
6.90000000e-01 6.30000000e-01 1.93062237e-04
7.00000000e-01 6.30000000e-01 1.75793841e-04
7.10000000e-01 6.30000000e-01 1.59278190e-04
7.20000000e-01 6.30000000e-01 1.43598839e-04
7.30000000e-01 6.30000000e-01 1.28819956e-04
7.40000000e-01 6.30000000e-01 1.14986972e-04
7.50000000e-01 6.30000000e-01 1.02127595e-04
7.60000000e-01 6.30000000e-01 9.02531362e-05
7.70000000e-01 6.30000000e-01 7.93600709e-05
7.80000000e-01 6.30000000e-01 6.94317673e-05
7.90000000e-01 6.30000000e-01 6.04403231e-05
8.00000000e-01 6.30000000e-01 5.23484423e-05
8.10000000e-01 6.30000000e-01 4.51112966e-05
8.20000000e-01 6.30000000e-01 3.86783243e-05
8.30000000e-01 6.30000000e-01 3.29949231e-05
8.40000000e-01 6.30000000e-01 2.80040063e-05
8.50000000e-01 6.30000000e-01 2.36473973e-05
8.60000000e-01 6.30000000e-01 1.98670479e-05
8.70000000e-01 6.30000000e-01 1.66060728e-05
8.80000000e-01 6.30000000e-01 1.38095988e-05
8.90000000e-01 6.30000000e-01 1.14254352e-05
9.00000000e-01 6.30000000e-01 9.40457500e-06
9.10000000e-01 6.30000000e-01 7.70154068e-06
9.20000000e-01 6.30000000e-01 6.27459174e-06
9.30000000e-01 6.30000000e-01 5.08581167e-06
9.40000000e-01 6.30000000e-01 4.10109322e-06
9.50000000e-01 6.30000000e-01 3.29004095e-06
9.60000000e-01 6.30000000e-01 2.62580866e-06
9.70000000e-01 6.30000000e-01 2.08488859e-06
9.80000000e-01 6.30000000e-01 1.64686722e-06
9.90000000e-01 6.30000000e-01 1.29416087e-06
1.00000000e+00 6.30000000e-01 1.01174227e-06
0.00000000e+00 6.40000000e-01 8.61929643e-07
1.00000000e-02 6.40000000e-01 1.10068489e-06
2.00000000e-02 6.40000000e-01 1.39839658e-06
3.00000000e-02 6.40000000e-01 1.76757378e-06
4.00000000e-02 6.40000000e-01 2.22284037e-06
5.00000000e-02 6.40000000e-01 2.78116151e-06
6.00000000e-02 6.40000000e-01 3.46206380e-06
7.00000000e-02 6.40000000e-01 4.28784030e-06
8.00000000e-02 6.40000000e-01 5.28373001e-06
9.00000000e-02 6.40000000e-01 6.47806021e-06
1.00000000e-01 6.40000000e-01 7.90233824e-06
1.10000000e-01 6.40000000e-01 9.59127870e-06
1.20000000e-01 6.40000000e-01 1.15827511e-05
1.30000000e-01 6.40000000e-01 1.39176325e-05
1.40000000e-01 6.40000000e-01 1.66395512e-05
1.50000000e-01 6.40000000e-01 1.97945066e-05
1.60000000e-01 6.40000000e-01 2.34303537e-05
1.70000000e-01 6.40000000e-01 2.75961442e-05
1.80000000e-01 6.40000000e-01 3.23413165e-05
1.90000000e-01 6.40000000e-01 3.77147348e-05
2.00000000e-01 6.40000000e-01 4.37635807e-05
2.10000000e-01 6.40000000e-01 5.05321078e-05
2.20000000e-01 6.40000000e-01 5.80602738e-05
2.30000000e-01 6.40000000e-01 6.63822766e-05
2.40000000e-01 6.40000000e-01 7.55250203e-05
2.50000000e-01 6.40000000e-01 8.55065520e-05
2.60000000e-01 6.40000000e-01 9.63345091e-05
2.70000000e-01 6.40000000e-01 1.08004626e-04
2.80000000e-01 6.40000000e-01 1.20499357e-04
2.90000000e-01 6.40000000e-01 1.33786656e-04
3.00000000e-01 6.40000000e-01 1.47818993e-04
3.10000000e-01 6.40000000e-01 1.62532634e-04
3.20000000e-01 6.40000000e-01 1.77847250e-04
3.30000000e-01 6.40000000e-01 1.93665902e-04
3.40000000e-01 6.40000000e-01 2.09875425e-04
3.50000000e-01 6.40000000e-01 2.26347247e-04
3.60000000e-01 6.40000000e-01 2.42938650e-04
3.70000000e-01 6.40000000e-01 2.59494476e-04
3.80000000e-01 6.40000000e-01 2.75849263e-04
3.90000000e-01 6.40000000e-01 2.91829772e-04
4.00000000e-01 6.40000000e-01 3.07257869e-04
4.10000000e-01 6.40000000e-01 3.21953691e-04
4.20000000e-01 6.40000000e-01 3.35739030e-04
4.30000000e-01 6.40000000e-01 3.48440849e-04
4.40000000e-01 6.40000000e-01 3.59894823e-04
4.50000000e-01 6.40000000e-01 3.69948824e-04
4.60000000e-01 6.40000000e-01 3.78466242e-04
4.70000000e-01 6.40000000e-01 3.85329033e-04
4.80000000e-01 6.40000000e-01 3.90440418e-04
4.90000000e-01 6.40000000e-01 3.93727127e-04
5.00000000e-01 6.40000000e-01 3.95141139e-04
5.10000000e-01 6.40000000e-01 3.94660840e-04
5.20000000e-01 6.40000000e-01 3.92291574e-04
5.30000000e-01 6.40000000e-01 3.88065560e-04
5.40000000e-01 6.40000000e-01 3.82041184e-04
5.50000000e-01 6.40000000e-01 3.74301669e-04
5.60000000e-01 6.40000000e-01 3.64953193e-04
5.70000000e-01 6.40000000e-01 3.54122487e-04
5.80000000e-01 6.40000000e-01 3.41954003e-04
5.90000000e-01 6.40000000e-01 3.28606731e-04
6.00000000e-01 6.40000000e-01 3.14250772e-04
6.10000000e-01 6.40000000e-01 2.99063760e-04
6.20000000e-01 6.40000000e-01 2.83227243e-04
6.30000000e-01 6.40000000e-01 2.66923122e-04
6.40000000e-01 6.40000000e-01 2.50330247e-04
6.50000000e-01 6.40000000e-01 2.33621252e-04
6.60000000e-01 6.40000000e-01 2.16959714e-04
6.70000000e-01 6.40000000e-01 2.00497688e-04
6.80000000e-01 6.40000000e-01 1.84373661e-04
6.90000000e-01 6.40000000e-01 1.68710971e-04
7.00000000e-01 6.40000000e-01 1.53616678e-04
7.10000000e-01 6.40000000e-01 1.39180909e-04
7.20000000e-01 6.40000000e-01 1.25476640e-04
7.30000000e-01 6.40000000e-01 1.12559895e-04
7.40000000e-01 6.40000000e-01 1.00470314e-04
7.50000000e-01 6.40000000e-01 8.92320472e-05
7.60000000e-01 6.40000000e-01 7.88549130e-05
7.70000000e-01 6.40000000e-01 6.93357631e-05
7.80000000e-01 6.40000000e-01 6.06599981e-05
7.90000000e-01 6.40000000e-01 5.28031729e-05
8.00000000e-01 6.40000000e-01 4.57326373e-05
8.10000000e-01 6.40000000e-01 3.94091650e-05
8.20000000e-01 6.40000000e-01 3.37885250e-05
8.30000000e-01 6.40000000e-01 2.88229616e-05
8.40000000e-01 6.40000000e-01 2.44625548e-05
8.50000000e-01 6.40000000e-01 2.06564380e-05
8.60000000e-01 6.40000000e-01 1.73538632e-05
8.70000000e-01 6.40000000e-01 1.45051033e-05
8.80000000e-01 6.40000000e-01 1.20621950e-05
8.90000000e-01 6.40000000e-01 9.97952297e-06
9.00000000e-01 6.40000000e-01 8.21425751e-06
9.10000000e-01 6.40000000e-01 6.72665633e-06
9.20000000e-01 6.40000000e-01 5.48024505e-06
9.30000000e-01 6.40000000e-01 4.44189266e-06
9.40000000e-01 6.40000000e-01 3.58179826e-06
9.50000000e-01 6.40000000e-01 2.87340539e-06
9.60000000e-01 6.40000000e-01 2.29325962e-06
9.70000000e-01 6.40000000e-01 1.82082410e-06
9.80000000e-01 6.40000000e-01 1.43826584e-06
9.90000000e-01 6.40000000e-01 1.13022455e-06
1.00000000e+00 6.40000000e-01 8.83573582e-07
0.00000000e+00 6.50000000e-01 7.45036980e-07
1.00000000e-02 6.50000000e-01 9.51458894e-07
2.00000000e-02 6.50000000e-01 1.20886899e-06
3.00000000e-02 6.50000000e-01 1.52809059e-06
4.00000000e-02 6.50000000e-01 1.92177817e-06
5.00000000e-02 6.50000000e-01 2.40461382e-06
6.00000000e-02 6.50000000e-01 2.99349831e-06
7.00000000e-02 6.50000000e-01 3.70772911e-06
8.00000000e-02 6.50000000e-01 4.56915644e-06
9.00000000e-02 6.50000000e-01 5.60230720e-06
1.00000000e-01 6.50000000e-01 6.83446527e-06
1.10000000e-01 6.50000000e-01 8.29569587e-06
1.20000000e-01 6.50000000e-01 1.00188011e-05
1.30000000e-01 6.50000000e-01 1.20391933e-05
1.40000000e-01 6.50000000e-01 1.43946738e-05
1.50000000e-01 6.50000000e-01 1.71251043e-05
1.60000000e-01 6.50000000e-01 2.02719619e-05
1.70000000e-01 6.50000000e-01 2.38777679e-05
1.80000000e-01 6.50000000e-01 2.79853869e-05
1.90000000e-01 6.50000000e-01 3.26371944e-05
2.00000000e-01 6.50000000e-01 3.78741166e-05
2.10000000e-01 6.50000000e-01 4.37345503e-05
2.20000000e-01 6.50000000e-01 5.02531773e-05
2.30000000e-01 6.50000000e-01 5.74596939e-05
2.40000000e-01 6.50000000e-01 6.53774811e-05
2.50000000e-01 6.50000000e-01 7.40222467e-05
2.60000000e-01 6.50000000e-01 8.34006778e-05
2.70000000e-01 6.50000000e-01 9.35091446e-05
2.80000000e-01 6.50000000e-01 1.04332502e-04
2.90000000e-01 6.50000000e-01 1.15843032e-04
3.00000000e-01 6.50000000e-01 1.27999587e-04
3.10000000e-01 6.50000000e-01 1.40746960e-04
3.20000000e-01 6.50000000e-01 1.54015550e-04
3.30000000e-01 6.50000000e-01 1.67721341e-04
3.40000000e-01 6.50000000e-01 1.81766237e-04
3.50000000e-01 6.50000000e-01 1.96038770e-04
3.60000000e-01 6.50000000e-01 2.10415193e-04
3.70000000e-01 6.50000000e-01 2.24760962e-04
3.80000000e-01 6.50000000e-01 2.38932589e-04
3.90000000e-01 6.50000000e-01 2.52779835e-04
4.00000000e-01 6.50000000e-01 2.66148210e-04
4.10000000e-01 6.50000000e-01 2.78881726e-04
4.20000000e-01 6.50000000e-01 2.90825835e-04
4.30000000e-01 6.50000000e-01 3.01830475e-04
4.40000000e-01 6.50000000e-01 3.11753152e-04
4.50000000e-01 6.50000000e-01 3.20461964e-04
4.60000000e-01 6.50000000e-01 3.27838480e-04
4.70000000e-01 6.50000000e-01 3.33780389e-04
4.80000000e-01 6.50000000e-01 3.38203841e-04
4.90000000e-01 6.50000000e-01 3.41045390e-04
5.00000000e-01 6.50000000e-01 3.42263506e-04
5.10000000e-01 6.50000000e-01 3.41839575e-04
5.20000000e-01 6.50000000e-01 3.39778372e-04
5.30000000e-01 6.50000000e-01 3.36107988e-04
5.40000000e-01 6.50000000e-01 3.30879206e-04
5.50000000e-01 6.50000000e-01 3.24164349e-04
5.60000000e-01 6.50000000e-01 3.16055633e-04
5.70000000e-01 6.50000000e-01 3.06663087e-04
5.80000000e-01 6.50000000e-01 2.96112084e-04
5.90000000e-01 6.50000000e-01 2.84540581e-04
6.00000000e-01 6.50000000e-01 2.72096140e-04
6.10000000e-01 6.50000000e-01 2.58932824e-04
6.20000000e-01 6.50000000e-01 2.45208054e-04
6.30000000e-01 6.50000000e-01 2.31079522e-04
6.40000000e-01 6.50000000e-01 2.16702239e-04
6.50000000e-01 6.50000000e-01 2.02225796e-04
6.60000000e-01 6.50000000e-01 1.87791898e-04
6.70000000e-01 6.50000000e-01 1.73532231e-04
6.80000000e-01 6.50000000e-01 1.59566699e-04
6.90000000e-01 6.50000000e-01 1.46002048e-04
7.00000000e-01 6.50000000e-01 1.32930905e-04
7.10000000e-01 6.50000000e-01 1.20431204e-04
7.20000000e-01 6.50000000e-01 1.08566013e-04
7.30000000e-01 6.50000000e-01 9.73837044e-05
7.40000000e-01 6.50000000e-01 8.69184557e-05
7.50000000e-01 6.50000000e-01 7.71910290e-05
7.60000000e-01 6.50000000e-01 6.82097771e-05
7.70000000e-01 6.50000000e-01 5.99718313e-05
7.80000000e-01 6.50000000e-01 5.24644163e-05
7.90000000e-01 6.50000000e-01 4.56662427e-05
8.00000000e-01 6.50000000e-01 3.95489307e-05
8.10000000e-01 6.50000000e-01 3.40784205e-05
8.20000000e-01 6.50000000e-01 2.92163343e-05
8.30000000e-01 6.50000000e-01 2.49212580e-05
8.40000000e-01 6.50000000e-01 2.11499179e-05
8.50000000e-01 6.50000000e-01 1.78582346e-05
8.60000000e-01 6.50000000e-01 1.50022437e-05
8.70000000e-01 6.50000000e-01 1.25388765e-05
8.80000000e-01 6.50000000e-01 1.04266002e-05
8.90000000e-01 6.50000000e-01 8.62592354e-06
9.00000000e-01 6.50000000e-01 7.09977343e-06
9.10000000e-01 6.50000000e-01 5.81375479e-06
9.20000000e-01 6.50000000e-01 4.73630559e-06
9.30000000e-01 6.50000000e-01 3.83876092e-06
9.40000000e-01 6.50000000e-01 3.09534046e-06
9.50000000e-01 6.50000000e-01 2.48307339e-06
9.60000000e-01 6.50000000e-01 1.98167444e-06
9.70000000e-01 6.50000000e-01 1.57338354e-06
9.80000000e-01 6.50000000e-01 1.24278046e-06
9.90000000e-01 6.50000000e-01 9.76584351e-07
1.00000000e+00 6.50000000e-01 7.63446595e-07
0.00000000e+00 6.60000000e-01 6.37311155e-07
1.00000000e-02 6.60000000e-01 8.13948917e-07
2.00000000e-02 6.60000000e-01 1.03423952e-06
3.00000000e-02 6.60000000e-01 1.30745587e-06
4.00000000e-02 6.60000000e-01 1.64444158e-06
5.00000000e-02 6.60000000e-01 2.05777995e-06
6.00000000e-02 6.60000000e-01 2.56195838e-06
7.00000000e-02 6.60000000e-01 3.17352186e-06
8.00000000e-02 6.60000000e-01 3.91120761e-06
9.00000000e-02 6.60000000e-01 4.79605239e-06
1.00000000e-01 6.60000000e-01 5.85146237e-06
1.10000000e-01 6.60000000e-01 7.10323527e-06
1.20000000e-01 6.60000000e-01 8.57952331e-06
1.30000000e-01 6.60000000e-01 1.03107259e-05
1.40000000e-01 6.60000000e-01 1.23293007e-05
1.50000000e-01 6.60000000e-01 1.46694833e-05
1.60000000e-01 6.60000000e-01 1.73669053e-05
1.70000000e-01 6.60000000e-01 2.04581059e-05
1.80000000e-01 6.60000000e-01 2.39799301e-05
1.90000000e-01 6.60000000e-01 2.79688144e-05
2.00000000e-01 6.60000000e-01 3.24599622e-05
2.10000000e-01 6.60000000e-01 3.74864154e-05
2.20000000e-01 6.60000000e-01 4.30780357e-05
2.30000000e-01 6.60000000e-01 4.92604116e-05
2.40000000e-01 6.60000000e-01 5.60537136e-05
2.50000000e-01 6.60000000e-01 6.34715257e-05
2.60000000e-01 6.60000000e-01 7.15196847e-05
2.70000000e-01 6.60000000e-01 8.01951630e-05
2.80000000e-01 6.60000000e-01 8.94850348e-05
2.90000000e-01 6.60000000e-01 9.93655659e-05
3.00000000e-01 6.60000000e-01 1.09801469e-04
3.10000000e-01 6.60000000e-01 1.20745366e-04
3.20000000e-01 6.60000000e-01 1.32137490e-04
3.30000000e-01 6.60000000e-01 1.43905670e-04
3.40000000e-01 6.60000000e-01 1.55965614e-04
3.50000000e-01 6.60000000e-01 1.68221519e-04
3.60000000e-01 6.60000000e-01 1.80567009e-04
3.70000000e-01 6.60000000e-01 1.92886413e-04
3.80000000e-01 6.60000000e-01 2.05056353e-04
3.90000000e-01 6.60000000e-01 2.16947640e-04
4.00000000e-01 6.60000000e-01 2.28427427e-04
4.10000000e-01 6.60000000e-01 2.39361574e-04
4.20000000e-01 6.60000000e-01 2.49617185e-04
4.30000000e-01 6.60000000e-01 2.59065229e-04
4.40000000e-01 6.60000000e-01 2.67583198e-04
4.50000000e-01 6.60000000e-01 2.75057708e-04
4.60000000e-01 6.60000000e-01 2.81386980e-04
4.70000000e-01 6.60000000e-01 2.86483123e-04
4.80000000e-01 6.60000000e-01 2.90274139e-04
4.90000000e-01 6.60000000e-01 2.92705608e-04
5.00000000e-01 6.60000000e-01 2.93741973e-04
5.10000000e-01 6.60000000e-01 2.93367404e-04
5.20000000e-01 6.60000000e-01 2.91586201e-04
5.30000000e-01 6.60000000e-01 2.88422718e-04
5.40000000e-01 6.60000000e-01 2.83920828e-04
5.50000000e-01 6.60000000e-01 2.78142917e-04
5.60000000e-01 6.60000000e-01 2.71168470e-04
5.70000000e-01 6.60000000e-01 2.63092260e-04
5.80000000e-01 6.60000000e-01 2.54022233e-04
5.90000000e-01 6.60000000e-01 2.44077116e-04
6.00000000e-01 6.60000000e-01 2.33383857e-04
6.10000000e-01 6.60000000e-01 2.22074946e-04
6.20000000e-01 6.60000000e-01 2.10285717e-04
6.30000000e-01 6.60000000e-01 1.98151689e-04
6.40000000e-01 6.60000000e-01 1.85806026e-04
6.50000000e-01 6.60000000e-01 1.73377188e-04
6.60000000e-01 6.60000000e-01 1.60986817e-04
6.70000000e-01 6.60000000e-01 1.48747903e-04
6.80000000e-01 6.60000000e-01 1.36763280e-04
6.90000000e-01 6.60000000e-01 1.25124448e-04
7.00000000e-01 6.60000000e-01 1.13910752e-04
7.10000000e-01 6.60000000e-01 1.03188905e-04
7.20000000e-01 6.60000000e-01 9.30128339e-05
7.30000000e-01 6.60000000e-01 8.34238462e-05
7.40000000e-01 6.60000000e-01 7.44510604e-05
7.50000000e-01 6.60000000e-01 6.61120822e-05
7.60000000e-01 6.60000000e-01 5.84138749e-05
7.70000000e-01 6.60000000e-01 5.13537838e-05
7.80000000e-01 6.60000000e-01 4.49206683e-05
7.90000000e-01 6.60000000e-01 3.90961009e-05
8.00000000e-01 6.60000000e-01 3.38555901e-05
8.10000000e-01 6.60000000e-01 2.91697928e-05
8.20000000e-01 6.60000000e-01 2.50056826e-05
8.30000000e-01 6.60000000e-01 2.13276496e-05
8.40000000e-01 6.60000000e-01 1.80985088e-05
8.50000000e-01 6.60000000e-01 1.52804030e-05
8.60000000e-01 6.60000000e-01 1.28355907e-05
8.70000000e-01 6.60000000e-01 1.07271135e-05
8.80000000e-01 6.60000000e-01 8.91934361e-06
8.90000000e-01 6.60000000e-01 7.37841505e-06
9.00000000e-01 6.60000000e-01 6.07254452e-06
9.10000000e-01 6.60000000e-01 4.97225235e-06
9.20000000e-01 6.60000000e-01 4.05049354e-06
9.30000000e-01 6.60000000e-01 3.28271109e-06
9.40000000e-01 6.60000000e-01 2.64682378e-06
9.50000000e-01 6.60000000e-01 2.12316056e-06
9.60000000e-01 6.60000000e-01 1.69435334e-06
9.70000000e-01 6.60000000e-01 1.34519863e-06
9.80000000e-01 6.60000000e-01 1.06249805e-06
9.90000000e-01 6.60000000e-01 8.34886041e-07
1.00000000e+00 6.60000000e-01 6.52651946e-07
0.00000000e+00 6.70000000e-01 5.39507309e-07
1.00000000e-02 6.70000000e-01 6.89110007e-07
2.00000000e-02 6.70000000e-01 8.75709273e-07
3.00000000e-02 6.70000000e-01 1.10717178e-06
4.00000000e-02 6.70000000e-01 1.39269881e-06
5.00000000e-02 6.70000000e-01 1.74297042e-06
6.00000000e-02 6.70000000e-01 2.17028577e-06
7.00000000e-02 6.70000000e-01 2.68869440e-06
8.00000000e-02 6.70000000e-01 3.31411159e-06
9.00000000e-02 6.70000000e-01 4.06441063e-06
1.00000000e-01 6.70000000e-01 4.95948346e-06
1.10000000e-01 6.70000000e-01 6.02126076e-06
1.20000000e-01 6.70000000e-01 7.27368185e-06
1.30000000e-01 6.70000000e-01 8.74260487e-06
1.40000000e-01 6.70000000e-01 1.04556476e-05
1.50000000e-01 6.70000000e-01 1.24419501e-05
1.60000000e-01 6.70000000e-01 1.47318516e-05
1.70000000e-01 6.70000000e-01 1.73564753e-05
1.80000000e-01 6.70000000e-01 2.03472178e-05
1.90000000e-01 6.70000000e-01 2.37351410e-05
2.00000000e-01 6.70000000e-01 2.75502708e-05
2.10000000e-01 6.70000000e-01 3.18208061e-05
2.20000000e-01 6.70000000e-01 3.65722504e-05
2.30000000e-01 6.70000000e-01 4.18264800e-05
2.40000000e-01 6.70000000e-01 4.76007667e-05
2.50000000e-01 6.70000000e-01 5.39067800e-05
2.60000000e-01 6.70000000e-01 6.07495955e-05
2.70000000e-01 6.70000000e-01 6.81267396e-05
2.80000000e-01 6.70000000e-01 7.60273047e-05
2.90000000e-01 6.70000000e-01 8.44311698e-05
3.00000000e-01 6.70000000e-01 9.33083622e-05
3.10000000e-01 6.70000000e-01 1.02618594e-04
3.20000000e-01 6.70000000e-01 1.12311008e-04
3.30000000e-01 6.70000000e-01 1.22324157e-04
3.40000000e-01 6.70000000e-01 1.32586248e-04
3.50000000e-01 6.70000000e-01 1.43015657e-04
3.60000000e-01 6.70000000e-01 1.53521731e-04
3.70000000e-01 6.70000000e-01 1.64005877e-04
3.80000000e-01 6.70000000e-01 1.74362918e-04
3.90000000e-01 6.70000000e-01 1.84482715e-04
4.00000000e-01 6.70000000e-01 1.94252001e-04
4.10000000e-01 6.70000000e-01 2.03556408e-04
4.20000000e-01 6.70000000e-01 2.12282633e-04
4.30000000e-01 6.70000000e-01 2.20320678e-04
4.40000000e-01 6.70000000e-01 2.27566121e-04
4.50000000e-01 6.70000000e-01 2.33922339e-04
4.60000000e-01 6.70000000e-01 2.39302629e-04
4.70000000e-01 6.70000000e-01 2.43632151e-04
4.80000000e-01 6.70000000e-01 2.46849650e-04
4.90000000e-01 6.70000000e-01 2.48908882e-04
5.00000000e-01 6.70000000e-01 2.49779711e-04
5.10000000e-01 6.70000000e-01 2.49448845e-04
5.20000000e-01 6.70000000e-01 2.47920169e-04
5.30000000e-01 6.70000000e-01 2.45214677e-04
5.40000000e-01 6.70000000e-01 2.41370008e-04
5.50000000e-01 6.70000000e-01 2.36439578e-04
5.60000000e-01 6.70000000e-01 2.30491363e-04
5.70000000e-01 6.70000000e-01 2.23606354e-04
5.80000000e-01 6.70000000e-01 2.15876735e-04
5.90000000e-01 6.70000000e-01 2.07403844e-04
6.00000000e-01 6.70000000e-01 1.98295977e-04
6.10000000e-01 6.70000000e-01 1.88666110e-04
6.20000000e-01 6.70000000e-01 1.78629584e-04
6.30000000e-01 6.70000000e-01 1.68301843e-04
6.40000000e-01 6.70000000e-01 1.57796272e-04
6.50000000e-01 6.70000000e-01 1.47222194e-04
6.60000000e-01 6.70000000e-01 1.36683073e-04
6.70000000e-01 6.70000000e-01 1.26274960e-04
6.80000000e-01 6.70000000e-01 1.16085214e-04
6.90000000e-01 6.70000000e-01 1.06191510e-04
7.00000000e-01 6.70000000e-01 9.66611477e-05
7.10000000e-01 6.70000000e-01 8.75506518e-05
7.20000000e-01 6.70000000e-01 7.89056543e-05
7.30000000e-01 6.70000000e-01 7.07610390e-05
7.40000000e-01 6.70000000e-01 6.31413202e-05
7.50000000e-01 6.70000000e-01 5.60612238e-05
7.60000000e-01 6.70000000e-01 4.95264346e-05
7.70000000e-01 6.70000000e-01 4.35344733e-05
7.80000000e-01 6.70000000e-01 3.80756640e-05
7.90000000e-01 6.70000000e-01 3.31341569e-05
8.00000000e-01 6.70000000e-01 2.86889709e-05
8.10000000e-01 6.70000000e-01 2.47150255e-05
8.20000000e-01 6.70000000e-01 2.11841345e-05
8.30000000e-01 6.70000000e-01 1.80659405e-05
8.40000000e-01 6.70000000e-01 1.53287707e-05
8.50000000e-01 6.70000000e-01 1.29404027e-05
8.60000000e-01 6.70000000e-01 1.08687322e-05
8.70000000e-01 6.70000000e-01 9.08233767e-06
8.80000000e-01 6.70000000e-01 7.55094301e-06
8.90000000e-01 6.70000000e-01 6.24578137e-06
9.00000000e-01 6.70000000e-01 5.13986553e-06
9.10000000e-01 6.70000000e-01 4.20817309e-06
9.20000000e-01 6.70000000e-01 3.42775570e-06
9.30000000e-01 6.70000000e-01 2.77778246e-06
9.40000000e-01 6.70000000e-01 2.23952789e-06
9.50000000e-01 6.70000000e-01 1.79631480e-06
9.60000000e-01 6.70000000e-01 1.43342208e-06
9.70000000e-01 6.70000000e-01 1.13796629e-06
9.80000000e-01 6.70000000e-01 8.98765557e-07
9.90000000e-01 6.70000000e-01 7.06192716e-07
1.00000000e+00 6.70000000e-01 5.52023940e-07
0.00000000e+00 6.80000000e-01 4.51982218e-07
1.00000000e-02 6.80000000e-01 5.77390970e-07
2.00000000e-02 6.80000000e-01 7.33839477e-07
3.00000000e-02 6.80000000e-01 9.27935921e-07
4.00000000e-02 6.80000000e-01 1.16741183e-06
5.00000000e-02 6.80000000e-01 1.46124396e-06
6.00000000e-02 6.80000000e-01 1.81977316e-06
7.00000000e-02 6.80000000e-01 2.25481567e-06
8.00000000e-02 6.80000000e-01 2.77976130e-06
9.00000000e-02 6.80000000e-01 3.40965221e-06
1.00000000e-01 6.80000000e-01 4.16123527e-06
1.10000000e-01 6.80000000e-01 5.05298035e-06
1.20000000e-01 6.80000000e-01 6.10505640e-06
1.30000000e-01 6.80000000e-01 7.33925732e-06
1.40000000e-01 6.80000000e-01 8.77886928e-06
1.50000000e-01 6.80000000e-01 1.04484722e-05
1.60000000e-01 6.80000000e-01 1.23736685e-05
1.70000000e-01 6.80000000e-01 1.45807345e-05
1.80000000e-01 6.80000000e-01 1.70961903e-05
1.90000000e-01 6.80000000e-01 1.99462878e-05
2.00000000e-01 6.80000000e-01 2.31564190e-05
2.10000000e-01 6.80000000e-01 2.67504483e-05
2.20000000e-01 6.80000000e-01 3.07499786e-05
2.30000000e-01 6.80000000e-01 3.51735636e-05
2.40000000e-01 6.80000000e-01 4.00358806e-05
2.50000000e-01 6.80000000e-01 4.53468858e-05
2.60000000e-01 6.80000000e-01 5.11109730e-05
2.70000000e-01 6.80000000e-01 5.73261641e-05
2.80000000e-01 6.80000000e-01 6.39833578e-05
2.90000000e-01 6.80000000e-01 7.10656666e-05
3.00000000e-01 6.80000000e-01 7.85478736e-05
3.10000000e-01 6.80000000e-01 8.63960376e-05
3.20000000e-01 6.80000000e-01 9.45672733e-05
3.30000000e-01 6.80000000e-01 1.03009733e-04
3.40000000e-01 6.80000000e-01 1.11662809e-04
3.50000000e-01 6.80000000e-01 1.20457567e-04
3.60000000e-01 6.80000000e-01 1.29317426e-04
3.70000000e-01 6.80000000e-01 1.38159078e-04
3.80000000e-01 6.80000000e-01 1.46893636e-04
3.90000000e-01 6.80000000e-01 1.55428008e-04
4.00000000e-01 6.80000000e-01 1.63666453e-04
4.10000000e-01 6.80000000e-01 1.71512301e-04
4.20000000e-01 6.80000000e-01 1.78869781e-04
4.30000000e-01 6.80000000e-01 1.85645929e-04
4.40000000e-01 6.80000000e-01 1.91752512e-04
4.50000000e-01 6.80000000e-01 1.97107906e-04
4.60000000e-01 6.80000000e-01 2.01638900e-04
4.70000000e-01 6.80000000e-01 2.05282340e-04
4.80000000e-01 6.80000000e-01 2.07986579e-04
4.90000000e-01 6.80000000e-01 2.09712692e-04
5.00000000e-01 6.80000000e-01 2.10435396e-04
5.10000000e-01 6.80000000e-01 2.10143667e-04
5.20000000e-01 6.80000000e-01 2.08841021e-04
5.30000000e-01 6.80000000e-01 2.06545445e-04
5.40000000e-01 6.80000000e-01 2.03288995e-04
5.50000000e-01 6.80000000e-01 1.99117059e-04
5.60000000e-01 6.80000000e-01 1.94087316e-04
5.70000000e-01 6.80000000e-01 1.88268416e-04
5.80000000e-01 6.80000000e-01 1.81738440e-04
5.90000000e-01 6.80000000e-01 1.74583160e-04
6.00000000e-01 6.80000000e-01 1.66894184e-04
6.10000000e-01 6.80000000e-01 1.58767016e-04
6.20000000e-01 6.80000000e-01 1.50299107e-04
6.30000000e-01 6.80000000e-01 1.41587935e-04
6.40000000e-01 6.80000000e-01 1.32729183e-04
6.50000000e-01 6.80000000e-01 1.23815047e-04
6.60000000e-01 6.80000000e-01 1.14932721e-04
6.70000000e-01 6.80000000e-01 1.06163097e-04
6.80000000e-01 6.80000000e-01 9.75796845e-05
6.90000000e-01 6.80000000e-01 8.92477873e-05
7.00000000e-01 6.80000000e-01 8.12239247e-05
7.10000000e-01 6.80000000e-01 7.35555048e-05
7.20000000e-01 6.80000000e-01 6.62807344e-05
7.30000000e-01 6.80000000e-01 5.94287501e-05
7.40000000e-01 6.80000000e-01 5.30199461e-05
7.50000000e-01 6.80000000e-01 4.70664714e-05
7.60000000e-01 6.80000000e-01 4.15728671e-05
7.70000000e-01 6.80000000e-01 3.65368114e-05
7.80000000e-01 6.80000000e-01 3.19499395e-05
7.90000000e-01 6.80000000e-01 2.77987091e-05
8.00000000e-01 6.80000000e-01 2.40652811e-05
8.10000000e-01 6.80000000e-01 2.07283900e-05
8.20000000e-01 6.80000000e-01 1.77641817e-05
8.30000000e-01 6.80000000e-01 1.51469995e-05
8.40000000e-01 6.80000000e-01 1.28501040e-05
8.50000000e-01 6.80000000e-01 1.08463159e-05
8.60000000e-01 6.80000000e-01 9.10857592e-06
8.70000000e-01 6.80000000e-01 7.61041763e-06
8.80000000e-01 6.80000000e-01 6.32635449e-06
8.90000000e-01 6.80000000e-01 5.23218317e-06
9.00000000e-01 6.80000000e-01 4.30520859e-06
9.10000000e-01 6.80000000e-01 3.52439731e-06
9.20000000e-01 6.80000000e-01 2.87046721e-06
9.30000000e-01 6.80000000e-01 2.32592198e-06
9.40000000e-01 6.80000000e-01 1.87503928e-06
9.50000000e-01 6.80000000e-01 1.50382119e-06
9.60000000e-01 6.80000000e-01 1.19991542e-06
9.70000000e-01 6.80000000e-01 9.52514796e-07
9.80000000e-01 6.80000000e-01 7.52242025e-07
9.90000000e-01 6.80000000e-01 5.91025663e-07
1.00000000e+00 6.80000000e-01 4.61972462e-07
0.00000000e+00 6.90000000e-01 3.74741038e-07
1.00000000e-02 6.90000000e-01 4.78793988e-07
2.00000000e-02 6.90000000e-01 6.08627083e-07
3.00000000e-02 6.90000000e-01 7.69736825e-07
4.00000000e-02 6.90000000e-01 9.68556300e-07
5.00000000e-02 6.90000000e-01 1.21255734e-06
6.00000000e-02 6.90000000e-01 1.51035037e-06
7.00000000e-02 6.90000000e-01 1.87177798e-06
8.00000000e-02 6.90000000e-01 2.30799786e-06
9.00000000e-02 6.90000000e-01 2.83154962e-06
1.00000000e-01 6.90000000e-01 3.45639966e-06
1.10000000e-01 6.90000000e-01 4.19795787e-06
1.20000000e-01 6.90000000e-01 5.07305909e-06
1.30000000e-01 6.90000000e-01 6.09990266e-06
1.40000000e-01 6.90000000e-01 7.29794321e-06
1.50000000e-01 6.90000000e-01 8.68772625e-06
1.60000000e-01 6.90000000e-01 1.02906630e-05
1.70000000e-01 6.90000000e-01 1.21287402e-05
1.80000000e-01 6.90000000e-01 1.42241614e-05
1.90000000e-01 6.90000000e-01 1.65989202e-05
2.00000000e-01 6.90000000e-01 1.92743047e-05
2.10000000e-01 6.90000000e-01 2.22703397e-05
2.20000000e-01 6.90000000e-01 2.56051719e-05
2.30000000e-01 6.90000000e-01 2.92944091e-05
2.40000000e-01 6.90000000e-01 3.33504266e-05
2.50000000e-01 6.90000000e-01 3.77816575e-05
2.60000000e-01 6.90000000e-01 4.25918859e-05
2.70000000e-01 6.90000000e-01 4.77795654e-05
2.80000000e-01 6.90000000e-01 5.33371861e-05
2.90000000e-01 6.90000000e-01 5.92507161e-05
3.00000000e-01 6.90000000e-01 6.54991422e-05
3.10000000e-01 6.90000000e-01 7.20541349e-05
3.20000000e-01 6.90000000e-01 7.88798616e-05
3.30000000e-01 6.90000000e-01 8.59329678e-05
3.40000000e-01 6.90000000e-01 9.31627438e-05
3.50000000e-01 6.90000000e-01 1.00511488e-04
3.60000000e-01 6.90000000e-01 1.07915077e-04
3.70000000e-01 6.90000000e-01 1.15303731e-04
3.80000000e-01 6.90000000e-01 1.22602988e-04
3.90000000e-01 6.90000000e-01 1.29734849e-04
4.00000000e-01 6.90000000e-01 1.36619091e-04
4.10000000e-01 6.90000000e-01 1.43174709e-04
4.20000000e-01 6.90000000e-01 1.49321460e-04
4.30000000e-01 6.90000000e-01 1.54981462e-04
4.40000000e-01 6.90000000e-01 1.60080808e-04
4.50000000e-01 6.90000000e-01 1.64551157e-04
4.60000000e-01 6.90000000e-01 1.68331237e-04
4.70000000e-01 6.90000000e-01 1.71368230e-04
4.80000000e-01 6.90000000e-01 1.73618994e-04
4.90000000e-01 6.90000000e-01 1.75051072e-04
5.00000000e-01 6.90000000e-01 1.75643464e-04
5.10000000e-01 6.90000000e-01 1.75387145e-04
5.20000000e-01 6.90000000e-01 1.74285285e-04
5.30000000e-01 6.90000000e-01 1.72353195e-04
5.40000000e-01 6.90000000e-01 1.69617974e-04
5.50000000e-01 6.90000000e-01 1.66117886e-04
5.60000000e-01 6.90000000e-01 1.61901479e-04
5.70000000e-01 6.90000000e-01 1.57026466e-04
5.80000000e-01 6.90000000e-01 1.51558429e-04
5.90000000e-01 6.90000000e-01 1.45569353e-04
6.00000000e-01 6.90000000e-01 1.39136062e-04
6.10000000e-01 6.90000000e-01 1.32338594e-04
6.20000000e-01 6.90000000e-01 1.25258561e-04
6.30000000e-01 6.90000000e-01 1.17977540e-04
6.40000000e-01 6.90000000e-01 1.10575551e-04
6.50000000e-01 6.90000000e-01 1.03129637e-04
6.60000000e-01 6.90000000e-01 9.57126078e-05
6.70000000e-01 6.90000000e-01 8.83919478e-05
6.80000000e-01 6.90000000e-01 8.12289276e-05
6.90000000e-01 6.90000000e-01 7.42779178e-05
7.00000000e-01 6.90000000e-01 6.75859160e-05
7.10000000e-01 6.90000000e-01 6.11922818e-05
7.20000000e-01 6.90000000e-01 5.51286710e-05
7.30000000e-01 6.90000000e-01 4.94191534e-05
7.40000000e-01 6.90000000e-01 4.40804954e-05
7.50000000e-01 6.90000000e-01 3.91225833e-05
7.60000000e-01 6.90000000e-01 3.45489623e-05
7.70000000e-01 6.90000000e-01 3.03574641e-05
7.80000000e-01 6.90000000e-01 2.65408965e-05
7.90000000e-01 6.90000000e-01 2.30877693e-05
8.00000000e-01 6.90000000e-01 1.99830317e-05
8.10000000e-01 6.90000000e-01 1.72088003e-05
8.20000000e-01 6.90000000e-01 1.47450584e-05
8.30000000e-01 6.90000000e-01 1.25703113e-05
8.40000000e-01 6.90000000e-01 1.06621855e-05
8.50000000e-01 6.90000000e-01 8.99796318e-06
8.60000000e-01 6.90000000e-01 7.55504711e-06
8.70000000e-01 6.90000000e-01 6.31135236e-06
8.80000000e-01 6.90000000e-01 5.24562644e-06
8.90000000e-01 6.90000000e-01 4.33769951e-06
9.00000000e-01 6.90000000e-01 3.56866947e-06
9.10000000e-01 6.90000000e-01 2.92102738e-06
9.20000000e-01 6.90000000e-01 2.37872996e-06
9.30000000e-01 6.90000000e-01 1.92722639e-06
9.40000000e-01 6.90000000e-01 1.55344666e-06
9.50000000e-01 6.90000000e-01 1.24575889e-06
9.60000000e-01 6.90000000e-01 9.93902461e-07
9.70000000e-01 6.90000000e-01 7.88903331e-07
9.80000000e-01 6.90000000e-01 6.22977315e-07
9.90000000e-01 6.90000000e-01 4.89426266e-07
1.00000000e+00 6.90000000e-01 3.82531389e-07
0.00000000e+00 7.00000000e-01 3.07493759e-07
1.00000000e-02 7.00000000e-01 3.92946459e-07
2.00000000e-02 7.00000000e-01 4.99595722e-07
3.00000000e-02 7.00000000e-01 6.31968441e-07
4.00000000e-02 7.00000000e-01 7.95364978e-07
5.00000000e-02 7.00000000e-01 9.95944054e-07
6.00000000e-02 7.00000000e-01 1.24080585e-06
7.00000000e-02 7.00000000e-01 1.53807014e-06
8.00000000e-02 7.00000000e-01 1.89694569e-06
9.00000000e-02 7.00000000e-01 2.32778649e-06
1.00000000e-01 7.00000000e-01 2.84213015e-06
1.10000000e-01 7.00000000e-01 3.45271281e-06
1.20000000e-01 7.00000000e-01 4.17345532e-06
1.30000000e-01 7.00000000e-01 5.01941458e-06
1.40000000e-01 7.00000000e-01 6.00669463e-06
1.50000000e-01 7.00000000e-01 7.15231196e-06
1.60000000e-01 7.00000000e-01 8.47401044e-06
1.70000000e-01 7.00000000e-01 9.99002207e-06
1.80000000e-01 7.00000000e-01 1.17187711e-05
1.90000000e-01 7.00000000e-01 1.36785205e-05
2.00000000e-01 7.00000000e-01 1.58869623e-05
2.10000000e-01 7.00000000e-01 1.83607546e-05
2.20000000e-01 7.00000000e-01 2.11150113e-05
2.30000000e-01 7.00000000e-01 2.41627531e-05
2.40000000e-01 7.00000000e-01 2.75143306e-05
2.50000000e-01 7.00000000e-01 3.11768330e-05
2.60000000e-01 7.00000000e-01 3.51534995e-05
2.70000000e-01 7.00000000e-01 3.94431499e-05
2.80000000e-01 7.00000000e-01 4.40396565e-05
2.90000000e-01 7.00000000e-01 4.89314766e-05
3.00000000e-01 7.00000000e-01 5.41012671e-05
3.10000000e-01 7.00000000e-01 5.95256032e-05
3.20000000e-01 7.00000000e-01 6.51748199e-05
3.30000000e-01 7.00000000e-01 7.10129937e-05
3.40000000e-01 7.00000000e-01 7.69980788e-05
3.50000000e-01 7.00000000e-01 8.30822078e-05
3.60000000e-01 7.00000000e-01 8.92121633e-05
3.70000000e-01 7.00000000e-01 9.53300186e-05
3.80000000e-01 7.00000000e-01 1.01373944e-04
3.90000000e-01 7.00000000e-01 1.07279162e-04
4.00000000e-01 7.00000000e-01 1.12979045e-04
4.10000000e-01 7.00000000e-01 1.18406314e-04
4.20000000e-01 7.00000000e-01 1.23494326e-04
4.30000000e-01 7.00000000e-01 1.28178408e-04
4.40000000e-01 7.00000000e-01 1.32397206e-04
4.50000000e-01 7.00000000e-01 1.36094006e-04
4.60000000e-01 7.00000000e-01 1.39217988e-04
4.70000000e-01 7.00000000e-01 1.41725382e-04
4.80000000e-01 7.00000000e-01 1.43580478e-04
4.90000000e-01 7.00000000e-01 1.44756469e-04
5.00000000e-01 7.00000000e-01 1.45236091e-04
5.10000000e-01 7.00000000e-01 1.45012043e-04
5.20000000e-01 7.00000000e-01 1.44087174e-04
5.30000000e-01 7.00000000e-01 1.42474420e-04
5.40000000e-01 7.00000000e-01 1.40196517e-04
5.50000000e-01 7.00000000e-01 1.37285461e-04
5.60000000e-01 7.00000000e-01 1.33781777e-04
5.70000000e-01 7.00000000e-01 1.29733579e-04
5.80000000e-01 7.00000000e-01 1.25195480e-04
5.90000000e-01 7.00000000e-01 1.20227376e-04
6.00000000e-01 7.00000000e-01 1.14893134e-04
6.10000000e-01 7.00000000e-01 1.09259240e-04
6.20000000e-01 7.00000000e-01 1.03393435e-04
6.30000000e-01 7.00000000e-01 9.73633784e-05
6.40000000e-01 7.00000000e-01 9.12353820e-05
6.50000000e-01 7.00000000e-01 8.50732392e-05
6.60000000e-01 7.00000000e-01 7.89371815e-05
6.70000000e-01 7.00000000e-01 7.28829816e-05
6.80000000e-01 7.00000000e-01 6.69612211e-05
6.90000000e-01 7.00000000e-01 6.12167300e-05
7.00000000e-01 7.00000000e-01 5.56882021e-05
7.10000000e-01 7.00000000e-01 5.04079849e-05
7.20000000e-01 7.00000000e-01 4.54020324e-05
7.30000000e-01 7.00000000e-01 4.06900122e-05
7.40000000e-01 7.00000000e-01 3.62855468e-05
7.50000000e-01 7.00000000e-01 3.21965709e-05
7.60000000e-01 7.00000000e-01 2.84257847e-05
7.70000000e-01 7.00000000e-01 2.49711777e-05
7.80000000e-01 7.00000000e-01 2.18266046e-05
7.90000000e-01 7.00000000e-01 1.89823877e-05
8.00000000e-01 7.00000000e-01 1.64259300e-05
8.10000000e-01 7.00000000e-01 1.41423178e-05
8.20000000e-01 7.00000000e-01 1.21148992e-05
8.30000000e-01 7.00000000e-01 1.03258250e-05
8.40000000e-01 7.00000000e-01 8.75654323e-06
8.50000000e-01 7.00000000e-01 7.38823876e-06
8.60000000e-01 7.00000000e-01 6.20221520e-06
8.70000000e-01 7.00000000e-01 5.18021637e-06
8.80000000e-01 7.00000000e-01 4.30468813e-06
8.90000000e-01 7.00000000e-01 3.55898255e-06
9.00000000e-01 7.00000000e-01 2.92750830e-06
9.10000000e-01 7.00000000e-01 2.39583191e-06
9.20000000e-01 7.00000000e-01 1.95073554e-06
9.30000000e-01 7.00000000e-01 1.58023717e-06
9.40000000e-01 7.00000000e-01 1.27357942e-06
9.50000000e-01 7.00000000e-01 1.02119293e-06
9.60000000e-01 7.00000000e-01 8.14640049e-07
9.70000000e-01 7.00000000e-01 6.46544052e-07
9.80000000e-01 7.00000000e-01 5.10508686e-07
9.90000000e-01 7.00000000e-01 4.01032020e-07
1.00000000e+00 7.00000000e-01 3.13418111e-07
0.00000000e+00 7.10000000e-01 2.49716520e-07
1.00000000e-02 7.10000000e-01 3.19178922e-07
2.00000000e-02 7.10000000e-01 4.05894211e-07
3.00000000e-02 7.10000000e-01 5.13554031e-07
4.00000000e-02 7.10000000e-01 6.46482697e-07
5.00000000e-02 7.10000000e-01 8.09707116e-07
6.00000000e-02 7.10000000e-01 1.00902536e-06
7.00000000e-02 7.10000000e-01 1.25107132e-06
8.00000000e-02 7.10000000e-01 1.54337229e-06
9.00000000e-02 7.10000000e-01 1.89439607e-06
1.00000000e-01 7.10000000e-01 2.31358330e-06
1.10000000e-01 7.10000000e-01 2.81136102e-06
1.20000000e-01 7.10000000e-01 3.39913242e-06
1.30000000e-01 7.10000000e-01 4.08923838e-06
1.40000000e-01 7.10000000e-01 4.89488584e-06
1.50000000e-01 7.10000000e-01 5.83003862e-06
1.60000000e-01 7.10000000e-01 6.90926683e-06
1.70000000e-01 7.10000000e-01 8.14755164e-06
1.80000000e-01 7.10000000e-01 9.56004324e-06
1.90000000e-01 7.10000000e-01 1.11617714e-05
2.00000000e-01 7.10000000e-01 1.29673089e-05
2.10000000e-01 7.10000000e-01 1.49903919e-05
2.20000000e-01 7.10000000e-01 1.72434992e-05
2.30000000e-01 7.10000000e-01 1.97374010e-05
2.40000000e-01 7.10000000e-01 2.24806824e-05
2.50000000e-01 7.10000000e-01 2.54792562e-05
2.60000000e-01 7.10000000e-01 2.87358755e-05
2.70000000e-01 7.10000000e-01 3.22496636e-05
2.80000000e-01 7.10000000e-01 3.60156756e-05
2.90000000e-01 7.10000000e-01 4.00245112e-05
3.00000000e-01 7.10000000e-01 4.42619936e-05
3.10000000e-01 7.10000000e-01 4.87089357e-05
3.20000000e-01 7.10000000e-01 5.33410058e-05
3.30000000e-01 7.10000000e-01 5.81287103e-05
3.40000000e-01 7.10000000e-01 6.30375042e-05
3.50000000e-01 7.10000000e-01 6.80280372e-05
3.60000000e-01 7.10000000e-01 7.30565416e-05
3.70000000e-01 7.10000000e-01 7.80753607e-05
3.80000000e-01 7.10000000e-01 8.30336133e-05
3.90000000e-01 7.10000000e-01 8.78779853e-05
4.00000000e-01 7.10000000e-01 9.25536318e-05
4.10000000e-01 7.10000000e-01 9.70051727e-05
4.20000000e-01 7.10000000e-01 1.01177755e-04
4.30000000e-01 7.10000000e-01 1.05018156e-04
4.40000000e-01 7.10000000e-01 1.08475898e-04
4.50000000e-01 7.10000000e-01 1.11504340e-04
4.60000000e-01 7.10000000e-01 1.14061715e-04
4.70000000e-01 7.10000000e-01 1.16112079e-04
4.80000000e-01 7.10000000e-01 1.17626151e-04
4.90000000e-01 7.10000000e-01 1.18582001e-04
5.00000000e-01 7.10000000e-01 1.18965578e-04
5.10000000e-01 7.10000000e-01 1.18771051e-04
5.20000000e-01 7.10000000e-01 1.18000956e-04
5.30000000e-01 7.10000000e-01 1.16666145e-04
5.40000000e-01 7.10000000e-01 1.14785536e-04
5.50000000e-01 7.10000000e-01 1.12385664e-04
5.60000000e-01 7.10000000e-01 1.09500070e-04
5.70000000e-01 7.10000000e-01 1.06168521e-04
5.80000000e-01 7.10000000e-01 1.02436105e-04
5.90000000e-01 7.10000000e-01 9.83522184e-05
6.00000000e-01 7.10000000e-01 9.39694898e-05
6.10000000e-01 7.10000000e-01 8.93426558e-05
6.20000000e-01 7.10000000e-01 8.45274381e-05
6.30000000e-01 7.10000000e-01 7.95794440e-05
6.40000000e-01 7.10000000e-01 7.45531235e-05
6.50000000e-01 7.10000000e-01 6.95008100e-05
6.60000000e-01 7.10000000e-01 6.44718651e-05
6.70000000e-01 7.10000000e-01 5.95119468e-05
6.80000000e-01 7.10000000e-01 5.46624130e-05
6.90000000e-01 7.10000000e-01 4.99598680e-05
7.00000000e-01 7.10000000e-01 4.54358550e-05
7.10000000e-01 7.10000000e-01 4.11166894e-05
7.20000000e-01 7.10000000e-01 3.70234298e-05
7.30000000e-01 7.10000000e-01 3.31719720e-05
7.40000000e-01 7.10000000e-01 2.95732548e-05
7.50000000e-01 7.10000000e-01 2.62335599e-05
7.60000000e-01 7.10000000e-01 2.31548882e-05
7.70000000e-01 7.10000000e-01 2.03353955e-05
7.80000000e-01 7.10000000e-01 1.77698672e-05
7.90000000e-01 7.10000000e-01 1.54502160e-05
8.00000000e-01 7.10000000e-01 1.33659852e-05
8.10000000e-01 7.10000000e-01 1.15048439e-05
8.20000000e-01 7.10000000e-01 9.85306057e-06
8.30000000e-01 7.10000000e-01 8.39594624e-06
8.40000000e-01 7.10000000e-01 7.11825732e-06
8.50000000e-01 7.10000000e-01 6.00455449e-06
8.60000000e-01 7.10000000e-01 5.03951308e-06
8.70000000e-01 7.10000000e-01 4.20818402e-06
8.80000000e-01 7.10000000e-01 3.49620578e-06
8.90000000e-01 7.10000000e-01 2.88996911e-06
9.00000000e-01 7.10000000e-01 2.37673782e-06
9.10000000e-01 7.10000000e-01 1.94472950e-06
9.20000000e-01 7.10000000e-01 1.58316083e-06
9.30000000e-01 7.10000000e-01 1.28226241e-06
9.40000000e-01 7.10000000e-01 1.03326808e-06
9.50000000e-01 7.10000000e-01 8.28383800e-07
9.60000000e-01 7.10000000e-01 6.60740534e-07
9.70000000e-01 7.10000000e-01 5.24335660e-07
9.80000000e-01 7.10000000e-01 4.13966568e-07
9.90000000e-01 7.10000000e-01 3.25159839e-07
1.00000000e+00 7.10000000e-01 2.54098783e-07
0.00000000e+00 7.20000000e-01 2.00713411e-07
1.00000000e-02 7.20000000e-01 2.56603555e-07
2.00000000e-02 7.20000000e-01 3.26395720e-07
3.00000000e-02 7.20000000e-01 4.13070759e-07
4.00000000e-02 7.20000000e-01 5.20122073e-07
5.00000000e-02 7.20000000e-01 6.51612684e-07
6.00000000e-02 7.20000000e-01 8.12231320e-07
7.00000000e-02 7.20000000e-01 1.00734543e-06
8.00000000e-02 7.20000000e-01 1.24304865e-06
9.00000000e-02 7.20000000e-01 1.52619972e-06
1.00000000e-01 7.20000000e-01 1.86444982e-06
1.10000000e-01 7.20000000e-01 2.26625441e-06
1.20000000e-01 7.20000000e-01 2.74086617e-06
1.30000000e-01 7.20000000e-01 3.29830482e-06
1.40000000e-01 7.20000000e-01 3.94930009e-06
1.50000000e-01 7.20000000e-01 4.70520424e-06
1.60000000e-01 7.20000000e-01 5.57787066e-06
1.70000000e-01 7.20000000e-01 6.57949616e-06
1.80000000e-01 7.20000000e-01 7.72242490e-06
1.90000000e-01 7.20000000e-01 9.01891346e-06
2.00000000e-01 7.20000000e-01 1.04808575e-05
2.10000000e-01 7.20000000e-01 1.21194822e-05
2.20000000e-01 7.20000000e-01 1.39449999e-05
2.30000000e-01 7.20000000e-01 1.59662413e-05
2.40000000e-01 7.20000000e-01 1.81902667e-05
2.50000000e-01 7.20000000e-01 2.06219663e-05
2.60000000e-01 7.20000000e-01 2.32636624e-05
2.70000000e-01 7.20000000e-01 2.61147227e-05
2.80000000e-01 7.20000000e-01 2.91712007e-05
2.90000000e-01 7.20000000e-01 3.24255171e-05
3.00000000e-01 7.20000000e-01 3.58661953e-05
3.10000000e-01 7.20000000e-01 3.94776675e-05
3.20000000e-01 7.20000000e-01 4.32401628e-05
3.30000000e-01 7.20000000e-01 4.71296911e-05
3.40000000e-01 7.20000000e-01 5.11181310e-05
3.50000000e-01 7.20000000e-01 5.51734301e-05
3.60000000e-01 7.20000000e-01 5.92599210e-05
3.70000000e-01 7.20000000e-01 6.33387526e-05
3.80000000e-01 7.20000000e-01 6.73684343e-05
3.90000000e-01 7.20000000e-01 7.13054833e-05
4.00000000e-01 7.20000000e-01 7.51051639e-05
4.10000000e-01 7.20000000e-01 7.87223032e-05
4.20000000e-01 7.20000000e-01 8.21121613e-05
4.30000000e-01 7.20000000e-01 8.52313363e-05
4.40000000e-01 7.20000000e-01 8.80386764e-05
4.50000000e-01 7.20000000e-01 9.04961744e-05
4.60000000e-01 7.20000000e-01 9.25698172e-05
4.70000000e-01 7.20000000e-01 9.42303637e-05
4.80000000e-01 7.20000000e-01 9.54540272e-05
4.90000000e-01 7.20000000e-01 9.62230396e-05
5.00000000e-01 7.20000000e-01 9.65260785e-05
5.10000000e-01 7.20000000e-01 9.63585440e-05
5.20000000e-01 7.20000000e-01 9.57226750e-05
5.30000000e-01 7.20000000e-01 9.46275004e-05
5.40000000e-01 7.20000000e-01 9.30886283e-05
5.50000000e-01 7.20000000e-01 9.11278782e-05
5.60000000e-01 7.20000000e-01 8.87727691e-05
5.70000000e-01 7.20000000e-01 8.60558803e-05
5.80000000e-01 7.20000000e-01 8.30141052e-05
5.90000000e-01 7.20000000e-01 7.96878213e-05
6.00000000e-01 7.20000000e-01 7.61200044e-05
6.10000000e-01 7.20000000e-01 7.23553110e-05
6.20000000e-01 7.20000000e-01 6.84391589e-05
6.30000000e-01 7.20000000e-01 6.44168301e-05
6.40000000e-01 7.20000000e-01 6.03326217e-05
6.50000000e-01 7.20000000e-01 5.62290653e-05
6.60000000e-01 7.20000000e-01 5.21462338e-05
6.70000000e-01 7.20000000e-01 4.81211495e-05
6.80000000e-01 7.20000000e-01 4.41873040e-05
6.90000000e-01 7.20000000e-01 4.03742947e-05
7.00000000e-01 7.20000000e-01 3.67075805e-05
7.10000000e-01 7.20000000e-01 3.32083545e-05
7.20000000e-01 7.20000000e-01 2.98935257e-05
7.30000000e-01 7.20000000e-01 2.67758030e-05
7.40000000e-01 7.20000000e-01 2.38638684e-05
7.50000000e-01 7.20000000e-01 2.11626264e-05
7.60000000e-01 7.20000000e-01 1.86735152e-05
7.70000000e-01 7.20000000e-01 1.63948641e-05
7.80000000e-01 7.20000000e-01 1.43222832e-05
7.90000000e-01 7.20000000e-01 1.24490690e-05
8.00000000e-01 7.20000000e-01 1.07666156e-05
8.10000000e-01 7.20000000e-01 9.26481655e-06
8.20000000e-01 7.20000000e-01 7.93245008e-06
8.30000000e-01 7.20000000e-01 6.75753724e-06
8.40000000e-01 7.20000000e-01 5.72766817e-06
8.50000000e-01 7.20000000e-01 4.83029148e-06
8.60000000e-01 7.20000000e-01 4.05296414e-06
8.70000000e-01 7.20000000e-01 3.38356114e-06
8.80000000e-01 7.20000000e-01 2.81044517e-06
8.90000000e-01 7.20000000e-01 2.32259811e-06
9.00000000e-01 7.20000000e-01 1.90971690e-06
9.10000000e-01 7.20000000e-01 1.56227707e-06
9.20000000e-01 7.20000000e-01 1.27156776e-06
9.30000000e-01 7.20000000e-01 1.02970218e-06
9.40000000e-01 7.20000000e-01 8.29607705e-07
9.50000000e-01 7.20000000e-01 6.64999517e-07
9.60000000e-01 7.20000000e-01 5.30341621e-07
9.70000000e-01 7.20000000e-01 4.20798676e-07
9.80000000e-01 7.20000000e-01 3.32181720e-07
9.90000000e-01 7.20000000e-01 2.60890480e-07
1.00000000e+00 7.20000000e-01 2.03854473e-07
0.00000000e+00 7.30000000e-01 1.59675129e-07
1.00000000e-02 7.30000000e-01 2.04188639e-07
2.00000000e-02 7.30000000e-01 2.59791803e-07
3.00000000e-02 7.30000000e-01 3.28867800e-07
4.00000000e-02 7.30000000e-01 4.14211053e-07
5.00000000e-02 7.30000000e-01 5.19073374e-07
6.00000000e-02 7.30000000e-01 6.47209432e-07
7.00000000e-02 7.30000000e-01 8.02919839e-07
8.00000000e-02 7.30000000e-01 9.91089878e-07
9.00000000e-02 7.30000000e-01 1.21722152e-06
1.00000000e-01 7.30000000e-01 1.48745612e-06
1.10000000e-01 7.30000000e-01 1.80858490e-06
1.20000000e-01 7.30000000e-01 2.18804411e-06
1.30000000e-01 7.30000000e-01 2.63389181e-06
1.40000000e-01 7.30000000e-01 3.15476298e-06
1.50000000e-01 7.30000000e-01 3.75980001e-06
1.60000000e-01 7.30000000e-01 4.45855601e-06
1.70000000e-01 7.30000000e-01 5.26086847e-06
1.80000000e-01 7.30000000e-01 6.17670213e-06
1.90000000e-01 7.30000000e-01 7.21596002e-06
2.00000000e-01 7.30000000e-01 8.38826343e-06
2.10000000e-01 7.30000000e-01 9.70270217e-06
2.20000000e-01 7.30000000e-01 1.11675583e-05
2.30000000e-01 7.30000000e-01 1.27900076e-05
2.40000000e-01 7.30000000e-01 1.45758047e-05
2.50000000e-01 7.30000000e-01 1.65289597e-05
2.60000000e-01 7.30000000e-01 1.86514143e-05
2.70000000e-01 7.30000000e-01 2.09427283e-05
2.80000000e-01 7.30000000e-01 2.33997863e-05
2.90000000e-01 7.30000000e-01 2.60165384e-05
3.00000000e-01 7.30000000e-01 2.87837835e-05
3.10000000e-01 7.30000000e-01 3.16890107e-05
3.20000000e-01 7.30000000e-01 3.47163065e-05
3.30000000e-01 7.30000000e-01 3.78463398e-05
3.40000000e-01 7.30000000e-01 4.10564317e-05
3.50000000e-01 7.30000000e-01 4.43207165e-05
3.60000000e-01 7.30000000e-01 4.76103965e-05
3.70000000e-01 7.30000000e-01 5.08940920e-05
3.80000000e-01 7.30000000e-01 5.41382813e-05
3.90000000e-01 7.30000000e-01 5.73078265e-05
4.00000000e-01 7.30000000e-01 6.03665735e-05
4.10000000e-01 7.30000000e-01 6.32780141e-05
4.20000000e-01 7.30000000e-01 6.60059932e-05
4.30000000e-01 7.30000000e-01 6.85154430e-05
4.40000000e-01 7.30000000e-01 7.07731244e-05
4.50000000e-01 7.30000000e-01 7.27483528e-05
4.60000000e-01 7.30000000e-01 7.44136871e-05
4.70000000e-01 7.30000000e-01 7.57455604e-05
4.80000000e-01 7.30000000e-01 7.67248325e-05
4.90000000e-01 7.30000000e-01 7.73372454e-05
5.00000000e-01 7.30000000e-01 7.75737674e-05
5.10000000e-01 7.30000000e-01 7.74308145e-05
5.20000000e-01 7.30000000e-01 7.69103403e-05
5.30000000e-01 7.30000000e-01 7.60197930e-05
5.40000000e-01 7.30000000e-01 7.47719388e-05
5.50000000e-01 7.30000000e-01 7.31845596e-05
5.60000000e-01 7.30000000e-01 7.12800333e-05
5.70000000e-01 7.30000000e-01 6.90848107e-05
5.80000000e-01 7.30000000e-01 6.66288074e-05
5.90000000e-01 7.30000000e-01 6.39447280e-05
6.00000000e-01 7.30000000e-01 6.10673456e-05
6.10000000e-01 7.30000000e-01 5.80327581e-05
6.20000000e-01 7.30000000e-01 5.48776427e-05
6.30000000e-01 7.30000000e-01 5.16385308e-05
6.40000000e-01 7.30000000e-01 4.83511225e-05
6.50000000e-01 7.30000000e-01 4.50496583e-05
6.60000000e-01 7.30000000e-01 4.17663618e-05
6.70000000e-01 7.30000000e-01 3.85309661e-05
6.80000000e-01 7.30000000e-01 3.53703306e-05
6.90000000e-01 7.30000000e-01 3.23081536e-05
7.00000000e-01 7.30000000e-01 2.93647805e-05
7.10000000e-01 7.30000000e-01 2.65571067e-05
7.20000000e-01 7.30000000e-01 2.38985694e-05
7.30000000e-01 7.30000000e-01 2.13992204e-05
7.40000000e-01 7.30000000e-01 1.90658712e-05
7.50000000e-01 7.30000000e-01 1.69022986e-05
7.60000000e-01 7.30000000e-01 1.49094995e-05
7.70000000e-01 7.30000000e-01 1.30859821e-05
7.80000000e-01 7.30000000e-01 1.14280816e-05
7.90000000e-01 7.30000000e-01 9.93028993e-06
8.00000000e-01 7.30000000e-01 8.58558634e-06
8.10000000e-01 7.30000000e-01 7.38576210e-06
8.20000000e-01 7.30000000e-01 6.32172964e-06
8.30000000e-01 7.30000000e-01 5.38381018e-06
8.40000000e-01 7.30000000e-01 4.56199484e-06
8.50000000e-01 7.30000000e-01 3.84617581e-06
8.60000000e-01 7.30000000e-01 3.22634553e-06
8.70000000e-01 7.30000000e-01 2.69276339e-06
8.80000000e-01 7.30000000e-01 2.23609011e-06
8.90000000e-01 7.30000000e-01 1.84749160e-06
9.00000000e-01 7.30000000e-01 1.51871415e-06
9.10000000e-01 7.30000000e-01 1.24213381e-06
9.20000000e-01 7.30000000e-01 1.01078302e-06
9.30000000e-01 7.30000000e-01 8.18357720e-07
9.40000000e-01 7.30000000e-01 6.59208250e-07
9.50000000e-01 7.30000000e-01 5.28317309e-07
9.60000000e-01 7.30000000e-01 4.21267900e-07
9.70000000e-01 7.30000000e-01 3.34204116e-07
9.80000000e-01 7.30000000e-01 2.63787177e-07
9.90000000e-01 7.30000000e-01 2.07148865e-07
1.00000000e+00 7.30000000e-01 1.61844109e-07
0.00000000e+00 7.40000000e-01 1.25731718e-07
1.00000000e-02 7.40000000e-01 1.60825508e-07
2.00000000e-02 7.40000000e-01 2.04676922e-07
3.00000000e-02 7.40000000e-01 2.59172487e-07
4.00000000e-02 7.40000000e-01 3.26525499e-07
5.00000000e-02 7.40000000e-01 4.09312995e-07
6.00000000e-02 7.40000000e-01 5.10512253e-07
7.00000000e-02 7.40000000e-01 6.33535506e-07
8.00000000e-02 7.40000000e-01 7.82261256e-07
9.00000000e-02 7.40000000e-01 9.61060345e-07
1.00000000e-01 7.40000000e-01 1.17481468e-06
1.10000000e-01 7.40000000e-01 1.42892632e-06
1.20000000e-01 7.40000000e-01 1.72931440e-06
1.30000000e-01 7.40000000e-01 2.08239746e-06
1.40000000e-01 7.40000000e-01 2.49505848e-06
1.50000000e-01 7.40000000e-01 2.97459034e-06
1.60000000e-01 7.40000000e-01 3.52861939e-06
1.70000000e-01 7.40000000e-01 4.16500548e-06
1.80000000e-01 7.40000000e-01 4.89171698e-06
1.90000000e-01 7.40000000e-01 5.71668051e-06
2.00000000e-01 7.40000000e-01 6.64760532e-06
2.10000000e-01 7.40000000e-01 7.69178383e-06
2.20000000e-01 7.40000000e-01 8.85587062e-06
2.30000000e-01 7.40000000e-01 1.01456432e-05
2.40000000e-01 7.40000000e-01 1.15657495e-05
2.50000000e-01 7.40000000e-01 1.31194481e-05
2.60000000e-01 7.40000000e-01 1.48083476e-05
2.70000000e-01 7.40000000e-01 1.66321542e-05
2.80000000e-01 7.40000000e-01 1.85884355e-05
2.90000000e-01 7.40000000e-01 2.06724101e-05
3.00000000e-01 7.40000000e-01 2.28767733e-05
3.10000000e-01 7.40000000e-01 2.51915672e-05
3.20000000e-01 7.40000000e-01 2.76041048e-05
3.30000000e-01 7.40000000e-01 3.00989568e-05
3.40000000e-01 7.40000000e-01 3.26580059e-05
3.50000000e-01 7.40000000e-01 3.52605750e-05
3.60000000e-01 7.40000000e-01 3.78836315e-05
3.70000000e-01 7.40000000e-01 4.05020674e-05
3.80000000e-01 7.40000000e-01 4.30890527e-05
3.90000000e-01 7.40000000e-01 4.56164587e-05
4.00000000e-01 7.40000000e-01 4.80553394e-05
4.10000000e-01 7.40000000e-01 5.03764653e-05
4.20000000e-01 7.40000000e-01 5.25508916e-05
4.30000000e-01 7.40000000e-01 5.45505496e-05
4.40000000e-01 7.40000000e-01 5.63488428e-05
4.50000000e-01 7.40000000e-01 5.79212309e-05
4.60000000e-01 7.40000000e-01 5.92457832e-05
4.70000000e-01 7.40000000e-01 6.03036858e-05
4.80000000e-01 7.40000000e-01 6.10796840e-05
4.90000000e-01 7.40000000e-01 6.15624469e-05
5.00000000e-01 7.40000000e-01 6.17448426e-05
5.10000000e-01 7.40000000e-01 6.16241121e-05
5.20000000e-01 7.40000000e-01 6.12019399e-05
5.30000000e-01 7.40000000e-01 6.04844143e-05
5.40000000e-01 7.40000000e-01 5.94818831e-05
5.50000000e-01 7.40000000e-01 5.82087058e-05
5.60000000e-01 7.40000000e-01 5.66829128e-05
5.70000000e-01 7.40000000e-01 5.49257821e-05
5.80000000e-01 7.40000000e-01 5.29613471e-05
5.90000000e-01 7.40000000e-01 5.08158521e-05
6.00000000e-01 7.40000000e-01 4.85171718e-05
6.10000000e-01 7.40000000e-01 4.60942129e-05
6.20000000e-01 7.40000000e-01 4.35763167e-05
6.30000000e-01 7.40000000e-01 4.09926775e-05
6.40000000e-01 7.40000000e-01 3.83717948e-05
6.50000000e-01 7.40000000e-01 3.57409721e-05
6.60000000e-01 7.40000000e-01 3.31258736e-05
6.70000000e-01 7.40000000e-01 3.05501485e-05
6.80000000e-01 7.40000000e-01 2.80351287e-05
6.90000000e-01 7.40000000e-01 2.55996032e-05
7.00000000e-01 7.40000000e-01 2.32596699e-05
7.10000000e-01 7.40000000e-01 2.10286628e-05
7.20000000e-01 7.40000000e-01 1.89171502e-05
7.30000000e-01 7.40000000e-01 1.69329978e-05
7.40000000e-01 7.40000000e-01 1.50814886e-05
7.50000000e-01 7.40000000e-01 1.33654910e-05
7.60000000e-01 7.40000000e-01 1.17856656e-05
7.70000000e-01 7.40000000e-01 1.03407003e-05
7.80000000e-01 7.40000000e-01 9.02756422e-06
7.90000000e-01 7.40000000e-01 7.84177180e-06
8.00000000e-01 7.40000000e-01 6.77764773e-06
8.10000000e-01 7.40000000e-01 5.82858578e-06
8.20000000e-01 7.40000000e-01 4.98729498e-06
8.30000000e-01 7.40000000e-01 4.24602819e-06
8.40000000e-01 7.40000000e-01 3.59678905e-06
8.50000000e-01 7.40000000e-01 3.03151488e-06
8.60000000e-01 7.40000000e-01 2.54223379e-06
8.70000000e-01 7.40000000e-01 2.12119580e-06
8.80000000e-01 7.40000000e-01 1.76097832e-06
8.90000000e-01 7.40000000e-01 1.45456714e-06
9.00000000e-01 7.40000000e-01 1.19541477e-06
9.10000000e-01 7.40000000e-01 9.77478380e-07
9.20000000e-01 7.40000000e-01 7.95239700e-07
9.30000000e-01 7.40000000e-01 6.43709587e-07
9.40000000e-01 7.40000000e-01 5.18419877e-07
9.50000000e-01 7.40000000e-01 4.15405058e-07
9.60000000e-01 7.40000000e-01 3.31176199e-07
9.70000000e-01 7.40000000e-01 2.62689298e-07
9.80000000e-01 7.40000000e-01 2.07310007e-07
9.90000000e-01 7.40000000e-01 1.62776396e-07
1.00000000e+00 7.40000000e-01 1.27161149e-07
0.00000000e+00 7.50000000e-01 9.79975541e-08
1.00000000e-02 7.50000000e-01 1.25385658e-07
2.00000000e-02 7.50000000e-01 1.59620559e-07
3.00000000e-02 7.50000000e-01 2.02180869e-07
4.00000000e-02 7.50000000e-01 2.54802319e-07
5.00000000e-02 7.50000000e-01 3.19507101e-07
6.00000000e-02 7.50000000e-01 3.98632902e-07
7.00000000e-02 7.50000000e-01 4.94860594e-07
8.00000000e-02 7.50000000e-01 6.11239328e-07
9.00000000e-02 7.50000000e-01 7.51207558e-07
1.00000000e-01 7.50000000e-01 9.18608349e-07
1.10000000e-01 7.50000000e-01 1.11769713e-06
1.20000000e-01 7.50000000e-01 1.35313992e-06
1.30000000e-01 7.50000000e-01 1.63000005e-06
1.40000000e-01 7.50000000e-01 1.95371123e-06
1.50000000e-01 7.50000000e-01 2.33003519e-06
1.60000000e-01 7.50000000e-01 2.76500190e-06
1.70000000e-01 7.50000000e-01 3.26483115e-06
1.80000000e-01 7.50000000e-01 3.83583430e-06
1.90000000e-01 7.50000000e-01 4.48429569e-06
2.00000000e-01 7.50000000e-01 5.21633401e-06
2.10000000e-01 7.50000000e-01 6.03774443e-06
2.20000000e-01 7.50000000e-01 6.95382346e-06
2.30000000e-01 7.50000000e-01 7.96917914e-06
2.40000000e-01 7.50000000e-01 9.08753039e-06
2.50000000e-01 7.50000000e-01 1.03115002e-05
2.60000000e-01 7.50000000e-01 1.16424081e-05
2.70000000e-01 7.50000000e-01 1.30800688e-05
2.80000000e-01 7.50000000e-01 1.46226034e-05
2.90000000e-01 7.50000000e-01 1.62662709e-05
3.00000000e-01 7.50000000e-01 1.80053286e-05
3.10000000e-01 7.50000000e-01 1.98319271e-05
3.20000000e-01 7.50000000e-01 2.17360491e-05
3.30000000e-01 7.50000000e-01 2.37054973e-05
3.40000000e-01 7.50000000e-01 2.57259368e-05
3.50000000e-01 7.50000000e-01 2.77809958e-05
3.60000000e-01 7.50000000e-01 2.98524280e-05
3.70000000e-01 7.50000000e-01 3.19203343e-05
3.80000000e-01 7.50000000e-01 3.39634450e-05
3.90000000e-01 7.50000000e-01 3.59594558e-05
4.00000000e-01 7.50000000e-01 3.78854121e-05
4.10000000e-01 7.50000000e-01 3.97181337e-05
4.20000000e-01 7.50000000e-01 4.14346683e-05
4.30000000e-01 7.50000000e-01 4.30127627e-05
4.40000000e-01 7.50000000e-01 4.44313380e-05
4.50000000e-01 7.50000000e-01 4.56709543e-05
4.60000000e-01 7.50000000e-01 4.67142524e-05
4.70000000e-01 7.50000000e-01 4.75463561e-05
4.80000000e-01 7.50000000e-01 4.81552244e-05
4.90000000e-01 7.50000000e-01 4.85319404e-05
5.00000000e-01 7.50000000e-01 4.86709283e-05
5.10000000e-01 7.50000000e-01 4.85700904e-05
5.20000000e-01 7.50000000e-01 4.82308596e-05
5.30000000e-01 7.50000000e-01 4.76581661e-05
5.40000000e-01 7.50000000e-01 4.68603187e-05
5.50000000e-01 7.50000000e-01 4.58488044e-05
5.60000000e-01 7.50000000e-01 4.46380147e-05
5.70000000e-01 7.50000000e-01 4.32449052e-05
5.80000000e-01 7.50000000e-01 4.16886020e-05
5.90000000e-01 7.50000000e-01 3.99899661e-05
6.00000000e-01 7.50000000e-01 3.81711307e-05
6.10000000e-01 7.50000000e-01 3.62550248e-05
6.20000000e-01 7.50000000e-01 3.42648973e-05
6.30000000e-01 7.50000000e-01 3.22238567e-05
6.40000000e-01 7.50000000e-01 3.01544366e-05
6.50000000e-01 7.50000000e-01 2.80781998e-05
6.60000000e-01 7.50000000e-01 2.60153893e-05
6.70000000e-01 7.50000000e-01 2.39846330e-05
6.80000000e-01 7.50000000e-01 2.20027076e-05
6.90000000e-01 7.50000000e-01 2.00843638e-05
7.00000000e-01 7.50000000e-01 1.82422125e-05
7.10000000e-01 7.50000000e-01 1.64866713e-05
7.20000000e-01 7.50000000e-01 1.48259670e-05
7.30000000e-01 7.50000000e-01 1.32661896e-05
7.40000000e-01 7.50000000e-01 1.18113903e-05
7.50000000e-01 7.50000000e-01 1.04637178e-05
7.60000000e-01 7.50000000e-01 9.22358438e-06
7.70000000e-01 7.50000000e-01 8.08985378e-06
7.80000000e-01 7.50000000e-01 7.06004395e-06
7.90000000e-01 7.50000000e-01 6.13053644e-06
8.00000000e-01 7.50000000e-01 5.29678645e-06
8.10000000e-01 7.50000000e-01 4.55352735e-06
8.20000000e-01 7.50000000e-01 3.89496488e-06
8.30000000e-01 7.50000000e-01 3.31495691e-06
8.40000000e-01 7.50000000e-01 2.80717595e-06
8.50000000e-01 7.50000000e-01 2.36525230e-06
8.60000000e-01 7.50000000e-01 1.98289685e-06
8.70000000e-01 7.50000000e-01 1.65400315e-06
8.80000000e-01 7.50000000e-01 1.37272922e-06
8.90000000e-01 7.50000000e-01 1.13356016e-06
9.00000000e-01 7.50000000e-01 9.31352862e-07
9.10000000e-01 7.50000000e-01 7.61364790e-07
9.20000000e-01 7.50000000e-01 6.19268612e-07
9.30000000e-01 7.50000000e-01 5.01154923e-07
9.40000000e-01 7.50000000e-01 4.03525057e-07
9.50000000e-01 7.50000000e-01 3.23276036e-07
9.60000000e-01 7.50000000e-01 2.57679535e-07
9.70000000e-01 7.50000000e-01 2.04356590e-07
9.80000000e-01 7.50000000e-01 1.61249552e-07
9.90000000e-01 7.50000000e-01 1.26592601e-07
1.00000000e+00 7.50000000e-01 9.88818902e-08
0.00000000e+00 7.60000000e-01 7.56076344e-08
1.00000000e-02 7.60000000e-01 9.67668277e-08
2.00000000e-02 7.60000000e-01 1.23225416e-07
3.00000000e-02 7.60000000e-01 1.56130823e-07
4.00000000e-02 7.60000000e-01 1.96830811e-07
5.00000000e-02 7.60000000e-01 2.46896537e-07
6.00000000e-02 7.60000000e-01 3.08145428e-07
7.00000000e-02 7.60000000e-01 3.82663061e-07
8.00000000e-02 7.60000000e-01 4.72823071e-07
9.00000000e-02 7.60000000e-01 5.81303947e-07
1.00000000e-01 7.60000000e-01 7.11101412e-07
1.10000000e-01 7.60000000e-01 8.65534950e-07
1.20000000e-01 7.60000000e-01 1.04824695e-06
1.30000000e-01 7.60000000e-01 1.26319282e-06
1.40000000e-01 7.60000000e-01 1.51462054e-06
1.50000000e-01 7.60000000e-01 1.80703803e-06
1.60000000e-01 7.60000000e-01 2.14516688e-06
1.70000000e-01 7.60000000e-01 2.53388152e-06
1.80000000e-01 7.60000000e-01 2.97813255e-06
1.90000000e-01 7.60000000e-01 3.48285429e-06
2.00000000e-01 7.60000000e-01 4.05285625e-06
2.10000000e-01 7.60000000e-01 4.69269945e-06
2.20000000e-01 7.60000000e-01 5.40655898e-06
2.30000000e-01 7.60000000e-01 6.19807478e-06
2.40000000e-01 7.60000000e-01 7.07019379e-06
2.50000000e-01 7.60000000e-01 8.02500690e-06
2.60000000e-01 7.60000000e-01 9.06358535e-06
2.70000000e-01 7.60000000e-01 1.01858214e-05
2.80000000e-01 7.60000000e-01 1.13902790e-05
2.90000000e-01 7.60000000e-01 1.26740606e-05
3.00000000e-01 7.60000000e-01 1.40326955e-05
3.10000000e-01 7.60000000e-01 1.54600568e-05
3.20000000e-01 7.60000000e-01 1.69483118e-05
3.30000000e-01 7.60000000e-01 1.84879116e-05
3.40000000e-01 7.60000000e-01 2.00676235e-05
3.50000000e-01 7.60000000e-01 2.16746099e-05
3.60000000e-01 7.60000000e-01 2.32945555e-05
3.70000000e-01 7.60000000e-01 2.49118420e-05
3.80000000e-01 7.60000000e-01 2.65097698e-05
3.90000000e-01 7.60000000e-01 2.80708238e-05
4.00000000e-01 7.60000000e-01 2.95769758e-05
4.10000000e-01 7.60000000e-01 3.10100204e-05
4.20000000e-01 7.60000000e-01 3.23519325e-05
4.30000000e-01 7.60000000e-01 3.35852397e-05
4.40000000e-01 7.60000000e-01 3.46933969e-05
4.50000000e-01 7.60000000e-01 3.56611535e-05
4.60000000e-01 7.60000000e-01 3.64749014e-05
4.70000000e-01 7.60000000e-01 3.71229919e-05
4.80000000e-01 7.60000000e-01 3.75960130e-05
4.90000000e-01 7.60000000e-01 3.78870159e-05
5.00000000e-01 7.60000000e-01 3.79916853e-05
5.10000000e-01 7.60000000e-01 3.79084448e-05
5.20000000e-01 7.60000000e-01 3.76384973e-05
5.30000000e-01 7.60000000e-01 3.71857957e-05
5.40000000e-01 7.60000000e-01 3.65569470e-05
5.50000000e-01 7.60000000e-01 3.57610521e-05
5.60000000e-01 7.60000000e-01 3.48094874e-05
5.70000000e-01 7.60000000e-01 3.37156343e-05
5.80000000e-01 7.60000000e-01 3.24945673e-05
5.90000000e-01 7.60000000e-01 3.11627089e-05
6.00000000e-01 7.60000000e-01 2.97374642e-05
6.10000000e-01 7.60000000e-01 2.82368451e-05
6.20000000e-01 7.60000000e-01 2.66790958e-05
6.30000000e-01 7.60000000e-01 2.50823308e-05
6.40000000e-01 7.60000000e-01 2.34641941e-05
6.50000000e-01 7.60000000e-01 2.18415497e-05
6.60000000e-01 7.60000000e-01 2.02302092e-05
6.70000000e-01 7.60000000e-01 1.86447024e-05
6.80000000e-01 7.60000000e-01 1.70980942e-05
6.90000000e-01 7.60000000e-01 1.56018508e-05
7.00000000e-01 7.60000000e-01 1.41657535e-05
7.10000000e-01 7.60000000e-01 1.27978597e-05
7.20000000e-01 7.60000000e-01 1.15045086e-05
7.30000000e-01 7.60000000e-01 1.02903656e-05
7.40000000e-01 7.60000000e-01 9.15850284e-06
7.50000000e-01 7.60000000e-01 8.11050771e-06
7.60000000e-01 7.60000000e-01 7.14661545e-06
7.70000000e-01 7.60000000e-01 6.26585785e-06
7.80000000e-01 7.60000000e-01 5.46622314e-06
7.90000000e-01 7.60000000e-01 4.74482082e-06
8.00000000e-01 7.60000000e-01 4.09804646e-06
8.10000000e-01 7.60000000e-01 3.52174178e-06
8.20000000e-01 7.60000000e-01 3.01134625e-06
8.30000000e-01 7.60000000e-01 2.56203720e-06
8.40000000e-01 7.60000000e-01 2.16885609e-06
8.50000000e-01 7.60000000e-01 1.82681951e-06
8.60000000e-01 7.60000000e-01 1.53101414e-06
8.70000000e-01 7.60000000e-01 1.27667538e-06
8.80000000e-01 7.60000000e-01 1.05925028e-06
8.90000000e-01 7.60000000e-01 8.74445229e-07
9.00000000e-01 7.60000000e-01 7.18260017e-07
9.10000000e-01 7.60000000e-01 5.87009274e-07
9.20000000e-01 7.60000000e-01 4.77333128e-07
9.30000000e-01 7.60000000e-01 3.86198592e-07
9.40000000e-01 7.60000000e-01 3.10893356e-07
9.50000000e-01 7.60000000e-01 2.49013551e-07
9.60000000e-01 7.60000000e-01 1.98446946e-07
9.70000000e-01 7.60000000e-01 1.57352928e-07
9.80000000e-01 7.60000000e-01 1.24140423e-07
9.90000000e-01 7.60000000e-01 9.74447685e-08
1.00000000e+00 7.60000000e-01 7.61043668e-08
0.00000000e+00 7.70000000e-01 5.77449839e-08
1.00000000e-02 7.70000000e-01 7.39278125e-08
2.00000000e-02 7.70000000e-01 9.41714072e-08
3.00000000e-02 7.70000000e-01 1.19357357e-07
4.00000000e-02 7.70000000e-01 1.50521809e-07
5.00000000e-02 7.70000000e-01 1.88873417e-07
6.00000000e-02 7.70000000e-01 2.35811177e-07
7.00000000e-02 7.70000000e-01 2.92941553e-07
8.00000000e-02 7.70000000e-01 3.62094117e-07
9.00000000e-02 7.70000000e-01 4.45334822e-07
1.00000000e-01 7.70000000e-01 5.44975917e-07
1.10000000e-01 7.70000000e-01 6.63581364e-07
1.20000000e-01 7.70000000e-01 8.03966568e-07
1.30000000e-01 7.70000000e-01 9.69191164e-07
1.40000000e-01 7.70000000e-01 1.16254359e-06
1.50000000e-01 7.70000000e-01 1.38751624e-06
1.60000000e-01 7.70000000e-01 1.64777007e-06
1.70000000e-01 7.70000000e-01 1.94708771e-06
1.80000000e-01 7.70000000e-01 2.28931444e-06
1.90000000e-01 7.70000000e-01 2.67828667e-06
2.00000000e-01 7.70000000e-01 3.11774783e-06
2.10000000e-01 7.70000000e-01 3.61125251e-06
2.20000000e-01 7.70000000e-01 4.16205952e-06
2.30000000e-01 7.70000000e-01 4.77301589e-06
2.40000000e-01 7.70000000e-01 5.44643374e-06
2.50000000e-01 7.70000000e-01 6.18396317e-06
2.60000000e-01 7.70000000e-01 6.98646432e-06
2.70000000e-01 7.70000000e-01 7.85388279e-06
2.80000000e-01 7.70000000e-01 8.78513266e-06
2.90000000e-01 7.70000000e-01 9.77799178e-06
3.00000000e-01 7.70000000e-01 1.08290142e-05
3.10000000e-01 7.70000000e-01 1.19334643e-05
3.20000000e-01 7.70000000e-01 1.30852777e-05
3.30000000e-01 7.70000000e-01 1.42770519e-05
3.40000000e-01 7.70000000e-01 1.55000714e-05
3.50000000e-01 7.70000000e-01 1.67443683e-05
3.60000000e-01 7.70000000e-01 1.79988211e-05
3.70000000e-01 7.70000000e-01 1.92512914e-05
3.80000000e-01 7.70000000e-01 2.04887962e-05
3.90000000e-01 7.70000000e-01 2.16977156e-05
4.00000000e-01 7.70000000e-01 2.28640292e-05
4.10000000e-01 7.70000000e-01 2.39735785e-05
4.20000000e-01 7.70000000e-01 2.50123464e-05
4.30000000e-01 7.70000000e-01 2.59667484e-05
4.40000000e-01 7.70000000e-01 2.68239252e-05
4.50000000e-01 7.70000000e-01 2.75720297e-05
4.60000000e-01 7.70000000e-01 2.82004986e-05
4.70000000e-01 7.70000000e-01 2.87002998e-05
4.80000000e-01 7.70000000e-01 2.90641485e-05
4.90000000e-01 7.70000000e-01 2.92866829e-05
5.00000000e-01 7.70000000e-01 2.93645963e-05
5.10000000e-01 7.70000000e-01 2.92967184e-05
5.20000000e-01 7.70000000e-01 2.90840446e-05
5.30000000e-01 7.70000000e-01 2.87297119e-05
5.40000000e-01 7.70000000e-01 2.82389219e-05
5.50000000e-01 7.70000000e-01 2.76188139e-05
5.60000000e-01 7.70000000e-01 2.68782924e-05
5.70000000e-01 7.70000000e-01 2.60278145e-05
5.80000000e-01 7.70000000e-01 2.50791448e-05
5.90000000e-01 7.70000000e-01 2.40450851e-05
6.00000000e-01 7.70000000e-01 2.29391887e-05
6.10000000e-01 7.70000000e-01 2.17754662e-05
6.20000000e-01 7.70000000e-01 2.05680945e-05
6.30000000e-01 7.70000000e-01 1.93311343e-05
6.40000000e-01 7.70000000e-01 1.80782658e-05
6.50000000e-01 7.70000000e-01 1.68225490e-05
6.60000000e-01 7.70000000e-01 1.55762131e-05
6.70000000e-01 7.70000000e-01 1.43504798e-05
6.80000000e-01 7.70000000e-01 1.31554234e-05
6.90000000e-01 7.70000000e-01 1.19998689e-05
7.00000000e-01 7.70000000e-01 1.08913275e-05
7.10000000e-01 7.70000000e-01 9.83596905e-06
7.20000000e-01 7.70000000e-01 8.83862836e-06
7.30000000e-01 7.70000000e-01 7.90284268e-06
7.40000000e-01 7.70000000e-01 7.03091582e-06
7.50000000e-01 7.70000000e-01 6.22400468e-06
7.60000000e-01 7.70000000e-01 5.48222333e-06
7.70000000e-01 7.70000000e-01 4.80475987e-06
7.80000000e-01 7.70000000e-01 4.19000128e-06
7.90000000e-01 7.70000000e-01 3.63566185e-06
8.00000000e-01 7.70000000e-01 3.13891119e-06
8.10000000e-01 7.70000000e-01 2.69649835e-06
8.20000000e-01 7.70000000e-01 2.30486900e-06
8.30000000e-01 7.70000000e-01 1.96027350e-06
8.40000000e-01 7.70000000e-01 1.65886413e-06
8.50000000e-01 7.70000000e-01 1.39678026e-06
8.60000000e-01 7.70000000e-01 1.17022099e-06
8.70000000e-01 7.70000000e-01 9.75505283e-07
8.80000000e-01 7.70000000e-01 8.09119618e-07
8.90000000e-01 7.70000000e-01 6.67754202e-07
9.00000000e-01 7.70000000e-01 5.48328416e-07
9.10000000e-01 7.70000000e-01 4.48006726e-07
9.20000000e-01 7.70000000e-01 3.64206255e-07
9.30000000e-01 7.70000000e-01 2.94597304e-07
9.40000000e-01 7.70000000e-01 2.37098079e-07
9.50000000e-01 7.70000000e-01 1.89864851e-07
9.60000000e-01 7.70000000e-01 1.51278673e-07
9.70000000e-01 7.70000000e-01 1.19929690e-07
9.80000000e-01 7.70000000e-01 9.45999208e-08
9.90000000e-01 7.70000000e-01 7.42453040e-08
1.00000000e+00 7.70000000e-01 5.79776123e-08
0.00000000e+00 7.80000000e-01 4.36596319e-08
1.00000000e-02 7.80000000e-01 5.59125980e-08
2.00000000e-02 7.80000000e-01 7.12461813e-08
3.00000000e-02 7.80000000e-01 9.03309984e-08
4.00000000e-02 7.80000000e-01 1.13955727e-07
5.00000000e-02 7.80000000e-01 1.43040933e-07
6.00000000e-02 7.80000000e-01 1.78652850e-07
7.00000000e-02 7.80000000e-01 2.22016637e-07
8.00000000e-02 7.80000000e-01 2.74528545e-07
9.00000000e-02 7.80000000e-01 3.37766303e-07
1.00000000e-01 7.80000000e-01 4.13496964e-07
1.10000000e-01 7.80000000e-01 5.03681336e-07
1.20000000e-01 7.80000000e-01 6.10474082e-07
1.30000000e-01 7.80000000e-01 7.36218512e-07
1.40000000e-01 7.80000000e-01 8.83435090e-07
1.50000000e-01 7.80000000e-01 1.05480269e-06
1.60000000e-01 7.80000000e-01 1.25313177e-06
1.70000000e-01 7.80000000e-01 1.48132867e-06
1.80000000e-01 7.80000000e-01 1.74235052e-06
1.90000000e-01 7.80000000e-01 2.03915049e-06
2.00000000e-01 7.80000000e-01 2.37461335e-06
2.10000000e-01 7.80000000e-01 2.75148170e-06
2.20000000e-01 7.80000000e-01 3.17227383e-06
2.30000000e-01 7.80000000e-01 3.63919423e-06
2.40000000e-01 7.80000000e-01 4.15403867e-06
2.50000000e-01 7.80000000e-01 4.71809594e-06
2.60000000e-01 7.80000000e-01 5.33204892e-06
2.70000000e-01 7.80000000e-01 5.99587810e-06
2.80000000e-01 7.80000000e-01 6.70877082e-06
2.90000000e-01 7.80000000e-01 7.46903990e-06
3.00000000e-01 7.80000000e-01 8.27405551e-06
3.10000000e-01 7.80000000e-01 9.12019370e-06
3.20000000e-01 7.80000000e-01 1.00028055e-05
3.30000000e-01 7.80000000e-01 1.09162092e-05
3.40000000e-01 7.80000000e-01 1.18537093e-05
3.50000000e-01 7.80000000e-01 1.28076428e-05
3.60000000e-01 7.80000000e-01 1.37694554e-05
3.70000000e-01 7.80000000e-01 1.47298065e-05
3.80000000e-01 7.80000000e-01 1.56787027e-05
3.90000000e-01 7.80000000e-01 1.66056581e-05
4.00000000e-01 7.80000000e-01 1.74998775e-05
4.10000000e-01 7.80000000e-01 1.83504589e-05
4.20000000e-01 7.80000000e-01 1.91466102e-05
4.30000000e-01 7.80000000e-01 1.98778744e-05
4.40000000e-01 7.80000000e-01 2.05343561e-05
4.50000000e-01 7.80000000e-01 2.11069433e-05
4.60000000e-01 7.80000000e-01 2.15875174e-05
4.70000000e-01 7.80000000e-01 2.19691447e-05
4.80000000e-01 7.80000000e-01 2.22462423e-05
4.90000000e-01 7.80000000e-01 2.24147141e-05
5.00000000e-01 7.80000000e-01 2.24720515e-05
5.10000000e-01 7.80000000e-01 2.24173957e-05
5.20000000e-01 7.80000000e-01 2.22515588e-05
5.30000000e-01 7.80000000e-01 2.19770040e-05
5.40000000e-01 7.80000000e-01 2.15977845e-05
5.50000000e-01 7.80000000e-01 2.11194445e-05
5.60000000e-01 7.80000000e-01 2.05488836e-05
5.70000000e-01 7.80000000e-01 1.98941919e-05
5.80000000e-01 7.80000000e-01 1.91644594e-05
5.90000000e-01 7.80000000e-01 1.83695662e-05
6.00000000e-01 7.80000000e-01 1.75199609e-05
6.10000000e-01 7.80000000e-01 1.66264339e-05
6.20000000e-01 7.80000000e-01 1.56998920e-05
6.30000000e-01 7.80000000e-01 1.47511413e-05
6.40000000e-01 7.80000000e-01 1.37906839e-05
6.50000000e-01 7.80000000e-01 1.28285335e-05
6.60000000e-01 7.80000000e-01 1.18740552e-05
6.70000000e-01 7.80000000e-01 1.09358299e-05
6.80000000e-01 7.80000000e-01 1.00215491e-05
6.90000000e-01 7.80000000e-01 9.13793767e-06
7.00000000e-01 7.80000000e-01 8.29070625e-06
7.10000000e-01 7.80000000e-01 7.48453201e-06
7.20000000e-01 7.80000000e-01 6.72306540e-06
7.30000000e-01 7.80000000e-01 6.00896068e-06
7.40000000e-01 7.80000000e-01 5.34392681e-06
7.50000000e-01 7.80000000e-01 4.72879543e-06
7.60000000e-01 7.80000000e-01 4.16360201e-06
7.70000000e-01 7.80000000e-01 3.64767654e-06
7.80000000e-01 7.80000000e-01 3.17974015e-06
7.90000000e-01 7.80000000e-01 2.75800412e-06
8.00000000e-01 7.80000000e-01 2.38026841e-06
8.10000000e-01 7.80000000e-01 2.04401684e-06
8.20000000e-01 7.80000000e-01 1.74650685e-06
8.30000000e-01 7.80000000e-01 1.48485205e-06
8.40000000e-01 7.80000000e-01 1.25609622e-06
8.50000000e-01 7.80000000e-01 1.05727813e-06
8.60000000e-01 7.80000000e-01 8.85486569e-07
8.70000000e-01 7.80000000e-01 7.37905708e-07
8.80000000e-01 7.80000000e-01 6.11851028e-07
8.90000000e-01 7.80000000e-01 5.04796360e-07
9.00000000e-01 7.80000000e-01 4.14392785e-07
9.10000000e-01 7.80000000e-01 3.38480262e-07
9.20000000e-01 7.80000000e-01 2.75092929e-07
9.30000000e-01 7.80000000e-01 2.22459070e-07
9.40000000e-01 7.80000000e-01 1.78996723e-07
9.50000000e-01 7.80000000e-01 1.43305854e-07
9.60000000e-01 7.80000000e-01 1.14157969e-07
9.70000000e-01 7.80000000e-01 9.04839314e-08
9.80000000e-01 7.80000000e-01 7.13606844e-08
9.90000000e-01 7.80000000e-01 5.59974349e-08
1.00000000e+00 7.80000000e-01 4.37217925e-08
0.00000000e+00 7.90000000e-01 3.26800498e-08
1.00000000e-02 7.90000000e-01 4.18649223e-08
2.00000000e-02 7.90000000e-01 5.33635692e-08
3.00000000e-02 7.90000000e-01 6.76810489e-08
4.00000000e-02 7.90000000e-01 8.54117053e-08
5.00000000e-02 7.90000000e-01 1.07249713e-07
6.00000000e-02 7.90000000e-01 1.33999610e-07
7.00000000e-02 7.90000000e-01 1.66586468e-07
8.00000000e-02 7.90000000e-01 2.06065244e-07
9.00000000e-02 7.90000000e-01 2.53628833e-07
1.00000000e-01 7.90000000e-01 3.10614197e-07
1.10000000e-01 7.90000000e-01 3.78505944e-07
1.20000000e-01 7.90000000e-01 4.58936630e-07
1.30000000e-01 7.90000000e-01 5.53683049e-07
1.40000000e-01 7.90000000e-01 6.64657752e-07
1.50000000e-01 7.90000000e-01 7.93895071e-07
1.60000000e-01 7.90000000e-01 9.43530960e-07
1.70000000e-01 7.90000000e-01 1.11577609e-06
1.80000000e-01 7.90000000e-01 1.31288177e-06
1.90000000e-01 7.90000000e-01 1.53709843e-06
2.00000000e-01 7.90000000e-01 1.79062669e-06
2.10000000e-01 7.90000000e-01 2.07556131e-06
2.20000000e-01 7.90000000e-01 2.39382856e-06
2.30000000e-01 7.90000000e-01 2.74711799e-06
2.40000000e-01 7.90000000e-01 3.13680992e-06
2.50000000e-01 7.90000000e-01 3.56390034e-06
2.60000000e-01 7.90000000e-01 4.02892512e-06
2.70000000e-01 7.90000000e-01 4.53188607e-06
2.80000000e-01 7.90000000e-01 5.07218127e-06
2.90000000e-01 7.90000000e-01 5.64854248e-06
3.00000000e-01 7.90000000e-01 6.25898265e-06
3.10000000e-01 7.90000000e-01 6.90075617e-06
3.20000000e-01 7.90000000e-01 7.57033471e-06
3.30000000e-01 7.90000000e-01 8.26340103e-06
3.40000000e-01 7.90000000e-01 8.97486288e-06
3.50000000e-01 7.90000000e-01 9.69888834e-06
3.60000000e-01 7.90000000e-01 1.04289636e-05
3.70000000e-01 7.90000000e-01 1.11579733e-05
3.80000000e-01 7.90000000e-01 1.18783027e-05
3.90000000e-01 7.90000000e-01 1.25819598e-05
4.00000000e-01 7.90000000e-01 1.32607163e-05
4.10000000e-01 7.90000000e-01 1.39062621e-05
4.20000000e-01 7.90000000e-01 1.45103719e-05
4.30000000e-01 7.90000000e-01 1.50650768e-05
4.40000000e-01 7.90000000e-01 1.55628388e-05
4.50000000e-01 7.90000000e-01 1.59967199e-05
4.60000000e-01 7.90000000e-01 1.63605431e-05
4.70000000e-01 7.90000000e-01 1.66490386e-05
4.80000000e-01 7.90000000e-01 1.68579706e-05
4.90000000e-01 7.90000000e-01 1.69842410e-05
5.00000000e-01 7.90000000e-01 1.70259657e-05
5.10000000e-01 7.90000000e-01 1.69825216e-05
5.20000000e-01 7.90000000e-01 1.68545618e-05
5.30000000e-01 7.90000000e-01 1.66439995e-05
5.40000000e-01 7.90000000e-01 1.63539602e-05
5.50000000e-01 7.90000000e-01 1.59887046e-05
5.60000000e-01 7.90000000e-01 1.55535243e-05
5.70000000e-01 7.90000000e-01 1.50546147e-05
5.80000000e-01 7.90000000e-01 1.44989276e-05
5.90000000e-01 7.90000000e-01 1.38940112e-05
6.00000000e-01 7.90000000e-01 1.32478396e-05
6.10000000e-01 7.90000000e-01 1.25686391e-05
6.20000000e-01 7.90000000e-01 1.18647169e-05
6.30000000e-01 7.90000000e-01 1.11442942e-05
6.40000000e-01 7.90000000e-01 1.04153527e-05
6.50000000e-01 7.90000000e-01 9.68549399e-06
6.60000000e-01 7.90000000e-01 8.96181788e-06
6.70000000e-01 7.90000000e-01 8.25082098e-06
6.80000000e-01 7.90000000e-01 7.55831697e-06
6.90000000e-01 7.90000000e-01 6.88937938e-06
7.00000000e-01 7.90000000e-01 6.24830680e-06
7.10000000e-01 7.90000000e-01 5.63860950e-06
7.20000000e-01 7.90000000e-01 5.06301610e-06
7.30000000e-01 7.90000000e-01 4.52349800e-06
7.40000000e-01 7.90000000e-01 4.02130945e-06
7.50000000e-01 7.90000000e-01 3.55704021e-06
7.60000000e-01 7.90000000e-01 3.13067826e-06
7.70000000e-01 7.90000000e-01 2.74167944e-06
7.80000000e-01 7.90000000e-01 2.38904143e-06
7.90000000e-01 7.90000000e-01 2.07137938e-06
8.00000000e-01 7.90000000e-01 1.78700087e-06
8.10000000e-01 7.90000000e-01 1.53397830e-06
8.20000000e-01 7.90000000e-01 1.31021688e-06
8.30000000e-01 7.90000000e-01 1.11351703e-06
8.40000000e-01 7.90000000e-01 9.41630265e-07
8.50000000e-01 7.90000000e-01 7.92307911e-07
8.60000000e-01 7.90000000e-01 6.63342418e-07
8.70000000e-01 7.90000000e-01 5.52601280e-07
8.80000000e-01 7.90000000e-01 4.58053782e-07
8.90000000e-01 7.90000000e-01 3.77791031e-07
9.00000000e-01 7.90000000e-01 3.10039829e-07
9.10000000e-01 7.90000000e-01 2.53171068e-07
9.20000000e-01 7.90000000e-01 2.05703381e-07
9.30000000e-01 7.90000000e-01 1.66302796e-07
9.40000000e-01 7.90000000e-01 1.33779131e-07
9.50000000e-01 7.90000000e-01 1.07079855e-07
9.60000000e-01 7.90000000e-01 8.52820353e-08
9.70000000e-01 7.90000000e-01 6.75829938e-08
9.80000000e-01 7.90000000e-01 5.32901539e-08
9.90000000e-01 7.90000000e-01 4.18105280e-08
1.00000000e+00 7.90000000e-01 3.26401946e-08
0.00000000e+00 8.00000000e-01 2.42182246e-08
1.00000000e-02 8.00000000e-01 3.10347655e-08
2.00000000e-02 8.00000000e-01 3.95718398e-08
3.00000000e-02 8.00000000e-01 5.02060322e-08
4.00000000e-02 8.00000000e-01 6.33807741e-08
5.00000000e-02 8.00000000e-01 7.96143054e-08
6.00000000e-02 8.00000000e-01 9.95076445e-08
7.00000000e-02 8.00000000e-01 1.23752300e-07
8.00000000e-02 8.00000000e-01 1.53137398e-07
9.00000000e-02 8.00000000e-01 1.88555842e-07
1.00000000e-01 8.00000000e-01 2.31009057e-07
1.10000000e-01 8.00000000e-01 2.81609829e-07
1.20000000e-01 8.00000000e-01 3.41582703e-07
1.30000000e-01 8.00000000e-01 4.12261372e-07
1.40000000e-01 8.00000000e-01 4.95082485e-07
1.50000000e-01 8.00000000e-01 5.91575323e-07
1.60000000e-01 8.00000000e-01 7.03346810e-07
1.70000000e-01 8.00000000e-01 8.32061438e-07
1.80000000e-01 8.00000000e-01 9.79415752e-07
1.90000000e-01 8.00000000e-01 1.14710721e-06
2.00000000e-01 8.00000000e-01 1.33679741e-06
2.10000000e-01 8.00000000e-01 1.55006987e-06
2.20000000e-01 8.00000000e-01 1.78838283e-06
2.30000000e-01 8.00000000e-01 2.05301775e-06
2.40000000e-01 8.00000000e-01 2.34502446e-06
2.50000000e-01 8.00000000e-01 2.66516436e-06
2.60000000e-01 8.00000000e-01 3.01385299e-06
2.70000000e-01 8.00000000e-01 3.39110391e-06
2.80000000e-01 8.00000000e-01 3.79647577e-06
2.90000000e-01 8.00000000e-01 4.22902477e-06
3.00000000e-01 8.00000000e-01 4.68726451e-06
3.10000000e-01 8.00000000e-01 5.16913572e-06
3.20000000e-01 8.00000000e-01 5.67198757e-06
3.30000000e-01 8.00000000e-01 6.19257271e-06
3.40000000e-01 8.00000000e-01 6.72705751e-06
3.50000000e-01 8.00000000e-01 7.27104855e-06
3.60000000e-01 8.00000000e-01 7.81963624e-06
3.70000000e-01 8.00000000e-01 8.36745546e-06
3.80000000e-01 8.00000000e-01 8.90876282e-06
3.90000000e-01 8.00000000e-01 9.43752943e-06
4.00000000e-01 8.00000000e-01 9.94754720e-06
4.10000000e-01 8.00000000e-01 1.04325464e-05
4.20000000e-01 8.00000000e-01 1.08863217e-05
4.30000000e-01 8.00000000e-01 1.13028624e-05
4.40000000e-01 8.00000000e-01 1.16764845e-05
4.50000000e-01 8.00000000e-01 1.20019589e-05
4.60000000e-01 8.00000000e-01 1.22746337e-05
4.70000000e-01 8.00000000e-01 1.24905440e-05
4.80000000e-01 8.00000000e-01 1.26465086e-05
4.90000000e-01 8.00000000e-01 1.27402075e-05
5.00000000e-01 8.00000000e-01 1.27702400e-05
5.10000000e-01 8.00000000e-01 1.27361587e-05
5.20000000e-01 8.00000000e-01 1.26384815e-05
5.30000000e-01 8.00000000e-01 1.24786777e-05
5.40000000e-01 8.00000000e-01 1.22591318e-05
5.50000000e-01 8.00000000e-01 1.19830838e-05
5.60000000e-01 8.00000000e-01 1.16545500e-05
5.70000000e-01 8.00000000e-01 1.12782253e-05
5.80000000e-01 8.00000000e-01 1.08593719e-05
5.90000000e-01 8.00000000e-01 1.04036971e-05
6.00000000e-01 8.00000000e-01 9.91722408e-06
6.10000000e-01 8.00000000e-01 9.40616090e-06
6.20000000e-01 8.00000000e-01 8.87676990e-06
6.30000000e-01 8.00000000e-01 8.33524284e-06
6.40000000e-01 8.00000000e-01 7.78758428e-06
6.50000000e-01 8.00000000e-01 7.23950650e-06
6.60000000e-01 8.00000000e-01 6.69633811e-06
6.70000000e-01 8.00000000e-01 6.16294824e-06
6.80000000e-01 8.00000000e-01 5.64368728e-06
6.90000000e-01 8.00000000e-01 5.14234478e-06
7.00000000e-01 8.00000000e-01 4.66212418e-06
7.10000000e-01 8.00000000e-01 4.20563382e-06
7.20000000e-01 8.00000000e-01 3.77489292e-06
7.30000000e-01 8.00000000e-01 3.37135103e-06
7.40000000e-01 8.00000000e-01 2.99591902e-06
7.50000000e-01 8.00000000e-01 2.64900960e-06
7.60000000e-01 8.00000000e-01 2.33058514e-06
7.70000000e-01 8.00000000e-01 2.04021063e-06
7.80000000e-01 8.00000000e-01 1.77710973e-06
7.90000000e-01 8.00000000e-01 1.54022192e-06
8.00000000e-01 8.00000000e-01 1.32825905e-06
8.10000000e-01 8.00000000e-01 1.13975970e-06
8.20000000e-01 8.00000000e-01 9.73140264e-07
8.30000000e-01 8.00000000e-01 8.26741625e-07
8.40000000e-01 8.00000000e-01 6.98870906e-07
8.50000000e-01 8.00000000e-01 5.87837754e-07
8.60000000e-01 8.00000000e-01 4.91985035e-07
8.70000000e-01 8.00000000e-01 4.09713939e-07
8.80000000e-01 8.00000000e-01 3.39503704e-07
8.90000000e-01 8.00000000e-01 2.79926297e-07
9.00000000e-01 8.00000000e-01 2.29656490e-07
9.10000000e-01 8.00000000e-01 1.87477862e-07
9.20000000e-01 8.00000000e-01 1.52285256e-07
9.30000000e-01 8.00000000e-01 1.23084287e-07
9.40000000e-01 8.00000000e-01 9.89884434e-08
9.50000000e-01 8.00000000e-01 7.92143110e-08
9.60000000e-01 8.00000000e-01 6.30754171e-08
9.70000000e-01 8.00000000e-01 4.99751244e-08
9.80000000e-01 8.00000000e-01 3.93989559e-08
9.90000000e-01 8.00000000e-01 3.09066735e-08
1.00000000e+00 8.00000000e-01 2.41243706e-08
0.00000000e+00 8.10000000e-01 1.77696654e-08
1.00000000e-02 8.10000000e-01 2.27783995e-08
2.00000000e-02 8.10000000e-01 2.90538212e-08
3.00000000e-02 8.10000000e-01 3.68739212e-08
4.00000000e-02 8.10000000e-01 4.65662342e-08
5.00000000e-02 8.10000000e-01 5.85137877e-08
6.00000000e-02 8.10000000e-01 7.31610687e-08
7.00000000e-02 8.10000000e-01 9.10198128e-08
8.00000000e-02 8.10000000e-01 1.12674374e-07
9.00000000e-02 8.10000000e-01 1.38786385e-07
1.00000000e-01 8.10000000e-01 1.70098390e-07
1.10000000e-01 8.10000000e-01 2.07436060e-07
1.20000000e-01 8.10000000e-01 2.51708613e-07
1.30000000e-01 8.10000000e-01 3.03906998e-07
1.40000000e-01 8.10000000e-01 3.65099426e-07
1.50000000e-01 8.10000000e-01 4.36423808e-07
1.60000000e-01 8.10000000e-01 5.19076734e-07
1.70000000e-01 8.10000000e-01 6.14298633e-07
1.80000000e-01 8.10000000e-01 7.23354869e-07
1.90000000e-01 8.10000000e-01 8.47512613e-07
2.00000000e-01 8.10000000e-01 9.88013491e-07
2.10000000e-01 8.10000000e-01 1.14604212e-06
2.20000000e-01 8.10000000e-01 1.32269089e-06
2.30000000e-01 8.10000000e-01 1.51892147e-06
2.40000000e-01 8.10000000e-01 1.73552383e-06
2.50000000e-01 8.10000000e-01 1.97307361e-06
2.60000000e-01 8.10000000e-01 2.23188914e-06
2.70000000e-01 8.10000000e-01 2.51198931e-06
2.80000000e-01 8.10000000e-01 2.81305374e-06
2.90000000e-01 8.10000000e-01 3.13438700e-06
3.00000000e-01 8.10000000e-01 3.47488843e-06
3.10000000e-01 8.10000000e-01 3.83302909e-06
3.20000000e-01 8.10000000e-01 4.20683766e-06
3.30000000e-01 8.10000000e-01 4.59389647e-06
3.40000000e-01 8.10000000e-01 4.99134893e-06
3.50000000e-01 8.10000000e-01 5.39591926e-06
3.60000000e-01 8.10000000e-01 5.80394497e-06
3.70000000e-01 8.10000000e-01 6.21142228e-06
3.80000000e-01 8.10000000e-01 6.61406393e-06
3.90000000e-01 8.10000000e-01 7.00736869e-06
4.00000000e-01 8.10000000e-01 7.38670106e-06
4.10000000e-01 8.10000000e-01 7.74737948e-06
4.20000000e-01 8.10000000e-01 8.08477070e-06
4.30000000e-01 8.10000000e-01 8.39438776e-06
4.40000000e-01 8.10000000e-01 8.67198874e-06
4.50000000e-01 8.10000000e-01 8.91367318e-06
4.60000000e-01 8.10000000e-01 9.11597327e-06
4.70000000e-01 8.10000000e-01 9.27593666e-06
4.80000000e-01 8.10000000e-01 9.39119822e-06
4.90000000e-01 8.10000000e-01 9.46003835e-06
5.00000000e-01 8.10000000e-01 9.48142566e-06
5.10000000e-01 8.10000000e-01 9.45504278e-06
5.20000000e-01 8.10000000e-01 9.38129414e-06
5.30000000e-01 8.10000000e-01 9.26129565e-06
5.40000000e-01 8.10000000e-01 9.09684657e-06
5.50000000e-01 8.10000000e-01 8.89038453e-06
5.60000000e-01 8.10000000e-01 8.64492537e-06
5.70000000e-01 8.10000000e-01 8.36398978e-06
5.80000000e-01 8.10000000e-01 8.05151926e-06
5.90000000e-01 8.10000000e-01 7.71178428e-06
6.00000000e-01 8.10000000e-01 7.34928753e-06
6.10000000e-01 8.10000000e-01 6.96866530e-06
6.20000000e-01 8.10000000e-01 6.57459016e-06
6.30000000e-01 8.10000000e-01 6.17167743e-06
6.40000000e-01 8.10000000e-01 5.76439834e-06
6.50000000e-01 8.10000000e-01 5.35700177e-06
6.60000000e-01 8.10000000e-01 4.95344647e-06
6.70000000e-01 8.10000000e-01 4.55734496e-06
6.80000000e-01 8.10000000e-01 4.17191996e-06
6.90000000e-01 8.10000000e-01 3.79997366e-06
7.00000000e-01 8.10000000e-01 3.44386957e-06
7.10000000e-01 8.10000000e-01 3.10552659e-06
7.20000000e-01 8.10000000e-01 2.78642420e-06
7.30000000e-01 8.10000000e-01 2.48761765e-06
7.40000000e-01 8.10000000e-01 2.20976170e-06
7.50000000e-01 8.10000000e-01 1.95314141e-06
7.60000000e-01 8.10000000e-01 1.71770819e-06
7.70000000e-01 8.10000000e-01 1.50311969e-06
7.80000000e-01 8.10000000e-01 1.30878181e-06
7.90000000e-01 8.10000000e-01 1.13389144e-06
8.00000000e-01 8.10000000e-01 9.77478616e-07
8.10000000e-01 8.10000000e-01 8.38447048e-07
8.20000000e-01 8.10000000e-01 7.15611993e-07
8.30000000e-01 8.10000000e-01 6.07734897e-07
8.40000000e-01 8.10000000e-01 5.13554237e-07
8.50000000e-01 8.10000000e-01 4.31812289e-07
8.60000000e-01 8.10000000e-01 3.61277704e-07
8.70000000e-01 8.10000000e-01 3.00763903e-07
8.80000000e-01 8.10000000e-01 2.49143485e-07
8.90000000e-01 8.10000000e-01 2.05358870e-07
9.00000000e-01 8.10000000e-01 1.68429555e-07
9.10000000e-01 8.10000000e-01 1.37456343e-07
9.20000000e-01 8.10000000e-01 1.11622976e-07
9.30000000e-01 8.10000000e-01 9.01955996e-08
9.40000000e-01 8.10000000e-01 7.25204636e-08
9.50000000e-01 8.10000000e-01 5.80202632e-08
9.60000000e-01 8.10000000e-01 4.61894761e-08
9.70000000e-01 8.10000000e-01 3.65890206e-08
9.80000000e-01 8.10000000e-01 2.88405121e-08
9.90000000e-01 8.10000000e-01 2.26203560e-08
1.00000000e+00 8.10000000e-01 1.76538657e-08
0.00000000e+00 8.20000000e-01 1.29096371e-08
1.00000000e-02 8.20000000e-01 1.65536416e-08
2.00000000e-02 8.20000000e-01 2.11209520e-08
3.00000000e-02 8.20000000e-01 2.68147284e-08
4.00000000e-02 8.20000000e-01 3.38744797e-08
5.00000000e-02 8.20000000e-01 4.25804612e-08
6.00000000e-02 8.20000000e-01 5.32580955e-08
7.00000000e-02 8.20000000e-01 6.62822710e-08
8.00000000e-02 8.20000000e-01 8.20813426e-08
9.00000000e-02 8.20000000e-01 1.01140622e-07
1.00000000e-01 8.20000000e-01 1.24005117e-07
1.10000000e-01 8.20000000e-01 1.51281245e-07
1.20000000e-01 8.20000000e-01 1.83637224e-07
1.30000000e-01 8.20000000e-01 2.21801827e-07
1.40000000e-01 8.20000000e-01 2.66561184e-07
1.50000000e-01 8.20000000e-01 3.18753307e-07
1.60000000e-01 8.20000000e-01 3.79260056e-07
1.70000000e-01 8.20000000e-01 4.48996284e-07
1.80000000e-01 8.20000000e-01 5.28895973e-07
1.90000000e-01 8.20000000e-01 6.19895232e-07
2.00000000e-01 8.20000000e-01 7.22912159e-07
2.10000000e-01 8.20000000e-01 8.38823635e-07
2.20000000e-01 8.20000000e-01 9.68439316e-07
2.30000000e-01 8.20000000e-01 1.11247318e-06
2.40000000e-01 8.20000000e-01 1.27151318e-06
2.50000000e-01 8.20000000e-01 1.44598969e-06
2.60000000e-01 8.20000000e-01 1.63614358e-06
2.70000000e-01 8.20000000e-01 1.84199493e-06
2.80000000e-01 8.20000000e-01 2.06331348e-06
2.90000000e-01 8.20000000e-01 2.29959191e-06
3.00000000e-01 8.20000000e-01 2.55002338e-06
3.10000000e-01 8.20000000e-01 2.81348429e-06
3.20000000e-01 8.20000000e-01 3.08852366e-06
3.30000000e-01 8.20000000e-01 3.37336001e-06
3.40000000e-01 8.20000000e-01 3.66588678e-06
3.50000000e-01 8.20000000e-01 3.96368679e-06
3.60000000e-01 8.20000000e-01 4.26405625e-06
3.70000000e-01 8.20000000e-01 4.56403834e-06
3.80000000e-01 8.20000000e-01 4.86046608e-06
3.90000000e-01 8.20000000e-01 5.15001380e-06
4.00000000e-01 8.20000000e-01 5.42925633e-06
4.10000000e-01 8.20000000e-01 5.69473438e-06
4.20000000e-01 8.20000000e-01 5.94302464e-06
4.30000000e-01 8.20000000e-01 6.17081242e-06
4.40000000e-01 8.20000000e-01 6.37496496e-06
4.50000000e-01 8.20000000e-01 6.55260296e-06
4.60000000e-01 8.20000000e-01 6.70116817e-06
4.70000000e-01 8.20000000e-01 6.81848473e-06
4.80000000e-01 8.20000000e-01 6.90281230e-06
4.90000000e-01 8.20000000e-01 6.95288909e-06
5.00000000e-01 8.20000000e-01 6.96796335e-06
5.10000000e-01 8.20000000e-01 6.94781215e-06
5.20000000e-01 8.20000000e-01 6.89274688e-06
5.30000000e-01 8.20000000e-01 6.80360522e-06
5.40000000e-01 8.20000000e-01 6.68172990e-06
5.50000000e-01 8.20000000e-01 6.52893494e-06
5.60000000e-01 8.20000000e-01 6.34746073e-06
5.70000000e-01 8.20000000e-01 6.13991925e-06
5.80000000e-01 8.20000000e-01 5.90923154e-06
5.90000000e-01 8.20000000e-01 5.65855935e-06
6.00000000e-01 8.20000000e-01 5.39123334e-06
6.10000000e-01 8.20000000e-01 5.11067995e-06
6.20000000e-01 8.20000000e-01 4.82034929e-06
6.30000000e-01 8.20000000e-01 4.52364606e-06
6.40000000e-01 8.20000000e-01 4.22386541e-06
6.50000000e-01 8.20000000e-01 3.92413534e-06
6.60000000e-01 8.20000000e-01 3.62736689e-06
6.70000000e-01 8.20000000e-01 3.33621308e-06
6.80000000e-01 8.20000000e-01 3.05303716e-06
6.90000000e-01 8.20000000e-01 2.77989040e-06
7.00000000e-01 8.20000000e-01 2.51849923e-06
7.10000000e-01 8.20000000e-01 2.27026137e-06
7.20000000e-01 8.20000000e-01 2.03625015e-06
7.30000000e-01 8.20000000e-01 1.81722626e-06
7.40000000e-01 8.20000000e-01 1.61365568e-06
7.50000000e-01 8.20000000e-01 1.42573280e-06
7.60000000e-01 8.20000000e-01 1.25340733e-06
7.70000000e-01 8.20000000e-01 1.09641399e-06
7.80000000e-01 8.20000000e-01 9.54303656e-07
7.90000000e-01 8.20000000e-01 8.26475017e-07
8.00000000e-01 8.20000000e-01 7.12205673e-07
8.10000000e-01 8.20000000e-01 6.10681990e-07
8.20000000e-01 8.20000000e-01 5.21026967e-07
8.30000000e-01 8.20000000e-01 4.42325626e-07
8.40000000e-01 8.20000000e-01 3.73647598e-07
8.50000000e-01 8.20000000e-01 3.14066668e-07
8.60000000e-01 8.20000000e-01 2.62677207e-07
8.70000000e-01 8.20000000e-01 2.18607532e-07
8.80000000e-01 8.20000000e-01 1.81030310e-07
8.90000000e-01 8.20000000e-01 1.49170218e-07
9.00000000e-01 8.20000000e-01 1.22309097e-07
9.10000000e-01 8.20000000e-01 9.97889133e-08
9.20000000e-01 8.20000000e-01 8.10128179e-08
9.30000000e-01 8.20000000e-01 6.54446316e-08
9.40000000e-01 8.20000000e-01 5.26070551e-08
9.50000000e-01 8.20000000e-01 4.20788972e-08
9.60000000e-01 8.20000000e-01 3.34915842e-08
9.70000000e-01 8.20000000e-01 2.65251868e-08
9.80000000e-01 8.20000000e-01 2.09041682e-08
9.90000000e-01 8.20000000e-01 1.63930236e-08
1.00000000e+00 8.20000000e-01 1.27919510e-08
0.00000000e+00 8.30000000e-01 9.28681917e-09
1.00000000e-02 8.30000000e-01 1.19118272e-08
2.00000000e-02 8.30000000e-01 1.52031764e-08
3.00000000e-02 8.30000000e-01 1.93078546e-08
4.00000000e-02 8.30000000e-01 2.43992461e-08
5.00000000e-02 8.30000000e-01 3.06803496e-08
6.00000000e-02 8.30000000e-01 3.83870169e-08
7.00000000e-02 8.30000000e-01 4.77911114e-08
8.00000000e-02 8.30000000e-01 5.92034554e-08
9.00000000e-02 8.30000000e-01 7.29764136e-08
1.00000000e-01 8.30000000e-01 8.95059354e-08
1.10000000e-01 8.30000000e-01 1.09232858e-07
1.20000000e-01 8.30000000e-01 1.32643248e-07
1.30000000e-01 8.30000000e-01 1.60267561e-07
1.40000000e-01 8.30000000e-01 1.92678370e-07
1.50000000e-01 8.30000000e-01 2.30486442e-07
1.60000000e-01 8.30000000e-01 2.74334939e-07
1.70000000e-01 8.30000000e-01 3.24891560e-07
1.80000000e-01 8.30000000e-01 3.82838473e-07
1.90000000e-01 8.30000000e-01 4.48859949e-07
2.00000000e-01 8.30000000e-01 5.23627679e-07
2.10000000e-01 8.30000000e-01 6.07783849e-07
2.20000000e-01 8.30000000e-01 7.01922131e-07
2.30000000e-01 8.30000000e-01 8.06566868e-07
2.40000000e-01 8.30000000e-01 9.22150852e-07
2.50000000e-01 8.30000000e-01 1.04899219e-06
2.60000000e-01 8.30000000e-01 1.18727089e-06
2.70000000e-01 8.30000000e-01 1.33700585e-06
2.80000000e-01 8.30000000e-01 1.49803316e-06
2.90000000e-01 8.30000000e-01 1.66998642e-06
3.00000000e-01 8.30000000e-01 1.85228017e-06
3.10000000e-01 8.30000000e-01 2.04409712e-06
3.20000000e-01 8.30000000e-01 2.24438031e-06
3.30000000e-01 8.30000000e-01 2.45183067e-06
3.40000000e-01 8.30000000e-01 2.66491092e-06
3.50000000e-01 8.30000000e-01 2.88185608e-06
3.60000000e-01 8.30000000e-01 3.10069101e-06
3.70000000e-01 8.30000000e-01 3.31925503e-06
3.80000000e-01 8.30000000e-01 3.53523325e-06
3.90000000e-01 8.30000000e-01 3.74619444e-06
4.00000000e-01 8.30000000e-01 3.94963437e-06
4.10000000e-01 8.30000000e-01 4.14302383e-06
4.20000000e-01 8.30000000e-01 4.32386009e-06
4.30000000e-01 8.30000000e-01 4.48972023e-06
4.40000000e-01 8.30000000e-01 4.63831492e-06
4.50000000e-01 8.30000000e-01 4.76754093e-06
4.60000000e-01 8.30000000e-01 4.87553069e-06
4.70000000e-01 8.30000000e-01 4.96069727e-06
4.80000000e-01 8.30000000e-01 5.02177327e-06
4.90000000e-01 8.30000000e-01 5.05784225e-06
5.00000000e-01 8.30000000e-01 5.06836168e-06
5.10000000e-01 8.30000000e-01 5.05317657e-06
5.20000000e-01 8.30000000e-01 5.01252321e-06
5.30000000e-01 8.30000000e-01 4.94702308e-06
5.40000000e-01 8.30000000e-01 4.85766701e-06
5.50000000e-01 8.30000000e-01 4.74579014e-06
5.60000000e-01 8.30000000e-01 4.61303868e-06
5.70000000e-01 8.30000000e-01 4.46132957e-06
5.80000000e-01 8.30000000e-01 4.29280441e-06
5.90000000e-01 8.30000000e-01 4.10977916e-06
6.00000000e-01 8.30000000e-01 3.91469144e-06
6.10000000e-01 8.30000000e-01 3.71004683e-06
6.20000000e-01 8.30000000e-01 3.49836612e-06
6.30000000e-01 8.30000000e-01 3.28213472e-06
6.40000000e-01 8.30000000e-01 3.06375584e-06
6.50000000e-01 8.30000000e-01 2.84550851e-06
6.60000000e-01 8.30000000e-01 2.62951134e-06
6.70000000e-01 8.30000000e-01 2.41769283e-06
6.80000000e-01 8.30000000e-01 2.21176839e-06
6.90000000e-01 8.30000000e-01 2.01322450e-06
7.00000000e-01 8.30000000e-01 1.82330964e-06
7.10000000e-01 8.30000000e-01 1.64303181e-06
7.20000000e-01 8.30000000e-01 1.47316210e-06
7.30000000e-01 8.30000000e-01 1.31424357e-06
7.40000000e-01 8.30000000e-01 1.16660463e-06
7.50000000e-01 8.30000000e-01 1.03037621e-06
7.60000000e-01 8.30000000e-01 9.05511666e-07
7.70000000e-01 8.30000000e-01 7.91808551e-07
7.80000000e-01 8.30000000e-01 6.88931533e-07
7.90000000e-01 8.30000000e-01 5.96435533e-07
8.00000000e-01 8.30000000e-01 5.13788473e-07
8.10000000e-01 8.30000000e-01 4.40393027e-07
8.20000000e-01 8.30000000e-01 3.75606898e-07
8.30000000e-01 8.30000000e-01 3.18761260e-07
8.40000000e-01 8.30000000e-01 2.69177119e-07
8.50000000e-01 8.30000000e-01 2.26179445e-07
8.60000000e-01 8.30000000e-01 1.89109015e-07
8.70000000e-01 8.30000000e-01 1.57332020e-07
8.80000000e-01 8.30000000e-01 1.30247508e-07
8.90000000e-01 8.30000000e-01 1.07292834e-07
9.00000000e-01 8.30000000e-01 8.79473017e-08
9.10000000e-01 8.30000000e-01 7.17342002e-08
9.20000000e-01 8.30000000e-01 5.82214868e-08
9.30000000e-01 8.30000000e-01 4.70213250e-08
9.40000000e-01 8.30000000e-01 3.77887141e-08
9.50000000e-01 8.30000000e-01 3.02194149e-08
9.60000000e-01 8.30000000e-01 2.40473672e-08
9.70000000e-01 8.30000000e-01 1.90417673e-08
9.80000000e-01 8.30000000e-01 1.50039532e-08
9.90000000e-01 8.30000000e-01 1.17642201e-08
1.00000000e+00 8.30000000e-01 9.17866627e-09
0.00000000e+00 8.40000000e-01 6.61543002e-09
1.00000000e-02 8.40000000e-01 8.48782153e-09
2.00000000e-02 8.40000000e-01 1.08363454e-08
3.00000000e-02 8.40000000e-01 1.37662832e-08
4.00000000e-02 8.40000000e-01 1.74018907e-08
5.00000000e-02 8.40000000e-01 2.18887253e-08
6.00000000e-02 8.40000000e-01 2.73959957e-08
7.00000000e-02 8.40000000e-01 3.41188555e-08
8.00000000e-02 8.40000000e-01 4.22805504e-08
9.00000000e-02 8.40000000e-01 5.21343090e-08
1.00000000e-01 8.40000000e-01 6.39648462e-08
1.10000000e-01 8.40000000e-01 7.80893395e-08
1.20000000e-01 8.40000000e-01 9.48577162e-08
1.30000000e-01 8.40000000e-01 1.14652087e-07
1.40000000e-01 8.40000000e-01 1.37885154e-07
1.50000000e-01 8.40000000e-01 1.64997422e-07
1.60000000e-01 8.40000000e-01 1.96453058e-07
1.70000000e-01 8.40000000e-01 2.32734256e-07
1.80000000e-01 8.40000000e-01 2.74334001e-07
1.90000000e-01 8.40000000e-01 3.21747170e-07
2.00000000e-01 8.40000000e-01 3.75459937e-07
2.10000000e-01 8.40000000e-01 4.35937558e-07
2.20000000e-01 8.40000000e-01 5.03610622e-07
2.30000000e-01 8.40000000e-01 5.78859991e-07
2.40000000e-01 8.40000000e-01 6.62000698e-07
2.50000000e-01 8.40000000e-01 7.53265176e-07
2.60000000e-01 8.40000000e-01 8.52786254e-07
2.70000000e-01 8.40000000e-01 9.60580461e-07
2.80000000e-01 8.40000000e-01 1.07653221e-06
2.90000000e-01 8.40000000e-01 1.20037952e-06
3.00000000e-01 8.40000000e-01 1.33170185e-06
3.10000000e-01 8.40000000e-01 1.46991089e-06
3.20000000e-01 8.40000000e-01 1.61424466e-06
3.30000000e-01 8.40000000e-01 1.76376580e-06
3.40000000e-01 8.40000000e-01 1.91736423e-06
3.50000000e-01 8.40000000e-01 2.07376477e-06
3.60000000e-01 8.40000000e-01 2.23153983e-06
3.70000000e-01 8.40000000e-01 2.38912720e-06
3.80000000e-01 8.40000000e-01 2.54485282e-06
3.90000000e-01 8.40000000e-01 2.69695816e-06
4.00000000e-01 8.40000000e-01 2.84363179e-06
4.10000000e-01 8.40000000e-01 2.98304417e-06
4.20000000e-01 8.40000000e-01 3.11338502e-06
4.30000000e-01 8.40000000e-01 3.23290204e-06
4.40000000e-01 8.40000000e-01 3.33994000e-06
4.50000000e-01 8.40000000e-01 3.43297879e-06
4.60000000e-01 8.40000000e-01 3.51066941e-06
4.70000000e-01 8.40000000e-01 3.57186655e-06
4.80000000e-01 8.40000000e-01 3.61565679e-06
4.90000000e-01 8.40000000e-01 3.64138133e-06
5.00000000e-01 8.40000000e-01 3.64865252e-06
5.10000000e-01 8.40000000e-01 3.63736362e-06
5.20000000e-01 8.40000000e-01 3.60769138e-06
5.30000000e-01 8.40000000e-01 3.56009144e-06
5.40000000e-01 8.40000000e-01 3.49528665e-06
5.50000000e-01 8.40000000e-01 3.41424877e-06
5.60000000e-01 8.40000000e-01 3.31817414e-06
5.70000000e-01 8.40000000e-01 3.20845430e-06
5.80000000e-01 8.40000000e-01 3.08664237e-06
5.90000000e-01 8.40000000e-01 2.95441655e-06
6.00000000e-01 8.40000000e-01 2.81354176e-06
6.10000000e-01 8.40000000e-01 2.66583076e-06
6.20000000e-01 8.40000000e-01 2.51310582e-06
6.30000000e-01 8.40000000e-01 2.35716219e-06
6.40000000e-01 8.40000000e-01 2.19973424e-06
6.50000000e-01 8.40000000e-01 2.04246517e-06
6.60000000e-01 8.40000000e-01 1.88688096e-06
6.70000000e-01 8.40000000e-01 1.73436904e-06
6.80000000e-01 8.40000000e-01 1.58616191e-06
6.90000000e-01 8.40000000e-01 1.44332588e-06
7.00000000e-01 8.40000000e-01 1.30675477e-06
7.10000000e-01 8.40000000e-01 1.17716837e-06
7.20000000e-01 8.40000000e-01 1.05511526e-06
7.30000000e-01 8.40000000e-01 9.40979418e-07
7.40000000e-01 8.40000000e-01 8.34990138e-07
7.50000000e-01 8.40000000e-01 7.37234597e-07
7.60000000e-01 8.40000000e-01 6.47672373e-07
7.70000000e-01 8.40000000e-01 5.66151318e-07
7.80000000e-01 8.40000000e-01 4.92424167e-07
7.90000000e-01 8.40000000e-01 4.26165303e-07
8.00000000e-01 8.40000000e-01 3.66987207e-07
8.10000000e-01 8.40000000e-01 3.14456139e-07
8.20000000e-01 8.40000000e-01 2.68106751e-07
8.30000000e-01 8.40000000e-01 2.27455335e-07
8.40000000e-01 8.40000000e-01 1.92011560e-07
8.50000000e-01 8.40000000e-01 1.61288584e-07
8.60000000e-01 8.40000000e-01 1.34811513e-07
8.70000000e-01 8.40000000e-01 1.12124236e-07
8.80000000e-01 8.40000000e-01 9.27946979e-08
8.90000000e-01 8.40000000e-01 7.64187481e-08
9.00000000e-01 8.40000000e-01 6.26226766e-08
9.10000000e-01 8.40000000e-01 5.10646150e-08
9.20000000e-01 8.40000000e-01 4.14349582e-08
9.30000000e-01 8.40000000e-01 3.34559775e-08
9.40000000e-01 8.40000000e-01 2.68807856e-08
9.50000000e-01 8.40000000e-01 2.14918055e-08
9.60000000e-01 8.40000000e-01 1.70988809e-08
9.70000000e-01 8.40000000e-01 1.35371504e-08
9.80000000e-01 8.40000000e-01 1.06647904e-08
9.90000000e-01 8.40000000e-01 8.36071415e-09
1.00000000e+00 8.40000000e-01 6.52229746e-09
0.00000000e+00 8.50000000e-01 4.66666538e-09
1.00000000e-02 8.50000000e-01 5.98914799e-09
2.00000000e-02 8.50000000e-01 7.64848610e-09
3.00000000e-02 8.50000000e-01 9.71933280e-09
4.00000000e-02 8.50000000e-01 1.22898396e-08
5.00000000e-02 8.50000000e-01 1.54633236e-08
6.00000000e-02 8.50000000e-01 1.93599511e-08
7.00000000e-02 8.50000000e-01 2.41183867e-08
8.00000000e-02 8.50000000e-01 2.98973395e-08
9.00000000e-02 8.50000000e-01 3.68769295e-08
1.00000000e-01 8.50000000e-01 4.52597824e-08
1.10000000e-01 8.50000000e-01 5.52717492e-08
1.20000000e-01 8.50000000e-01 6.71621380e-08
1.30000000e-01 8.50000000e-01 8.12033378e-08
1.40000000e-01 8.50000000e-01 9.76897107e-08
1.50000000e-01 8.50000000e-01 1.16935631e-07
1.60000000e-01 8.50000000e-01 1.39272554e-07
1.70000000e-01 8.50000000e-01 1.65045022e-07
1.80000000e-01 8.50000000e-01 1.94605514e-07
1.90000000e-01 8.50000000e-01 2.28308101e-07
2.00000000e-01 8.50000000e-01 2.66500895e-07
2.10000000e-01 8.50000000e-01 3.09517314e-07
2.20000000e-01 8.50000000e-01 3.57666250e-07
2.30000000e-01 8.50000000e-01 4.11221290e-07
2.40000000e-01 8.50000000e-01 4.70409173e-07
2.50000000e-01 8.50000000e-01 5.35397762e-07
2.60000000e-01 8.50000000e-01 6.06283840e-07
2.70000000e-01 8.50000000e-01 6.83081113e-07
2.80000000e-01 8.50000000e-01 7.65708840e-07
2.90000000e-01 8.50000000e-01 8.53981537e-07
3.00000000e-01 8.50000000e-01 9.47600247e-07
3.10000000e-01 8.50000000e-01 1.04614583e-06
3.20000000e-01 8.50000000e-01 1.14907474e-06
3.30000000e-01 8.50000000e-01 1.25571771e-06
3.40000000e-01 8.50000000e-01 1.36528162e-06
3.50000000e-01 8.50000000e-01 1.47685498e-06
3.60000000e-01 8.50000000e-01 1.58941692e-06
3.70000000e-01 8.50000000e-01 1.70185001e-06
3.80000000e-01 8.50000000e-01 1.81295653e-06
3.90000000e-01 8.50000000e-01 1.92147818e-06
4.00000000e-01 8.50000000e-01 2.02611869e-06
4.10000000e-01 8.50000000e-01 2.12556880e-06
4.20000000e-01 8.50000000e-01 2.21853311e-06
4.30000000e-01 8.50000000e-01 2.30375793e-06
4.40000000e-01 8.50000000e-01 2.38005922e-06
4.50000000e-01 8.50000000e-01 2.44635004e-06
4.60000000e-01 8.50000000e-01 2.50166629e-06
4.70000000e-01 8.50000000e-01 2.54519010e-06
4.80000000e-01 8.50000000e-01 2.57627006e-06
4.90000000e-01 8.50000000e-01 2.59443740e-06
5.00000000e-01 8.50000000e-01 2.59941790e-06
5.10000000e-01 8.50000000e-01 2.59113870e-06
5.20000000e-01 8.50000000e-01 2.56973013e-06
5.30000000e-01 8.50000000e-01 2.53552226e-06
5.40000000e-01 8.50000000e-01 2.48903642e-06
5.50000000e-01 8.50000000e-01 2.43097193e-06
5.60000000e-01 8.50000000e-01 2.36218857e-06
5.70000000e-01 8.50000000e-01 2.28368534e-06
5.80000000e-01 8.50000000e-01 2.19657631e-06
5.90000000e-01 8.50000000e-01 2.10206435e-06
6.00000000e-01 8.50000000e-01 2.00141355e-06
6.10000000e-01 8.50000000e-01 1.89592132e-06
6.20000000e-01 8.50000000e-01 1.78689095e-06
6.30000000e-01 8.50000000e-01 1.67560543e-06
6.40000000e-01 8.50000000e-01 1.56330324e-06
6.50000000e-01 8.50000000e-01 1.45115673e-06
6.60000000e-01 8.50000000e-01 1.34025362e-06
6.70000000e-01 8.50000000e-01 1.23158177e-06
6.80000000e-01 8.50000000e-01 1.12601766e-06
6.90000000e-01 8.50000000e-01 1.02431846e-06
7.00000000e-01 8.50000000e-01 9.27117676e-07
7.10000000e-01 8.50000000e-01 8.34924246e-07
7.20000000e-01 8.50000000e-01 7.48124655e-07
7.30000000e-01 8.50000000e-01 6.66987861e-07
7.40000000e-01 8.50000000e-01 5.91672505e-07
7.50000000e-01 8.50000000e-01 5.22236005e-07
7.60000000e-01 8.50000000e-01 4.58645035e-07
7.70000000e-01 8.50000000e-01 4.00786953e-07
7.80000000e-01 8.50000000e-01 3.48481716e-07
7.90000000e-01 8.50000000e-01 3.01493895e-07
8.00000000e-01 8.50000000e-01 2.59544439e-07
8.10000000e-01 8.50000000e-01 2.22321868e-07
8.20000000e-01 8.50000000e-01 1.89492688e-07
8.30000000e-01 8.50000000e-01 1.60710814e-07
8.40000000e-01 8.50000000e-01 1.35625904e-07
8.50000000e-01 8.50000000e-01 1.13890524e-07
8.60000000e-01 8.50000000e-01 9.51661268e-08
8.70000000e-01 8.50000000e-01 7.91278692e-08
8.80000000e-01 8.50000000e-01 6.54683162e-08
8.90000000e-01 8.50000000e-01 5.39001257e-08
9.00000000e-01 8.50000000e-01 4.41578066e-08
9.10000000e-01 8.50000000e-01 3.59986673e-08
9.20000000e-01 8.50000000e-01 2.92030739e-08
9.30000000e-01 8.50000000e-01 2.35741370e-08
9.40000000e-01 8.50000000e-01 1.89369427e-08
9.50000000e-01 8.50000000e-01 1.51374363e-08
9.60000000e-01 8.50000000e-01 1.20410563e-08
9.70000000e-01 8.50000000e-01 9.53120540e-09
9.80000000e-01 8.50000000e-01 7.50763248e-09
9.90000000e-01 8.50000000e-01 5.88478767e-09
1.00000000e+00 8.50000000e-01 4.59019977e-09
0.00000000e+00 8.60000000e-01 3.26010242e-09
1.00000000e-02 8.60000000e-01 4.18506237e-09
2.00000000e-02 8.60000000e-01 5.34598816e-09
3.00000000e-02 8.60000000e-01 6.79528337e-09
4.00000000e-02 8.60000000e-01 8.59485587e-09
5.00000000e-02 8.60000000e-01 1.08172983e-08
6.00000000e-02 8.60000000e-01 1.35470826e-08
7.00000000e-02 8.60000000e-01 1.68817310e-08
8.00000000e-02 8.60000000e-01 2.09329172e-08
9.00000000e-02 8.60000000e-01 2.58274430e-08
1.00000000e-01 8.60000000e-01 3.17080243e-08
1.10000000e-01 8.60000000e-01 3.87338148e-08
1.20000000e-01 8.60000000e-01 4.70805864e-08
1.30000000e-01 8.60000000e-01 5.69404823e-08
1.40000000e-01 8.60000000e-01 6.85212525e-08
1.50000000e-01 8.60000000e-01 8.20448878e-08
1.60000000e-01 8.60000000e-01 9.77455681e-08
1.70000000e-01 8.60000000e-01 1.15866853e-07
1.80000000e-01 8.60000000e-01 1.36658061e-07
1.90000000e-01 8.60000000e-01 1.60369794e-07
2.00000000e-01 8.60000000e-01 1.87248603e-07
2.10000000e-01 8.60000000e-01 2.17530818e-07
2.20000000e-01 8.60000000e-01 2.51435587e-07
2.30000000e-01 8.60000000e-01 2.89157246e-07
2.40000000e-01 8.60000000e-01 3.30857138e-07
2.50000000e-01 8.60000000e-01 3.76655075e-07
2.60000000e-01 8.60000000e-01 4.26620683e-07
2.70000000e-01 8.60000000e-01 4.80764872e-07
2.80000000e-01 8.60000000e-01 5.39031754e-07
2.90000000e-01 8.60000000e-01 6.01291316e-07
3.00000000e-01 8.60000000e-01 6.67333198e-07
3.10000000e-01 8.60000000e-01 7.36861904e-07
3.20000000e-01 8.60000000e-01 8.09493774e-07
3.30000000e-01 8.60000000e-01 8.84756013e-07
3.40000000e-01 8.60000000e-01 9.62088017e-07
3.50000000e-01 8.60000000e-01 1.04084519e-06
3.60000000e-01 8.60000000e-01 1.12030537e-06
3.70000000e-01 8.60000000e-01 1.19967785e-06
3.80000000e-01 8.60000000e-01 1.27811495e-06
3.90000000e-01 8.60000000e-01 1.35472602e-06
4.00000000e-01 8.60000000e-01 1.42859342e-06
4.10000000e-01 8.60000000e-01 1.49879036e-06
4.20000000e-01 8.60000000e-01 1.56439987e-06
4.30000000e-01 8.60000000e-01 1.62453463e-06
4.40000000e-01 8.60000000e-01 1.67835681e-06
4.50000000e-01 8.60000000e-01 1.72509750e-06
4.60000000e-01 8.60000000e-01 1.76407505e-06
4.70000000e-01 8.60000000e-01 1.79471162e-06
4.80000000e-01 8.60000000e-01 1.81654750e-06
4.90000000e-01 8.60000000e-01 1.82925261e-06
5.00000000e-01 8.60000000e-01 1.83263485e-06
5.10000000e-01 8.60000000e-01 1.82664493e-06
5.20000000e-01 8.60000000e-01 1.81137758e-06
5.30000000e-01 8.60000000e-01 1.78706903e-06
5.40000000e-01 8.60000000e-01 1.75409093e-06
5.50000000e-01 8.60000000e-01 1.71294084e-06
5.60000000e-01 8.60000000e-01 1.66422975e-06
5.70000000e-01 8.60000000e-01 1.60866691e-06
5.80000000e-01 8.60000000e-01 1.54704265e-06
5.90000000e-01 8.60000000e-01 1.48020970e-06
6.00000000e-01 8.60000000e-01 1.40906359e-06
6.10000000e-01 8.60000000e-01 1.33452289e-06
6.20000000e-01 8.60000000e-01 1.25750968e-06
6.30000000e-01 8.60000000e-01 1.17893108e-06
6.40000000e-01 8.60000000e-01 1.09966207e-06
6.50000000e-01 8.60000000e-01 1.02053030e-06
6.60000000e-01 8.60000000e-01 9.42302966e-07
6.70000000e-01 8.60000000e-01 8.65676155e-07
6.80000000e-01 8.60000000e-01 7.91266767e-07
6.90000000e-01 8.60000000e-01 7.19607001e-07
7.00000000e-01 8.60000000e-01 6.51141384e-07
7.10000000e-01 8.60000000e-01 5.86226209e-07
7.20000000e-01 8.60000000e-01 5.25131162e-07
7.30000000e-01 8.60000000e-01 4.68042887e-07
7.40000000e-01 8.60000000e-01 4.15070179e-07
7.50000000e-01 8.60000000e-01 3.66250486e-07
7.60000000e-01 8.60000000e-01 3.21557390e-07
7.70000000e-01 8.60000000e-01 2.80908729e-07
7.80000000e-01 8.60000000e-01 2.44175059e-07
7.90000000e-01 8.60000000e-01 2.11188171e-07
8.00000000e-01 8.60000000e-01 1.81749409e-07
8.10000000e-01 8.60000000e-01 1.55637578e-07
8.20000000e-01 8.60000000e-01 1.32616288e-07
8.30000000e-01 8.60000000e-01 1.12440589e-07
8.40000000e-01 8.60000000e-01 9.48628298e-08
8.50000000e-01 8.60000000e-01 7.96376797e-08
8.60000000e-01 8.60000000e-01 6.65263173e-08
8.70000000e-01 8.60000000e-01 5.52997897e-08
8.80000000e-01 8.60000000e-01 4.57415920e-08
8.90000000e-01 8.60000000e-01 3.76495235e-08
9.00000000e-01 8.60000000e-01 3.08368940e-08
9.10000000e-01 8.60000000e-01 2.51331621e-08
9.20000000e-01 8.60000000e-01 2.03840887e-08
9.30000000e-01 8.60000000e-01 1.64514925e-08
9.40000000e-01 8.60000000e-01 1.32126874e-08
9.50000000e-01 8.60000000e-01 1.05596790e-08
9.60000000e-01 8.60000000e-01 8.39818849e-09
9.70000000e-01 8.60000000e-01 6.64656552e-09
9.80000000e-01 8.60000000e-01 5.23464102e-09
9.90000000e-01 8.60000000e-01 4.10256379e-09
1.00000000e+00 8.60000000e-01 3.19965508e-09
0.00000000e+00 8.70000000e-01 2.25553334e-09
1.00000000e-02 8.70000000e-01 2.89616313e-09
2.00000000e-02 8.70000000e-01 3.70045514e-09
3.00000000e-02 8.70000000e-01 4.70482499e-09
4.00000000e-02 8.70000000e-01 5.95231116e-09
5.00000000e-02 8.70000000e-01 7.49340186e-09
6.00000000e-02 8.70000000e-01 9.38687284e-09
7.00000000e-02 8.70000000e-01 1.17006099e-08
8.00000000e-02 8.70000000e-01 1.45123844e-08
9.00000000e-02 8.70000000e-01 1.79105418e-08
1.00000000e-01 8.70000000e-01 2.19945603e-08
1.10000000e-01 8.70000000e-01 2.68754256e-08
1.20000000e-01 8.70000000e-01 3.26757680e-08
1.30000000e-01 8.70000000e-01 3.95297009e-08
1.40000000e-01 8.70000000e-01 4.75822990e-08
1.50000000e-01 8.70000000e-01 5.69886546e-08
1.60000000e-01 8.70000000e-01 6.79124555e-08
1.70000000e-01 8.70000000e-01 8.05240317e-08
1.80000000e-01 8.70000000e-01 9.49978313e-08
1.90000000e-01 8.70000000e-01 1.11509299e-07
2.00000000e-01 8.70000000e-01 1.30231151e-07
2.10000000e-01 8.70000000e-01 1.51329056e-07
2.20000000e-01 8.70000000e-01 1.74956769e-07
2.30000000e-01 8.70000000e-01 2.01250781e-07
2.40000000e-01 8.70000000e-01 2.30324587e-07
2.50000000e-01 8.70000000e-01 2.62262699e-07
2.60000000e-01 8.70000000e-01 2.97114566e-07
2.70000000e-01 8.70000000e-01 3.34888585e-07
2.80000000e-01 8.70000000e-01 3.75546416e-07
2.90000000e-01 8.70000000e-01 4.18997835e-07
3.00000000e-01 8.70000000e-01 4.65096340e-07
3.10000000e-01 8.70000000e-01 5.13635784e-07
3.20000000e-01 8.70000000e-01 5.64348222e-07
3.30000000e-01 8.70000000e-01 6.16903217e-07
3.40000000e-01 8.70000000e-01 6.70908752e-07
3.50000000e-01 8.70000000e-01 7.25913892e-07
3.60000000e-01 8.70000000e-01 7.81413276e-07
3.70000000e-01 8.70000000e-01 8.36853452e-07
3.80000000e-01 8.70000000e-01 8.91640992e-07
3.90000000e-01 8.70000000e-01 9.45152295e-07
4.00000000e-01 8.70000000e-01 9.96744843e-07
4.10000000e-01 8.70000000e-01 1.04576968e-06
4.20000000e-01 8.70000000e-01 1.09158480e-06
4.30000000e-01 8.70000000e-01 1.13356896e-06
4.40000000e-01 8.70000000e-01 1.17113574e-06
4.50000000e-01 8.70000000e-01 1.20374708e-06
4.60000000e-01 8.70000000e-01 1.23092621e-06
4.70000000e-01 8.70000000e-01 1.25226921e-06
4.80000000e-01 8.70000000e-01 1.26745509e-06
4.90000000e-01 8.70000000e-01 1.27625383e-06
5.00000000e-01 8.70000000e-01 1.27853219e-06
5.10000000e-01 8.70000000e-01 1.27425709e-06
5.20000000e-01 8.70000000e-01 1.26349639e-06
5.30000000e-01 8.70000000e-01 1.24641714e-06
5.40000000e-01 8.70000000e-01 1.22328119e-06
5.50000000e-01 8.70000000e-01 1.19443851e-06
5.60000000e-01 8.70000000e-01 1.16031840e-06
5.70000000e-01 8.70000000e-01 1.12141877e-06
5.80000000e-01 8.70000000e-01 1.07829407e-06
5.90000000e-01 8.70000000e-01 1.03154215e-06
6.00000000e-01 8.70000000e-01 9.81790507e-07
6.10000000e-01 8.70000000e-01 9.29682399e-07
6.20000000e-01 8.70000000e-01 8.75863169e-07
6.30000000e-01 8.70000000e-01 8.20967278e-07
6.40000000e-01 8.70000000e-01 7.65606332e-07
6.50000000e-01 8.70000000e-01 7.10358419e-07
6.60000000e-01 8.70000000e-01 6.55758987e-07
6.70000000e-01 8.70000000e-01 6.02293431e-07
6.80000000e-01 8.70000000e-01 5.50391479e-07
6.90000000e-01 8.70000000e-01 5.00423398e-07
7.00000000e-01 8.70000000e-01 4.52697981e-07
7.10000000e-01 8.70000000e-01 4.07462214e-07
7.20000000e-01 8.70000000e-01 3.64902486e-07
7.30000000e-01 8.70000000e-01 3.25147135e-07
7.40000000e-01 8.70000000e-01 2.88270140e-07
7.50000000e-01 8.70000000e-01 2.54295721e-07
7.60000000e-01 8.70000000e-01 2.23203605e-07
7.70000000e-01 8.70000000e-01 1.94934744e-07
7.80000000e-01 8.70000000e-01 1.69397254e-07
7.90000000e-01 8.70000000e-01 1.46472379e-07
8.00000000e-01 8.70000000e-01 1.26020320e-07
8.10000000e-01 8.70000000e-01 1.07885757e-07
8.20000000e-01 8.70000000e-01 9.19029733e-08
8.30000000e-01 8.70000000e-01 7.79004804e-08
8.40000000e-01 8.70000000e-01 6.57050916e-08
8.50000000e-01 8.70000000e-01 5.51454126e-08
8.60000000e-01 8.70000000e-01 4.60547416e-08
8.70000000e-01 8.70000000e-01 3.82733934e-08
8.80000000e-01 8.70000000e-01 3.16504762e-08
8.90000000e-01 8.70000000e-01 2.60451645e-08
9.00000000e-01 8.70000000e-01 2.13275204e-08
9.10000000e-01 8.70000000e-01 1.73789186e-08
9.20000000e-01 8.70000000e-01 1.40921366e-08
9.30000000e-01 8.70000000e-01 1.13711687e-08
9.40000000e-01 8.70000000e-01 9.13082047e-09
9.50000000e-01 8.70000000e-01 7.29613816e-09
9.60000000e-01 8.70000000e-01 5.80171945e-09
9.70000000e-01 8.70000000e-01 4.59094909e-09
9.80000000e-01 8.70000000e-01 3.61519466e-09
9.90000000e-01 8.70000000e-01 2.83299250e-09
1.00000000e+00 8.70000000e-01 2.20924774e-09
0.00000000e+00 8.80000000e-01 1.54552768e-09
1.00000000e-02 8.80000000e-01 1.98492078e-09
2.00000000e-02 8.80000000e-01 2.53670850e-09
3.00000000e-02 8.80000000e-01 3.22594175e-09
4.00000000e-02 8.80000000e-01 4.08223861e-09
5.00000000e-02 8.80000000e-01 5.14035718e-09
6.00000000e-02 8.80000000e-01 6.44077665e-09
7.00000000e-02 8.80000000e-01 8.03026855e-09
8.00000000e-02 8.80000000e-01 9.96243617e-09
9.00000000e-02 8.80000000e-01 1.22981952e-08
1.00000000e-01 8.80000000e-01 1.51061645e-08
1.10000000e-01 8.80000000e-01 1.84629312e-08
1.20000000e-01 8.80000000e-01 2.24531524e-08
1.30000000e-01 8.80000000e-01 2.71694498e-08
1.40000000e-01 8.80000000e-01 3.27120565e-08
1.50000000e-01 8.80000000e-01 3.91881717e-08
1.60000000e-01 8.80000000e-01 4.67109842e-08
1.70000000e-01 8.80000000e-01 5.53983281e-08
1.80000000e-01 8.80000000e-01 6.53709421e-08
1.90000000e-01 8.80000000e-01 7.67503149e-08
2.00000000e-01 8.80000000e-01 8.96561093e-08
2.10000000e-01 8.80000000e-01 1.04203177e-07
2.20000000e-01 8.80000000e-01 1.20498186e-07
2.30000000e-01 8.80000000e-01 1.38635920e-07
2.40000000e-01 8.80000000e-01 1.58695297e-07
2.50000000e-01 8.80000000e-01 1.80735223e-07
2.60000000e-01 8.80000000e-01 2.04790367e-07
2.70000000e-01 8.80000000e-01 2.30867006e-07
2.80000000e-01 8.80000000e-01 2.58939072e-07
2.90000000e-01 8.80000000e-01 2.88944570e-07
3.00000000e-01 8.80000000e-01 3.20782526e-07
3.10000000e-01 8.80000000e-01 3.54310631e-07
3.20000000e-01 8.80000000e-01 3.89343744e-07
3.30000000e-01 8.80000000e-01 4.25653393e-07
3.40000000e-01 8.80000000e-01 4.62968400e-07
3.50000000e-01 8.80000000e-01 5.00976719e-07
3.60000000e-01 8.80000000e-01 5.39328546e-07
3.70000000e-01 8.80000000e-01 5.77640708e-07
3.80000000e-01 8.80000000e-01 6.15502293e-07
3.90000000e-01 8.80000000e-01 6.52481450e-07
4.00000000e-01 8.80000000e-01 6.88133206e-07
4.10000000e-01 8.80000000e-01 7.22008126e-07
4.20000000e-01 8.80000000e-01 7.53661593e-07
4.30000000e-01 8.80000000e-01 7.82663439e-07
4.40000000e-01 8.80000000e-01 8.08607644e-07
4.50000000e-01 8.80000000e-01 8.31121796e-07
4.60000000e-01 8.80000000e-01 8.49876007e-07
4.70000000e-01 8.80000000e-01 8.64590977e-07
4.80000000e-01 8.80000000e-01 8.75044944e-07
4.90000000e-01 8.80000000e-01 8.81079270e-07
5.00000000e-01 8.80000000e-01 8.82602455e-07
5.10000000e-01 8.80000000e-01 8.79592458e-07
5.20000000e-01 8.80000000e-01 8.72097227e-07
5.30000000e-01 8.80000000e-01 8.60233423e-07
5.40000000e-01 8.80000000e-01 8.44183390e-07
5.50000000e-01 8.80000000e-01 8.24190473e-07
5.60000000e-01 8.80000000e-01 8.00552865e-07
5.70000000e-01 8.80000000e-01 7.73616189e-07
5.80000000e-01 8.80000000e-01 7.43765080e-07
5.90000000e-01 8.80000000e-01 7.11414049e-07
6.00000000e-01 8.80000000e-01 6.76997944e-07
6.10000000e-01 8.80000000e-01 6.40962292e-07
6.20000000e-01 8.80000000e-01 6.03753846e-07
6.30000000e-01 8.80000000e-01 5.65811582e-07
6.40000000e-01 8.80000000e-01 5.27558416e-07
6.50000000e-01 8.80000000e-01 4.89393839e-07
6.60000000e-01 8.80000000e-01 4.51687617e-07
6.70000000e-01 8.80000000e-01 4.14774688e-07
6.80000000e-01 8.80000000e-01 3.78951307e-07
6.90000000e-01 8.80000000e-01 3.44472455e-07
7.00000000e-01 8.80000000e-01 3.11550488e-07
7.10000000e-01 8.80000000e-01 2.80354944e-07
7.20000000e-01 8.80000000e-01 2.51013414e-07
7.30000000e-01 8.80000000e-01 2.23613350e-07
7.40000000e-01 8.80000000e-01 1.98204651e-07
7.50000000e-01 8.80000000e-01 1.74802870e-07
7.60000000e-01 8.80000000e-01 1.53392888e-07
7.70000000e-01 8.80000000e-01 1.33932888e-07
7.80000000e-01 8.80000000e-01 1.16358473e-07
7.90000000e-01 8.80000000e-01 1.00586809e-07
8.00000000e-01 8.80000000e-01 8.65206500e-08
8.10000000e-01 8.80000000e-01 7.40521612e-08
8.20000000e-01 8.80000000e-01 6.30664561e-08
8.30000000e-01 8.80000000e-01 5.34447854e-08
8.40000000e-01 8.80000000e-01 4.50673420e-08
8.50000000e-01 8.80000000e-01 3.78156611e-08
8.60000000e-01 8.80000000e-01 3.15746103e-08
8.70000000e-01 8.80000000e-01 2.62339811e-08
8.80000000e-01 8.80000000e-01 2.16897020e-08
8.90000000e-01 8.80000000e-01 1.78447041e-08
9.00000000e-01 8.80000000e-01 1.46094747e-08
9.10000000e-01 8.80000000e-01 1.19023391e-08
9.20000000e-01 8.80000000e-01 9.64951226e-09
9.30000000e-01 8.80000000e-01 7.78496076e-09
9.40000000e-01 8.80000000e-01 6.25011553e-09
9.50000000e-01 8.80000000e-01 4.99347114e-09
9.60000000e-01 8.80000000e-01 3.97010536e-09
9.70000000e-01 8.80000000e-01 3.14114774e-09
9.80000000e-01 8.80000000e-01 2.47322203e-09
9.90000000e-01 8.80000000e-01 1.93788281e-09
1.00000000e+00 8.80000000e-01 1.51106260e-09
0.00000000e+00 8.90000000e-01 1.04888632e-09
1.00000000e-02 8.90000000e-01 1.34733580e-09
2.00000000e-02 8.90000000e-01 1.72221178e-09
3.00000000e-02 8.90000000e-01 2.19057368e-09
4.00000000e-02 8.90000000e-01 2.77259776e-09
5.00000000e-02 8.90000000e-01 3.49196959e-09
6.00000000e-02 8.90000000e-01 4.37628255e-09
7.00000000e-02 8.90000000e-01 5.45743006e-09
8.00000000e-02 8.90000000e-01 6.77197650e-09
9.00000000e-02 8.90000000e-01 8.36148843e-09
1.00000000e-01 8.90000000e-01 1.02728048e-08
1.10000000e-01 8.90000000e-01 1.25582218e-08
1.20000000e-01 8.90000000e-01 1.52755661e-08
1.30000000e-01 8.90000000e-01 1.84881268e-08
1.40000000e-01 8.90000000e-01 2.22644185e-08
1.50000000e-01 8.90000000e-01 2.66777436e-08
1.60000000e-01 8.90000000e-01 3.18055291e-08
1.70000000e-01 8.90000000e-01 3.77284099e-08
1.80000000e-01 8.90000000e-01 4.45290417e-08
1.90000000e-01 8.90000000e-01 5.22906285e-08
2.00000000e-01 8.90000000e-01 6.10951622e-08
2.10000000e-01 8.90000000e-01 7.10213786e-08
2.20000000e-01 8.90000000e-01 8.21424504e-08
2.30000000e-01 8.90000000e-01 9.45234478e-08
2.40000000e-01 8.90000000e-01 1.08218614e-07
2.50000000e-01 8.90000000e-01 1.23268517e-07
2.60000000e-01 8.90000000e-01 1.39697153e-07
2.70000000e-01 8.90000000e-01 1.57509092e-07
2.80000000e-01 8.90000000e-01 1.76686763e-07
2.90000000e-01 8.90000000e-01 1.97187991e-07
3.00000000e-01 8.90000000e-01 2.18943900e-07
3.10000000e-01 8.90000000e-01 2.41857284e-07
3.20000000e-01 8.90000000e-01 2.65801580e-07
3.30000000e-01 8.90000000e-01 2.90620516e-07
3.40000000e-01 8.90000000e-01 3.16128532e-07
3.50000000e-01 8.90000000e-01 3.42112041e-07
3.60000000e-01 8.90000000e-01 3.68331552e-07
3.70000000e-01 8.90000000e-01 3.94524681e-07
3.80000000e-01 8.90000000e-01 4.20410014e-07
3.90000000e-01 8.90000000e-01 4.45691770e-07
4.00000000e-01 8.90000000e-01 4.70065166e-07
4.10000000e-01 8.90000000e-01 4.93222361e-07
4.20000000e-01 8.90000000e-01 5.14858822e-07
4.30000000e-01 8.90000000e-01 5.34679942e-07
4.40000000e-01 8.90000000e-01 5.52407690e-07
4.50000000e-01 8.90000000e-01 5.67787103e-07
4.60000000e-01 8.90000000e-01 5.80592408e-07
4.70000000e-01 8.90000000e-01 5.90632548e-07
4.80000000e-01 8.90000000e-01 5.97755948e-07
4.90000000e-01 8.90000000e-01 6.01854338e-07
5.00000000e-01 8.90000000e-01 6.02865502e-07
5.10000000e-01 8.90000000e-01 6.00774853e-07
5.20000000e-01 8.90000000e-01 5.95615787e-07
5.30000000e-01 8.90000000e-01 5.87468790e-07
5.40000000e-01 8.90000000e-01 5.76459341e-07
5.50000000e-01 8.90000000e-01 5.62754686e-07
5.60000000e-01 8.90000000e-01 5.46559599e-07
5.70000000e-01 8.90000000e-01 5.28111278e-07
5.80000000e-01 8.90000000e-01 5.07673558e-07
5.90000000e-01 8.90000000e-01 4.85530637e-07
6.00000000e-01 8.90000000e-01 4.61980521e-07
6.10000000e-01 8.90000000e-01 4.37328402e-07
6.20000000e-01 8.90000000e-01 4.11880172e-07
6.30000000e-01 8.90000000e-01 3.85936262e-07
6.40000000e-01 8.90000000e-01 3.59785967e-07
6.50000000e-01 8.90000000e-01 3.33702408e-07
6.60000000e-01 8.90000000e-01 3.07938233e-07
6.70000000e-01 8.90000000e-01 2.82722141e-07
6.80000000e-01 8.90000000e-01 2.58256255e-07
6.90000000e-01 8.90000000e-01 2.34714375e-07
7.00000000e-01 8.90000000e-01 2.12241071e-07
7.10000000e-01 8.90000000e-01 1.90951579e-07
7.20000000e-01 8.90000000e-01 1.70932418e-07
7.30000000e-01 8.90000000e-01 1.52242648e-07
7.40000000e-01 8.90000000e-01 1.34915660e-07
7.50000000e-01 8.90000000e-01 1.18961392e-07
7.60000000e-01 8.90000000e-01 1.04368853e-07
7.70000000e-01 8.90000000e-01 9.11088584e-08
7.80000000e-01 8.90000000e-01 7.91368532e-08
7.90000000e-01 8.90000000e-01 6.83957513e-08
8.00000000e-01 8.90000000e-01 5.88186934e-08
8.10000000e-01 8.90000000e-01 5.03316611e-08
8.20000000e-01 8.90000000e-01 4.28558927e-08
8.30000000e-01 8.90000000e-01 3.63100599e-08
8.40000000e-01 8.90000000e-01 3.06121792e-08
8.50000000e-01 8.90000000e-01 2.56812461e-08
8.60000000e-01 8.90000000e-01 2.14385871e-08
8.70000000e-01 8.90000000e-01 1.78089391e-08
8.80000000e-01 8.90000000e-01 1.47212706e-08
8.90000000e-01 8.90000000e-01 1.21093643e-08
9.00000000e-01 8.90000000e-01 9.91218819e-09
9.10000000e-01 8.90000000e-01 8.07408110e-09
9.20000000e-01 8.90000000e-01 6.54478123e-09
9.30000000e-01 8.90000000e-01 5.27932680e-09
9.40000000e-01 8.90000000e-01 4.23785496e-09
9.50000000e-01 8.90000000e-01 3.38532445e-09
9.60000000e-01 8.90000000e-01 2.69118454e-09
9.70000000e-01 8.90000000e-01 2.12900984e-09
9.80000000e-01 8.90000000e-01 1.67611807e-09
9.90000000e-01 8.90000000e-01 1.31318436e-09
1.00000000e+00 8.90000000e-01 1.02386329e-09
0.00000000e+00 9.00000000e-01 7.05045199e-10
1.00000000e-02 9.00000000e-01 9.05801128e-10
2.00000000e-02 9.00000000e-01 1.15801431e-09
3.00000000e-02 9.00000000e-01 1.47318502e-09
4.00000000e-02 9.00000000e-01 1.86491840e-09
5.00000000e-02 9.00000000e-01 2.34919044e-09
6.00000000e-02 9.00000000e-01 2.94461816e-09
7.00000000e-02 9.00000000e-01 3.67272589e-09
8.00000000e-02 9.00000000e-01 4.55819728e-09
9.00000000e-02 9.00000000e-01 5.62910087e-09
1.00000000e-01 9.00000000e-01 6.91707450e-09
1.10000000e-01 9.00000000e-01 8.45745245e-09
1.20000000e-01 9.00000000e-01 1.02893169e-08
1.30000000e-01 9.00000000e-01 1.24554544e-08
1.40000000e-01 9.00000000e-01 1.50021980e-08
1.50000000e-01 9.00000000e-01 1.79791333e-08
1.60000000e-01 9.00000000e-01 2.14386520e-08
1.70000000e-01 9.00000000e-01 2.54353340e-08
1.80000000e-01 9.00000000e-01 3.00251452e-08
1.90000000e-01 9.00000000e-01 3.52644429e-08
2.00000000e-01 9.00000000e-01 4.12087846e-08
2.10000000e-01 9.00000000e-01 4.79115447e-08
2.20000000e-01 9.00000000e-01 5.54223518e-08
2.30000000e-01 9.00000000e-01 6.37853689e-08
2.40000000e-01 9.00000000e-01 7.30374456e-08
2.50000000e-01 9.00000000e-01 8.32061870e-08
2.60000000e-01 9.00000000e-01 9.43079887e-08
2.70000000e-01 9.00000000e-01 1.06346099e-07
2.80000000e-01 9.00000000e-01 1.19308774e-07
2.90000000e-01 9.00000000e-01 1.33167610e-07
3.00000000e-01 9.00000000e-01 1.47876106e-07
3.10000000e-01 9.00000000e-01 1.63368570e-07
3.20000000e-01 9.00000000e-01 1.79559407e-07
3.30000000e-01 9.00000000e-01 1.96342881e-07
3.40000000e-01 9.00000000e-01 2.13593399e-07
3.50000000e-01 9.00000000e-01 2.31166359e-07
3.60000000e-01 9.00000000e-01 2.48899588e-07
3.70000000e-01 9.00000000e-01 2.66615390e-07
3.80000000e-01 9.00000000e-01 2.84123156e-07
3.90000000e-01 9.00000000e-01 3.01222532e-07
4.00000000e-01 9.00000000e-01 3.17707059e-07
4.10000000e-01 9.00000000e-01 3.33368202e-07
4.20000000e-01 9.00000000e-01 3.47999679e-07
4.30000000e-01 9.00000000e-01 3.61401940e-07
4.40000000e-01 9.00000000e-01 3.73386688e-07
4.50000000e-01 9.00000000e-01 3.83781279e-07
4.60000000e-01 9.00000000e-01 3.92432877e-07
4.70000000e-01 9.00000000e-01 3.99212200e-07
4.80000000e-01 9.00000000e-01 4.04016752e-07
4.90000000e-01 9.00000000e-01 4.06773411e-07
5.00000000e-01 9.00000000e-01 4.07440286e-07
5.10000000e-01 9.00000000e-01 4.06007785e-07
5.20000000e-01 9.00000000e-01 4.02498842e-07
5.30000000e-01 9.00000000e-01 3.96968304e-07
5.40000000e-01 9.00000000e-01 3.89501497e-07
5.50000000e-01 9.00000000e-01 3.80212035e-07
5.60000000e-01 9.00000000e-01 3.69238927e-07
5.70000000e-01 9.00000000e-01 3.56743112e-07
5.80000000e-01 9.00000000e-01 3.42903528e-07
5.90000000e-01 9.00000000e-01 3.27912845e-07
6.00000000e-01 9.00000000e-01 3.11973021e-07
6.10000000e-01 9.00000000e-01 2.95290810e-07
6.20000000e-01 9.00000000e-01 2.78073362e-07
6.30000000e-01 9.00000000e-01 2.60524051e-07
6.40000000e-01 9.00000000e-01 2.42838629e-07
6.50000000e-01 9.00000000e-01 2.25201823e-07
6.60000000e-01 9.00000000e-01 2.07784426e-07
6.70000000e-01 9.00000000e-01 1.90740956e-07
6.80000000e-01 9.00000000e-01 1.74207882e-07
6.90000000e-01 9.00000000e-01 1.58302459e-07
7.00000000e-01 9.00000000e-01 1.43122122e-07
7.10000000e-01 9.00000000e-01 1.28744432e-07
7.20000000e-01 9.00000000e-01 1.15227503e-07
7.30000000e-01 9.00000000e-01 1.02610871e-07
7.40000000e-01 9.00000000e-01 9.09167128e-08
7.50000000e-01 9.00000000e-01 8.01513566e-08
7.60000000e-01 9.00000000e-01 7.03070012e-08
7.70000000e-01 9.00000000e-01 6.13635700e-08
7.80000000e-01 9.00000000e-01 5.32906308e-08
7.90000000e-01 9.00000000e-01 4.60493174e-08
8.00000000e-01 9.00000000e-01 3.95941982e-08
8.10000000e-01 9.00000000e-01 3.38750445e-08
8.20000000e-01 9.00000000e-01 2.88384636e-08
8.30000000e-01 9.00000000e-01 2.44293686e-08
8.40000000e-01 9.00000000e-01 2.05922681e-08
8.50000000e-01 9.00000000e-01 1.72723670e-08
8.60000000e-01 9.00000000e-01 1.44164767e-08
8.70000000e-01 9.00000000e-01 1.19737403e-08
8.80000000e-01 9.00000000e-01 9.89618254e-09
8.90000000e-01 9.00000000e-01 8.13910003e-09
9.00000000e-01 9.00000000e-01 6.66130704e-09
9.10000000e-01 9.00000000e-01 5.42525710e-09
9.20000000e-01 9.00000000e-01 4.39705895e-09
9.30000000e-01 9.00000000e-01 3.54640608e-09
9.40000000e-01 9.00000000e-01 2.84643834e-09
9.50000000e-01 9.00000000e-01 2.27355233e-09
9.60000000e-01 9.00000000e-01 1.80717604e-09
9.70000000e-01 9.00000000e-01 1.42952084e-09
9.80000000e-01 9.00000000e-01 1.12532233e-09
9.90000000e-01 9.00000000e-01 8.81579203e-10
1.00000000e+00 9.00000000e-01 6.87297609e-10
0.00000000e+00 9.10000000e-01 4.69411027e-10
1.00000000e-02 9.10000000e-01 6.03148460e-10
2.00000000e-02 9.10000000e-01 7.71190805e-10
3.00000000e-02 9.10000000e-01 9.81212563e-10
4.00000000e-02 9.10000000e-01 1.24229490e-09
5.00000000e-02 9.10000000e-01 1.56510383e-09
6.00000000e-02 9.10000000e-01 1.96207140e-09
7.00000000e-02 9.10000000e-01 2.44757431e-09
8.00000000e-02 9.10000000e-01 3.03810321e-09
9.00000000e-02 9.10000000e-01 3.75241440e-09
1.00000000e-01 9.10000000e-01 4.61165413e-09
1.10000000e-01 9.10000000e-01 5.63944472e-09
1.20000000e-01 9.10000000e-01 6.86192012e-09
1.30000000e-01 9.10000000e-01 8.30769816e-09
1.40000000e-01 9.10000000e-01 1.00077758e-08
1.50000000e-01 9.10000000e-01 1.19953342e-08
1.60000000e-01 9.10000000e-01 1.43054405e-08
1.70000000e-01 9.10000000e-01 1.69746359e-08
1.80000000e-01 9.10000000e-01 2.00403993e-08
1.90000000e-01 9.10000000e-01 2.35404823e-08
2.00000000e-01 9.10000000e-01 2.75121119e-08
2.10000000e-01 9.10000000e-01 3.19910646e-08
2.20000000e-01 9.10000000e-01 3.70106201e-08
2.30000000e-01 9.10000000e-01 4.26004082e-08
2.40000000e-01 9.10000000e-01 4.87851707e-08
2.50000000e-01 9.10000000e-01 5.55834668e-08
2.60000000e-01 9.10000000e-01 6.30063546e-08
2.70000000e-01 9.10000000e-01 7.10560908e-08
2.80000000e-01 9.10000000e-01 7.97248940e-08
2.90000000e-01 9.10000000e-01 8.89938208e-08
3.00000000e-01 9.10000000e-01 9.88318065e-08
3.10000000e-01 9.10000000e-01 1.09194923e-07
3.20000000e-01 9.10000000e-01 1.20025905e-07
3.30000000e-01 9.10000000e-01 1.31253983e-07
3.40000000e-01 9.10000000e-01 1.42795076e-07
3.50000000e-01 9.10000000e-01 1.54552358e-07
3.60000000e-01 9.10000000e-01 1.66417221e-07
3.70000000e-01 9.10000000e-01 1.78270644e-07
3.80000000e-01 9.10000000e-01 1.89984949e-07
3.90000000e-01 9.10000000e-01 2.01425921e-07
4.00000000e-01 9.10000000e-01 2.12455250e-07
4.10000000e-01 9.10000000e-01 2.22933239e-07
4.20000000e-01 9.10000000e-01 2.32721697e-07
4.30000000e-01 9.10000000e-01 2.41686954e-07
4.40000000e-01 9.10000000e-01 2.49702891e-07
4.50000000e-01 9.10000000e-01 2.56653888e-07
4.60000000e-01 9.10000000e-01 2.62437613e-07
4.70000000e-01 9.10000000e-01 2.66967533e-07
4.80000000e-01 9.10000000e-01 2.70175081e-07
4.90000000e-01 9.10000000e-01 2.72011387e-07
5.00000000e-01 9.10000000e-01 2.72448526e-07
5.10000000e-01 9.10000000e-01 2.71480225e-07
5.20000000e-01 9.10000000e-01 2.69122011e-07
5.30000000e-01 9.10000000e-01 2.65410801e-07
5.40000000e-01 9.10000000e-01 2.60403930e-07
5.50000000e-01 9.10000000e-01 2.54177679e-07
5.60000000e-01 9.10000000e-01 2.46825328e-07
5.70000000e-01 9.10000000e-01 2.38454833e-07
5.80000000e-01 9.10000000e-01 2.29186176e-07
5.90000000e-01 9.10000000e-01 2.19148514e-07
6.00000000e-01 9.10000000e-01 2.08477188e-07
6.10000000e-01 9.10000000e-01 1.97310712e-07
6.20000000e-01 9.10000000e-01 1.85787827e-07
6.30000000e-01 9.10000000e-01 1.74044700e-07
6.40000000e-01 9.10000000e-01 1.62212353e-07
6.50000000e-01 9.10000000e-01 1.50414385e-07
6.60000000e-01 9.10000000e-01 1.38765027e-07
6.70000000e-01 9.10000000e-01 1.27367575e-07
6.80000000e-01 9.10000000e-01 1.16313216e-07
6.90000000e-01 9.10000000e-01 1.05680244e-07
7.00000000e-01 9.10000000e-01 9.55336691e-08
7.10000000e-01 9.10000000e-01 8.59251842e-08
7.20000000e-01 9.10000000e-01 7.68934595e-08
7.30000000e-01 9.10000000e-01 6.84647287e-08
7.40000000e-01 9.10000000e-01 6.06536134e-08
7.50000000e-01 9.10000000e-01 5.34641390e-08
7.60000000e-01 9.10000000e-01 4.68908899e-08
7.70000000e-01 9.10000000e-01 4.09202541e-08
7.80000000e-01 9.10000000e-01 3.55317112e-08
7.90000000e-01 9.10000000e-01 3.06991205e-08
8.00000000e-01 9.10000000e-01 2.63919718e-08
8.10000000e-01 9.10000000e-01 2.25765693e-08
8.20000000e-01 9.10000000e-01 1.92171238e-08
8.30000000e-01 9.10000000e-01 1.62767345e-08
8.40000000e-01 9.10000000e-01 1.37182508e-08
8.50000000e-01 9.10000000e-01 1.15050060e-08
8.60000000e-01 9.10000000e-01 9.60142415e-09
8.70000000e-01 9.10000000e-01 7.97350277e-09
8.80000000e-01 9.10000000e-01 6.58917813e-09
8.90000000e-01 9.10000000e-01 5.41858363e-09
9.00000000e-01 9.10000000e-01 4.43421216e-09
9.10000000e-01 9.10000000e-01 3.61099517e-09
9.20000000e-01 9.10000000e-01 2.92631142e-09
9.30000000e-01 9.10000000e-01 2.35993832e-09
9.40000000e-01 9.10000000e-01 1.89395789e-09
9.50000000e-01 9.10000000e-01 1.51262892e-09
9.60000000e-01 9.10000000e-01 1.20223539e-09
9.70000000e-01 9.10000000e-01 9.50919978e-10
9.80000000e-01 9.10000000e-01 7.48510323e-10
9.90000000e-01 9.10000000e-01 5.86344188e-10
1.00000000e+00 9.10000000e-01 4.57098408e-10
0.00000000e+00 9.20000000e-01 3.09560960e-10
1.00000000e-02 9.20000000e-01 3.97793825e-10
2.00000000e-02 9.20000000e-01 5.08671831e-10
3.00000000e-02 9.20000000e-01 6.47264761e-10
4.00000000e-02 9.20000000e-01 8.19572625e-10
5.00000000e-02 9.20000000e-01 1.03264372e-09
6.00000000e-02 9.20000000e-01 1.29469472e-09
7.00000000e-02 9.20000000e-01 1.61522917e-09
8.00000000e-02 9.20000000e-01 2.00514983e-09
9.00000000e-02 9.20000000e-01 2.47685949e-09
1.00000000e-01 9.20000000e-01 3.04434367e-09
1.10000000e-01 9.20000000e-01 3.72322814e-09
1.20000000e-01 9.20000000e-01 4.53080305e-09
1.30000000e-01 9.20000000e-01 5.48600509e-09
1.40000000e-01 9.20000000e-01 6.60934882e-09
1.50000000e-01 9.20000000e-01 7.92279822e-09
1.60000000e-01 9.20000000e-01 9.44956994e-09
1.70000000e-01 9.20000000e-01 1.12138609e-08
1.80000000e-01 9.20000000e-01 1.32404937e-08
1.90000000e-01 9.20000000e-01 1.55544770e-08
2.00000000e-01 9.20000000e-01 1.81804770e-08
2.10000000e-01 9.20000000e-01 2.11422053e-08
2.20000000e-01 9.20000000e-01 2.44617250e-08
2.30000000e-01 9.20000000e-01 2.81586870e-08
2.40000000e-01 9.20000000e-01 3.22495098e-08
2.50000000e-01 9.20000000e-01 3.67465207e-08
2.60000000e-01 9.20000000e-01 4.16570818e-08
2.70000000e-01 9.20000000e-01 4.69827277e-08
2.80000000e-01 9.20000000e-01 5.27183446e-08
2.90000000e-01 9.20000000e-01 5.88514249e-08
3.00000000e-01 9.20000000e-01 6.53614303e-08
3.10000000e-01 9.20000000e-01 7.22192986e-08
3.20000000e-01 9.20000000e-01 7.93871280e-08
3.30000000e-01 9.20000000e-01 8.68180679e-08
3.40000000e-01 9.20000000e-01 9.44564425e-08
3.50000000e-01 9.20000000e-01 1.02238127e-07
3.60000000e-01 9.20000000e-01 1.10091187e-07
3.70000000e-01 9.20000000e-01 1.17936782e-07
3.80000000e-01 9.20000000e-01 1.25690334e-07
3.90000000e-01 9.20000000e-01 1.33262930e-07
4.00000000e-01 9.20000000e-01 1.40562943e-07
4.10000000e-01 9.20000000e-01 1.47497823e-07
4.20000000e-01 9.20000000e-01 1.53976025e-07
4.30000000e-01 9.20000000e-01 1.59908999e-07
4.40000000e-01 9.20000000e-01 1.65213203e-07
4.50000000e-01 9.20000000e-01 1.69812059e-07
4.60000000e-01 9.20000000e-01 1.73637800e-07
4.70000000e-01 9.20000000e-01 1.76633136e-07
4.80000000e-01 9.20000000e-01 1.78752688e-07
4.90000000e-01 9.20000000e-01 1.79964139e-07
5.00000000e-01 9.20000000e-01 1.80249055e-07
5.10000000e-01 9.20000000e-01 1.79603354e-07
5.20000000e-01 9.20000000e-01 1.78037403e-07
5.30000000e-01 9.20000000e-01 1.75575744e-07
5.40000000e-01 9.20000000e-01 1.72256445e-07
5.50000000e-01 9.20000000e-01 1.68130124e-07
5.60000000e-01 9.20000000e-01 1.63258653e-07
5.70000000e-01 9.20000000e-01 1.57713620e-07
5.80000000e-01 9.20000000e-01 1.51574565e-07
5.90000000e-01 9.20000000e-01 1.44927095e-07
6.00000000e-01 9.20000000e-01 1.37860892e-07
6.10000000e-01 9.20000000e-01 1.30467724e-07
6.20000000e-01 9.20000000e-01 1.22839489e-07
6.30000000e-01 9.20000000e-01 1.15066360e-07
6.40000000e-01 9.20000000e-01 1.07235080e-07
6.50000000e-01 9.20000000e-01 9.94274583e-08
6.60000000e-01 9.20000000e-01 9.17190797e-08
6.70000000e-01 9.20000000e-01 8.41782720e-08
6.80000000e-01 9.20000000e-01 7.68653285e-08
6.90000000e-01 9.20000000e-01 6.98319947e-08
7.00000000e-01 9.20000000e-01 6.31212101e-08
7.10000000e-01 9.20000000e-01 5.67670904e-08
7.20000000e-01 9.20000000e-01 5.07951267e-08
7.30000000e-01 9.20000000e-01 4.52225761e-08
7.40000000e-01 9.20000000e-01 4.00590106e-08
7.50000000e-01 9.20000000e-01 3.53069928e-08
7.60000000e-01 9.20000000e-01 3.09628423e-08
7.70000000e-01 9.20000000e-01 2.70174625e-08
7.80000000e-01 9.20000000e-01 2.34571939e-08
7.90000000e-01 9.20000000e-01 2.02646678e-08
8.00000000e-01 9.20000000e-01 1.74196353e-08
8.10000000e-01 9.20000000e-01 1.48997506e-08
8.20000000e-01 9.20000000e-01 1.26812937e-08
8.30000000e-01 9.20000000e-01 1.07398197e-08
8.40000000e-01 9.20000000e-01 9.05072838e-09
8.50000000e-01 9.20000000e-01 7.58974868e-09
8.60000000e-01 9.20000000e-01 6.33333935e-09
8.70000000e-01 9.20000000e-01 5.25900688e-09
8.80000000e-01 9.20000000e-01 4.34554633e-09
8.90000000e-01 9.20000000e-01 3.57321091e-09
9.00000000e-01 9.20000000e-01 2.92381834e-09
9.10000000e-01 9.20000000e-01 2.38080217e-09
9.20000000e-01 9.20000000e-01 1.92921660e-09
9.30000000e-01 9.20000000e-01 1.55570347e-09
9.40000000e-01 9.20000000e-01 1.24842943e-09
9.50000000e-01 9.20000000e-01 9.97000769e-10
9.60000000e-01 9.20000000e-01 7.92362689e-10
9.70000000e-01 9.20000000e-01 6.26688887e-10
9.80000000e-01 9.20000000e-01 4.93266385e-10
9.90000000e-01 9.20000000e-01 3.86379725e-10
1.00000000e+00 9.20000000e-01 3.01197761e-10
0.00000000e+00 9.30000000e-01 2.02209798e-10
1.00000000e-02 9.30000000e-01 2.59860534e-10
2.00000000e-02 9.30000000e-01 3.32312721e-10
3.00000000e-02 9.30000000e-01 4.22881670e-10
4.00000000e-02 9.30000000e-01 5.35491408e-10
5.00000000e-02 9.30000000e-01 6.74752035e-10
6.00000000e-02 9.30000000e-01 8.46038421e-10
7.00000000e-02 9.30000000e-01 1.05556790e-09
8.00000000e-02 9.30000000e-01 1.31047394e-09
9.00000000e-02 9.30000000e-01 1.61887235e-09
1.00000000e-01 9.30000000e-01 1.98991557e-09
1.10000000e-01 9.30000000e-01 2.43383057e-09
1.20000000e-01 9.30000000e-01 2.96193487e-09
1.30000000e-01 9.30000000e-01 3.58662515e-09
1.40000000e-01 9.30000000e-01 4.32133250e-09
1.50000000e-01 9.30000000e-01 5.18043854e-09
1.60000000e-01 9.30000000e-01 6.17914690e-09
1.70000000e-01 9.30000000e-01 7.33330500e-09
1.80000000e-01 9.30000000e-01 8.65917215e-09
1.90000000e-01 9.30000000e-01 1.01731314e-08
2.00000000e-01 9.30000000e-01 1.18913441e-08
2.10000000e-01 9.30000000e-01 1.38293485e-08
2.20000000e-01 9.30000000e-01 1.60016052e-08
2.30000000e-01 9.30000000e-01 1.84209973e-08
2.40000000e-01 9.30000000e-01 2.10982923e-08
2.50000000e-01 9.30000000e-01 2.40415795e-08
2.60000000e-01 9.30000000e-01 2.72556972e-08
2.70000000e-01 9.30000000e-01 3.07416672e-08
2.80000000e-01 9.30000000e-01 3.44961567e-08
2.90000000e-01 9.30000000e-01 3.85109892e-08
3.00000000e-01 9.30000000e-01 4.27727268e-08
3.10000000e-01 9.30000000e-01 4.72623466e-08
3.20000000e-01 9.30000000e-01 5.19550332e-08
3.30000000e-01 9.30000000e-01 5.68201071e-08
3.40000000e-01 9.30000000e-01 6.18211048e-08
3.50000000e-01 9.30000000e-01 6.69160254e-08
3.60000000e-01 9.30000000e-01 7.20577491e-08
3.70000000e-01 9.30000000e-01 7.71946308e-08
3.80000000e-01 9.30000000e-01 8.22712630e-08
3.90000000e-01 9.30000000e-01 8.72293975e-08
4.00000000e-01 9.30000000e-01 9.20090067e-08
4.10000000e-01 9.30000000e-01 9.65494600e-08
4.20000000e-01 9.30000000e-01 1.00790783e-07
4.30000000e-01 9.30000000e-01 1.04674968e-07
4.40000000e-01 9.30000000e-01 1.08147287e-07
4.50000000e-01 9.30000000e-01 1.11157581e-07
4.60000000e-01 9.30000000e-01 1.13661464e-07
4.70000000e-01 9.30000000e-01 1.15621420e-07
4.80000000e-01 9.30000000e-01 1.17007739e-07
4.90000000e-01 9.30000000e-01 1.17799273e-07
5.00000000e-01 9.30000000e-01 1.17983973e-07
5.10000000e-01 9.30000000e-01 1.17559197e-07
5.20000000e-01 9.30000000e-01 1.16531769e-07
5.30000000e-01 9.30000000e-01 1.14917803e-07
5.40000000e-01 9.30000000e-01 1.12742274e-07
5.50000000e-01 9.30000000e-01 1.10038376e-07
5.60000000e-01 9.30000000e-01 1.06846678e-07
5.70000000e-01 9.30000000e-01 1.03214103e-07
5.80000000e-01 9.30000000e-01 9.91927878e-08
5.90000000e-01 9.30000000e-01 9.48388285e-08
6.00000000e-01 9.30000000e-01 9.02109898e-08
6.10000000e-01 9.30000000e-01 8.53693928e-08
6.20000000e-01 9.30000000e-01 8.03742349e-08
6.30000000e-01 9.30000000e-01 7.52845753e-08
6.40000000e-01 9.30000000e-01 7.01572198e-08
6.50000000e-01 9.30000000e-01 6.50457314e-08
6.60000000e-01 9.30000000e-01 5.99995906e-08
6.70000000e-01 9.30000000e-01 5.50635165e-08
6.80000000e-01 9.30000000e-01 5.02769606e-08
6.90000000e-01 9.30000000e-01 4.56737709e-08
7.00000000e-01 9.30000000e-01 4.12820245e-08
7.10000000e-01 9.30000000e-01 3.71240174e-08
7.20000000e-01 9.30000000e-01 3.32163963e-08
7.30000000e-01 9.30000000e-01 2.95704154e-08
7.40000000e-01 9.30000000e-01 2.61922980e-08
7.50000000e-01 9.30000000e-01 2.30836792e-08
7.60000000e-01 9.30000000e-01 2.02421094e-08
7.70000000e-01 9.30000000e-01 1.76615961e-08
7.80000000e-01 9.30000000e-01 1.53331635e-08
7.90000000e-01 9.30000000e-01 1.32454117e-08
8.00000000e-01 9.30000000e-01 1.13850598e-08
8.10000000e-01 9.30000000e-01 9.73745905e-09
8.20000000e-01 9.30000000e-01 8.28706553e-09
8.30000000e-01 9.30000000e-01 7.01786539e-09
8.40000000e-01 9.30000000e-01 5.91374709e-09
8.50000000e-01 9.30000000e-01 4.95881850e-09
8.60000000e-01 9.30000000e-01 4.13766843e-09
8.70000000e-01 9.30000000e-01 3.43557450e-09
8.80000000e-01 9.30000000e-01 2.83866011e-09
8.90000000e-01 9.30000000e-01 2.33400510e-09
9.00000000e-01 9.30000000e-01 1.90971480e-09
9.10000000e-01 9.30000000e-01 1.55495325e-09
9.20000000e-01 9.30000000e-01 1.25994595e-09
9.30000000e-01 9.30000000e-01 1.01595791e-09
9.40000000e-01 9.30000000e-01 8.15252266e-10
9.50000000e-01 9.30000000e-01 6.51034265e-10
9.60000000e-01 9.30000000e-01 5.17385191e-10
9.70000000e-01 9.30000000e-01 4.09189935e-10
9.80000000e-01 9.30000000e-01 3.22061527e-10
9.90000000e-01 9.30000000e-01 2.52265288e-10
1.00000000e+00 9.30000000e-01 1.96644703e-10
0.00000000e+00 9.40000000e-01 1.30835482e-10
1.00000000e-02 9.40000000e-01 1.68141521e-10
2.00000000e-02 9.40000000e-01 2.15027111e-10
3.00000000e-02 9.40000000e-01 2.73638368e-10
4.00000000e-02 9.40000000e-01 3.46515567e-10
5.00000000e-02 9.40000000e-01 4.36643255e-10
6.00000000e-02 9.40000000e-01 5.47501248e-10
7.00000000e-02 9.40000000e-01 6.83114970e-10
8.00000000e-02 9.40000000e-01 8.48103229e-10
9.00000000e-02 9.40000000e-01 1.04772109e-09
1.00000000e-01 9.40000000e-01 1.28789516e-09
1.10000000e-01 9.40000000e-01 1.57524813e-09
1.20000000e-01 9.40000000e-01 1.91710928e-09
1.30000000e-01 9.40000000e-01 2.32150708e-09
1.40000000e-01 9.40000000e-01 2.79714037e-09
1.50000000e-01 9.40000000e-01 3.35332407e-09
1.60000000e-01 9.40000000e-01 3.99990597e-09
1.70000000e-01 9.40000000e-01 4.74715140e-09
1.80000000e-01 9.40000000e-01 5.60559303e-09
1.90000000e-01 9.40000000e-01 6.58584431e-09
2.00000000e-01 9.40000000e-01 7.69837571e-09
2.10000000e-01 9.40000000e-01 8.95325461e-09
2.20000000e-01 9.40000000e-01 1.03598511e-08
2.30000000e-01 9.40000000e-01 1.19265139e-08
2.40000000e-01 9.40000000e-01 1.36602217e-08
2.50000000e-01 9.40000000e-01 1.55662189e-08
2.60000000e-01 9.40000000e-01 1.76476441e-08
2.70000000e-01 9.40000000e-01 1.99051639e-08
2.80000000e-01 9.40000000e-01 2.23366238e-08
2.90000000e-01 9.40000000e-01 2.49367318e-08
3.00000000e-01 9.40000000e-01 2.76967871e-08
3.10000000e-01 9.40000000e-01 3.06044703e-08
3.20000000e-01 9.40000000e-01 3.36437093e-08
3.30000000e-01 9.40000000e-01 3.67946324e-08
3.40000000e-01 9.40000000e-01 4.00336202e-08
3.50000000e-01 9.40000000e-01 4.33334652e-08
3.60000000e-01 9.40000000e-01 4.66636433e-08
3.70000000e-01 9.40000000e-01 4.99906978e-08
3.80000000e-01 9.40000000e-01 5.32787342e-08
3.90000000e-01 9.40000000e-01 5.64900173e-08
4.00000000e-01 9.40000000e-01 5.95856588e-08
4.10000000e-01 9.40000000e-01 6.25263797e-08
4.20000000e-01 9.40000000e-01 6.52733265e-08
4.30000000e-01 9.40000000e-01 6.77889195e-08
4.40000000e-01 9.40000000e-01 7.00377058e-08
4.50000000e-01 9.40000000e-01 7.19871916e-08
4.60000000e-01 9.40000000e-01 7.36086257e-08
4.70000000e-01 9.40000000e-01 7.48777074e-08
4.80000000e-01 9.40000000e-01 7.57751953e-08
4.90000000e-01 9.40000000e-01 7.62873951e-08
5.00000000e-01 9.40000000e-01 7.64065087e-08
5.10000000e-01 9.40000000e-01 7.61308325e-08
5.20000000e-01 9.40000000e-01 7.54647983e-08
5.30000000e-01 9.40000000e-01 7.44188536e-08
5.40000000e-01 9.40000000e-01 7.30091887e-08
5.50000000e-01 9.40000000e-01 7.12573179e-08
5.60000000e-01 9.40000000e-01 6.91895313e-08
5.70000000e-01 9.40000000e-01 6.68362371e-08
5.80000000e-01 9.40000000e-01 6.42312159e-08
5.90000000e-01 9.40000000e-01 6.14108151e-08
6.00000000e-01 9.40000000e-01 5.84131070e-08
6.10000000e-01 9.40000000e-01 5.52770410e-08
6.20000000e-01 9.40000000e-01 5.20416137e-08
6.30000000e-01 9.40000000e-01 4.87450817e-08
6.40000000e-01 9.40000000e-01 4.54242395e-08
6.50000000e-01 9.40000000e-01 4.21137790e-08
6.60000000e-01 9.40000000e-01 3.88457450e-08
6.70000000e-01 9.40000000e-01 3.56490962e-08
6.80000000e-01 9.40000000e-01 3.25493776e-08
6.90000000e-01 9.40000000e-01 2.95685027e-08
7.00000000e-01 9.40000000e-01 2.67246463e-08
7.10000000e-01 9.40000000e-01 2.40322374e-08
7.20000000e-01 9.40000000e-01 2.15020458e-08
7.30000000e-01 9.40000000e-01 1.91413482e-08
7.40000000e-01 9.40000000e-01 1.69541631e-08
7.50000000e-01 9.40000000e-01 1.49415375e-08
7.60000000e-01 9.40000000e-01 1.31018739e-08
7.70000000e-01 9.40000000e-01 1.14312809e-08
7.80000000e-01 9.40000000e-01 9.92393611e-09
7.90000000e-01 9.40000000e-01 8.57244830e-09
8.00000000e-01 9.40000000e-01 7.36820939e-09
8.10000000e-01 9.40000000e-01 6.30172662e-09
8.20000000e-01 9.40000000e-01 5.36292885e-09
8.30000000e-01 9.40000000e-01 4.54144183e-09
8.40000000e-01 9.40000000e-01 3.82682917e-09
8.50000000e-01 9.40000000e-01 3.20879763e-09
8.60000000e-01 9.40000000e-01 2.67736640e-09
8.70000000e-01 9.40000000e-01 2.22300149e-09
8.80000000e-01 9.40000000e-01 1.83671735e-09
8.90000000e-01 9.40000000e-01 1.51014834e-09
9.00000000e-01 9.40000000e-01 1.23559334e-09
9.10000000e-01 9.40000000e-01 1.00603714e-09
9.20000000e-01 9.40000000e-01 8.15152096e-10
9.30000000e-01 9.40000000e-01 6.57283869e-10
9.40000000e-01 9.40000000e-01 5.27424484e-10
9.50000000e-01 9.40000000e-01 4.21176041e-10
9.60000000e-01 9.40000000e-01 3.34707848e-10
9.70000000e-01 9.40000000e-01 2.64709492e-10
9.80000000e-01 9.40000000e-01 2.08341937e-10
9.90000000e-01 9.40000000e-01 1.63188387e-10
1.00000000e+00 9.40000000e-01 1.27206282e-10
0.00000000e+00 9.50000000e-01 8.38528881e-11
1.00000000e-02 9.50000000e-01 1.07761504e-10
2.00000000e-02 9.50000000e-01 1.37809123e-10
3.00000000e-02 9.50000000e-01 1.75370981e-10
4.00000000e-02 9.50000000e-01 2.22074862e-10
5.00000000e-02 9.50000000e-01 2.79833208e-10
6.00000000e-02 9.50000000e-01 3.50875785e-10
7.00000000e-02 9.50000000e-01 4.37781930e-10
8.00000000e-02 9.50000000e-01 5.43511151e-10
9.00000000e-02 9.50000000e-01 6.71430589e-10
1.00000000e-01 9.50000000e-01 8.25337603e-10
1.10000000e-01 9.50000000e-01 1.00947550e-09
1.20000000e-01 9.50000000e-01 1.22854023e-09
1.30000000e-01 9.50000000e-01 1.48767564e-09
1.40000000e-01 9.50000000e-01 1.79245500e-09
1.50000000e-01 9.50000000e-01 2.14884620e-09
1.60000000e-01 9.50000000e-01 2.56315843e-09
1.70000000e-01 9.50000000e-01 3.04196825e-09
1.80000000e-01 9.50000000e-01 3.59202339e-09
1.90000000e-01 9.50000000e-01 4.22012321e-09
2.00000000e-01 9.50000000e-01 4.93297532e-09
2.10000000e-01 9.50000000e-01 5.73702897e-09
2.20000000e-01 9.50000000e-01 6.63828654e-09
2.30000000e-01 9.50000000e-01 7.64209590e-09
2.40000000e-01 9.50000000e-01 8.75292719e-09
2.50000000e-01 9.50000000e-01 9.97413930e-09
2.60000000e-01 9.50000000e-01 1.13077420e-08
2.70000000e-01 9.50000000e-01 1.27541614e-08
2.80000000e-01 9.50000000e-01 1.43120163e-08
2.90000000e-01 9.50000000e-01 1.59779152e-08
3.00000000e-01 9.50000000e-01 1.77462831e-08
3.10000000e-01 9.50000000e-01 1.96092270e-08
3.20000000e-01 9.50000000e-01 2.15564496e-08
3.30000000e-01 9.50000000e-01 2.35752195e-08
3.40000000e-01 9.50000000e-01 2.56504048e-08
3.50000000e-01 9.50000000e-01 2.77645750e-08
3.60000000e-01 9.50000000e-01 2.98981750e-08
3.70000000e-01 9.50000000e-01 3.20297709e-08
3.80000000e-01 9.50000000e-01 3.41363676e-08
3.90000000e-01 9.50000000e-01 3.61937906e-08
4.00000000e-01 9.50000000e-01 3.81771269e-08
4.10000000e-01 9.50000000e-01 4.00612129e-08
4.20000000e-01 9.50000000e-01 4.18211579e-08
4.30000000e-01 9.50000000e-01 4.34328870e-08
4.40000000e-01 9.50000000e-01 4.48736876e-08
4.50000000e-01 9.50000000e-01 4.61227429e-08
4.60000000e-01 9.50000000e-01 4.71616330e-08
4.70000000e-01 9.50000000e-01 4.79747893e-08
4.80000000e-01 9.50000000e-01 4.85498841e-08
4.90000000e-01 9.50000000e-01 4.88781428e-08
5.00000000e-01 9.50000000e-01 4.89545681e-08
5.10000000e-01 9.50000000e-01 4.87780667e-08
5.20000000e-01 9.50000000e-01 4.83514757e-08
5.30000000e-01 9.50000000e-01 4.76814862e-08
5.40000000e-01 9.50000000e-01 4.67784679e-08
5.50000000e-01 9.50000000e-01 4.56562015e-08
5.60000000e-01 9.50000000e-01 4.43315275e-08
5.70000000e-01 9.50000000e-01 4.28239244e-08
5.80000000e-01 9.50000000e-01 4.11550321e-08
5.90000000e-01 9.50000000e-01 3.93481347e-08
6.00000000e-01 9.50000000e-01 3.74276220e-08
6.10000000e-01 9.50000000e-01 3.54184461e-08
6.20000000e-01 9.50000000e-01 3.33455899e-08
6.30000000e-01 9.50000000e-01 3.12335627e-08
6.40000000e-01 9.50000000e-01 2.91059377e-08
6.50000000e-01 9.50000000e-01 2.69849414e-08
6.60000000e-01 9.50000000e-01 2.48911050e-08
6.70000000e-01 9.50000000e-01 2.28429832e-08
6.80000000e-01 9.50000000e-01 2.08569436e-08
6.90000000e-01 9.50000000e-01 1.89470279e-08
7.00000000e-01 9.50000000e-01 1.71248826e-08
7.10000000e-01 9.50000000e-01 1.53997548e-08
7.20000000e-01 9.50000000e-01 1.37785470e-08
7.30000000e-01 9.50000000e-01 1.22659241e-08
7.40000000e-01 9.50000000e-01 1.08644632e-08
7.50000000e-01 9.50000000e-01 9.57483775e-09
7.60000000e-01 9.50000000e-01 8.39602663e-09
7.70000000e-01 9.50000000e-01 7.32553886e-09
7.80000000e-01 9.50000000e-01 6.35964602e-09
7.90000000e-01 9.50000000e-01 5.49361440e-09
8.00000000e-01 9.50000000e-01 4.72193026e-09
8.10000000e-01 9.50000000e-01 4.03851282e-09
8.20000000e-01 9.50000000e-01 3.43691043e-09
8.30000000e-01 9.50000000e-01 2.91047697e-09
8.40000000e-01 9.50000000e-01 2.45252629e-09
8.50000000e-01 9.50000000e-01 2.05646370e-09
8.60000000e-01 9.50000000e-01 1.71589448e-09
8.70000000e-01 9.50000000e-01 1.42471005e-09
8.80000000e-01 9.50000000e-01 1.17715304e-09
8.90000000e-01 9.50000000e-01 9.67863171e-10
9.00000000e-01 9.50000000e-01 7.91905846e-10
9.10000000e-01 9.50000000e-01 6.44785858e-10
9.20000000e-01 9.50000000e-01 5.22448513e-10
9.30000000e-01 9.50000000e-01 4.21270475e-10
9.40000000e-01 9.50000000e-01 3.38042550e-10
9.50000000e-01 9.50000000e-01 2.69946435e-10
9.60000000e-01 9.50000000e-01 2.14527270e-10
9.70000000e-01 9.50000000e-01 1.69663570e-10
9.80000000e-01 9.50000000e-01 1.33535905e-10
9.90000000e-01 9.50000000e-01 1.04595419e-10
1.00000000e+00 9.50000000e-01 8.15330734e-11
0.00000000e+00 9.60000000e-01 5.32327673e-11
1.00000000e-02 9.60000000e-01 6.84078237e-11
2.00000000e-02 9.60000000e-01 8.74783746e-11
3.00000000e-02 9.60000000e-01 1.11316776e-10
4.00000000e-02 9.60000000e-01 1.40955506e-10
5.00000000e-02 9.60000000e-01 1.77607508e-10
6.00000000e-02 9.60000000e-01 2.22686874e-10
7.00000000e-02 9.60000000e-01 2.77829265e-10
8.00000000e-02 9.60000000e-01 3.44911280e-10
9.00000000e-02 9.60000000e-01 4.26067827e-10
1.00000000e-01 9.60000000e-01 5.23706409e-10
1.10000000e-01 9.60000000e-01 6.40517045e-10
1.20000000e-01 9.60000000e-01 7.79476465e-10
1.30000000e-01 9.60000000e-01 9.43845077e-10
1.40000000e-01 9.60000000e-01 1.13715518e-09
1.50000000e-01 9.60000000e-01 1.36318889e-09
1.60000000e-01 9.60000000e-01 1.62594426e-09
1.70000000e-01 9.60000000e-01 1.92958847e-09
1.80000000e-01 9.60000000e-01 2.27839674e-09
1.90000000e-01 9.60000000e-01 2.67667661e-09
2.00000000e-01 9.60000000e-01 3.12867706e-09
2.10000000e-01 9.60000000e-01 3.63848294e-09
2.20000000e-01 9.60000000e-01 4.20989554e-09
2.30000000e-01 9.60000000e-01 4.84630104e-09
2.40000000e-01 9.60000000e-01 5.55052917e-09
2.50000000e-01 9.60000000e-01 6.32470526e-09
2.60000000e-01 9.60000000e-01 7.17009967e-09
2.70000000e-01 9.60000000e-01 8.08697918e-09
2.80000000e-01 9.60000000e-01 9.07446556e-09
2.90000000e-01 9.60000000e-01 1.01304070e-08
3.00000000e-01 9.60000000e-01 1.12512685e-08
3.10000000e-01 9.60000000e-01 1.24320465e-08
3.20000000e-01 9.60000000e-01 1.36662149e-08
3.30000000e-01 9.60000000e-01 1.49457057e-08
3.40000000e-01 9.60000000e-01 1.62609308e-08
3.50000000e-01 9.60000000e-01 1.76008460e-08
3.60000000e-01 9.60000000e-01 1.89530618e-08
3.70000000e-01 9.60000000e-01 2.03039992e-08
3.80000000e-01 9.60000000e-01 2.16390898e-08
3.90000000e-01 9.60000000e-01 2.29430190e-08
4.00000000e-01 9.60000000e-01 2.42000041e-08
4.10000000e-01 9.60000000e-01 2.53941040e-08
4.20000000e-01 9.60000000e-01 2.65095501e-08
4.30000000e-01 9.60000000e-01 2.75310905e-08
4.40000000e-01 9.60000000e-01 2.84443358e-08
4.50000000e-01 9.60000000e-01 2.92360969e-08
4.60000000e-01 9.60000000e-01 2.98947027e-08
4.70000000e-01 9.60000000e-01 3.04102876e-08
4.80000000e-01 9.60000000e-01 3.07750381e-08
4.90000000e-01 9.60000000e-01 3.09833911e-08
5.00000000e-01 9.60000000e-01 3.10321755e-08
5.10000000e-01 9.60000000e-01 3.09206930e-08
5.20000000e-01 9.60000000e-01 3.06507343e-08
5.30000000e-01 9.60000000e-01 3.02265317e-08
5.40000000e-01 9.60000000e-01 2.96546479e-08
5.50000000e-01 9.60000000e-01 2.89438064e-08
5.60000000e-01 9.60000000e-01 2.81046698e-08
5.70000000e-01 9.60000000e-01 2.71495725e-08
5.80000000e-01 9.60000000e-01 2.60922191e-08
5.90000000e-01 9.60000000e-01 2.49473570e-08
6.00000000e-01 9.60000000e-01 2.37304356e-08
6.10000000e-01 9.60000000e-01 2.24572618e-08
6.20000000e-01 9.60000000e-01 2.11436637e-08
6.30000000e-01 9.60000000e-01 1.98051708e-08
6.40000000e-01 9.60000000e-01 1.84567213e-08
6.50000000e-01 9.60000000e-01 1.71124017e-08
6.60000000e-01 9.60000000e-01 1.57852258e-08
6.70000000e-01 9.60000000e-01 1.44869562e-08
6.80000000e-01 9.60000000e-01 1.32279710e-08
6.90000000e-01 9.60000000e-01 1.20171755e-08
7.00000000e-01 9.60000000e-01 1.08619580e-08
7.10000000e-01 9.60000000e-01 9.76818674e-09
7.20000000e-01 9.60000000e-01 8.74024449e-09
7.30000000e-01 9.60000000e-01 7.78109613e-09
7.40000000e-01 9.60000000e-01 6.89238331e-09
7.50000000e-01 9.60000000e-01 6.07454089e-09
7.60000000e-01 9.60000000e-01 5.32692923e-09
7.70000000e-01 9.60000000e-01 4.64797651e-09
7.80000000e-01 9.60000000e-01 4.03532589e-09
7.90000000e-01 9.60000000e-01 3.48598252e-09
8.00000000e-01 9.60000000e-01 2.99645630e-09
8.10000000e-01 9.60000000e-01 2.56289681e-09
8.20000000e-01 9.60000000e-01 2.18121771e-09
8.30000000e-01 9.60000000e-01 1.84720854e-09
8.40000000e-01 9.60000000e-01 1.55663269e-09
8.50000000e-01 9.60000000e-01 1.30531080e-09
8.60000000e-01 9.60000000e-01 1.08918964e-09
8.70000000e-01 9.60000000e-01 9.04396826e-10
8.80000000e-01 9.60000000e-01 7.47282141e-10
8.90000000e-01 9.60000000e-01 6.14446717e-10
9.00000000e-01 9.60000000e-01 5.02761251e-10
9.10000000e-01 9.60000000e-01 4.09374774e-10
9.20000000e-01 9.60000000e-01 3.31715434e-10
9.30000000e-01 9.60000000e-01 2.67484758e-10
9.40000000e-01 9.60000000e-01 2.14646790e-10
9.50000000e-01 9.60000000e-01 1.71413397e-10
9.60000000e-01 9.60000000e-01 1.36226903e-10
9.70000000e-01 9.60000000e-01 1.07741054e-10
9.80000000e-01 9.60000000e-01 8.48011821e-11
9.90000000e-01 9.60000000e-01 6.64242561e-11
1.00000000e+00 9.60000000e-01 5.17793921e-11
0.00000000e+00 9.70000000e-01 3.34738421e-11
1.00000000e-02 9.70000000e-01 4.30128854e-11
2.00000000e-02 9.70000000e-01 5.49995172e-11
3.00000000e-02 9.70000000e-01 6.99815163e-11
4.00000000e-02 9.70000000e-01 8.86071218e-11
5.00000000e-02 9.70000000e-01 1.11637772e-10
6.00000000e-02 9.70000000e-01 1.39961057e-10
7.00000000e-02 9.70000000e-01 1.74603504e-10
8.00000000e-02 9.70000000e-01 2.16742684e-10
9.00000000e-02 9.70000000e-01 2.67718074e-10
1.00000000e-01 9.70000000e-01 3.29039972e-10
1.10000000e-01 9.70000000e-01 4.02395671e-10
1.20000000e-01 9.70000000e-01 4.89652039e-10
1.30000000e-01 9.70000000e-01 5.92853568e-10
1.40000000e-01 9.70000000e-01 7.14214925e-10
1.50000000e-01 9.70000000e-01 8.56107057e-10
1.60000000e-01 9.70000000e-01 1.02103593e-09
1.70000000e-01 9.70000000e-01 1.21161309e-09
1.80000000e-01 9.70000000e-01 1.43051739e-09
1.90000000e-01 9.70000000e-01 1.68044748e-09
2.00000000e-01 9.70000000e-01 1.96406481e-09
2.10000000e-01 9.70000000e-01 2.28392751e-09
2.20000000e-01 9.70000000e-01 2.64241555e-09
2.30000000e-01 9.70000000e-01 3.04164832e-09
2.40000000e-01 9.70000000e-01 3.48339612e-09
2.50000000e-01 9.70000000e-01 3.96898755e-09
2.60000000e-01 9.70000000e-01 4.49921524e-09
2.70000000e-01 9.70000000e-01 5.07424280e-09
2.80000000e-01 9.70000000e-01 5.69351641e-09
2.90000000e-01 9.70000000e-01 6.35568430e-09
3.00000000e-01 9.70000000e-01 7.05852820e-09
3.10000000e-01 9.70000000e-01 7.79891018e-09
3.20000000e-01 9.70000000e-01 8.57273857e-09
3.30000000e-01 9.70000000e-01 9.37495630e-09
3.40000000e-01 9.70000000e-01 1.01995543e-08
3.50000000e-01 9.70000000e-01 1.10396119e-08
3.60000000e-01 9.70000000e-01 1.18873662e-08
3.70000000e-01 9.70000000e-01 1.27343094e-08
3.80000000e-01 9.70000000e-01 1.35713146e-08
3.90000000e-01 9.70000000e-01 1.43887874e-08
4.00000000e-01 9.70000000e-01 1.51768405e-08
4.10000000e-01 9.70000000e-01 1.59254874e-08
4.20000000e-01 9.70000000e-01 1.66248496e-08
4.30000000e-01 9.70000000e-01 1.72653717e-08
4.40000000e-01 9.70000000e-01 1.78380384e-08
4.50000000e-01 9.70000000e-01 1.83345858e-08
4.60000000e-01 9.70000000e-01 1.87476998e-08
4.70000000e-01 9.70000000e-01 1.90711968e-08
4.80000000e-01 9.70000000e-01 1.93001778e-08
4.90000000e-01 9.70000000e-01 1.94311527e-08
5.00000000e-01 9.70000000e-01 1.94621290e-08
5.10000000e-01 9.70000000e-01 1.93926626e-08
5.20000000e-01 9.70000000e-01 1.92238683e-08
5.30000000e-01 9.70000000e-01 1.89583899e-08
5.40000000e-01 9.70000000e-01 1.86003313e-08
5.50000000e-01 9.70000000e-01 1.81551501e-08
5.60000000e-01 9.70000000e-01 1.76295191e-08
5.70000000e-01 9.70000000e-01 1.70311596e-08
5.80000000e-01 9.70000000e-01 1.63686520e-08
5.90000000e-01 9.70000000e-01 1.56512316e-08
6.00000000e-01 9.70000000e-01 1.48885747e-08
6.10000000e-01 9.70000000e-01 1.40905834e-08
6.20000000e-01 9.70000000e-01 1.32671749e-08
6.30000000e-01 9.70000000e-01 1.24280811e-08
6.40000000e-01 9.70000000e-01 1.15826652e-08
6.50000000e-01 9.70000000e-01 1.07397583e-08
6.60000000e-01 9.70000000e-01 9.90752126e-09
6.70000000e-01 9.70000000e-01 9.09333213e-09
6.80000000e-01 9.70000000e-01 8.30370272e-09
6.90000000e-01 9.70000000e-01 7.54422287e-09
7.00000000e-01 9.70000000e-01 6.81953239e-09
7.10000000e-01 9.70000000e-01 6.13331900e-09
7.20000000e-01 9.70000000e-01 5.48833969e-09
7.30000000e-01 9.70000000e-01 4.88646266e-09
7.40000000e-01 9.70000000e-01 4.32872649e-09
7.50000000e-01 9.70000000e-01 3.81541285e-09
7.60000000e-01 9.70000000e-01 3.34612919e-09
7.70000000e-01 9.70000000e-01 2.91989784e-09
7.80000000e-01 9.70000000e-01 2.53524808e-09
7.90000000e-01 9.70000000e-01 2.19030824e-09
8.00000000e-01 9.70000000e-01 1.88289512e-09
8.10000000e-01 9.70000000e-01 1.61059860e-09
8.20000000e-01 9.70000000e-01 1.37085965e-09
8.30000000e-01 9.70000000e-01 1.16104045e-09
8.40000000e-01 9.70000000e-01 9.78485888e-10
8.50000000e-01 9.70000000e-01 8.20575976e-10
8.60000000e-01 9.70000000e-01 6.84769110e-10
8.70000000e-01 9.70000000e-01 5.68636475e-10
8.80000000e-01 9.70000000e-01 4.69888098e-10
8.90000000e-01 9.70000000e-01 3.86391221e-10
9.00000000e-01 9.70000000e-01 3.16181839e-10
9.10000000e-01 9.70000000e-01 2.57470288e-10
9.20000000e-01 9.70000000e-01 2.08641817e-10
9.30000000e-01 9.70000000e-01 1.68253061e-10
9.40000000e-01 9.70000000e-01 1.35025288e-10
9.50000000e-01 9.70000000e-01 1.07835236e-10
9.60000000e-01 9.70000000e-01 8.57042549e-11
9.70000000e-01 9.70000000e-01 6.77863983e-11
9.80000000e-01 9.70000000e-01 5.33560015e-11
9.90000000e-01 9.70000000e-01 4.17951827e-11
1.00000000e+00 9.70000000e-01 3.25816220e-11
0.00000000e+00 9.80000000e-01 2.08493337e-11
1.00000000e-02 9.80000000e-01 2.67878019e-11
2.00000000e-02 9.80000000e-01 3.42490041e-11
3.00000000e-02 9.80000000e-01 4.35734373e-11
4.00000000e-02 9.80000000e-01 5.51639665e-11
5.00000000e-02 9.80000000e-01 6.94937156e-11
6.00000000e-02 9.80000000e-01 8.71140869e-11
7.00000000e-02 9.80000000e-01 1.08662667e-10
8.00000000e-02 9.80000000e-01 1.34870717e-10
9.00000000e-02 9.80000000e-01 1.66569872e-10
1.00000000e-01 9.80000000e-01 2.04697638e-10
1.10000000e-01 9.80000000e-01 2.50301181e-10
1.20000000e-01 9.80000000e-01 3.04538880e-10
1.30000000e-01 9.80000000e-01 3.68679070e-10
1.40000000e-01 9.80000000e-01 4.44095379e-10
1.50000000e-01 9.80000000e-01 5.32258058e-10
1.60000000e-01 9.80000000e-01 6.34720754e-10
1.70000000e-01 9.80000000e-01 7.53102220e-10
1.80000000e-01 9.80000000e-01 8.89062550e-10
1.90000000e-01 9.80000000e-01 1.04427369e-09
2.00000000e-01 9.80000000e-01 1.22038413e-09
2.10000000e-01 9.80000000e-01 1.41897785e-09
2.20000000e-01 9.80000000e-01 1.64152802e-09
2.30000000e-01 9.80000000e-01 1.88934592e-09
2.40000000e-01 9.80000000e-01 2.16352609e-09
2.50000000e-01 9.80000000e-01 2.46488910e-09
2.60000000e-01 9.80000000e-01 2.79392310e-09
2.70000000e-01 9.80000000e-01 3.15072636e-09
2.80000000e-01 9.80000000e-01 3.53495247e-09
2.90000000e-01 9.80000000e-01 3.94576071e-09
3.00000000e-01 9.80000000e-01 4.38177354e-09
3.10000000e-01 9.80000000e-01 4.84104386e-09
3.20000000e-01 9.80000000e-01 5.32103397e-09
3.30000000e-01 9.80000000e-01 5.81860844e-09
3.40000000e-01 9.80000000e-01 6.33004244e-09
3.50000000e-01 9.80000000e-01 6.85104689e-09
3.60000000e-01 9.80000000e-01 7.37681129e-09
3.70000000e-01 9.80000000e-01 7.90206412e-09
3.80000000e-01 9.80000000e-01 8.42115072e-09
3.90000000e-01 9.80000000e-01 8.92812706e-09
4.00000000e-01 9.80000000e-01 9.41686788e-09
4.10000000e-01 9.80000000e-01 9.88118639e-09
4.20000000e-01 9.80000000e-01 1.03149626e-08
4.30000000e-01 9.80000000e-01 1.07122765e-08
4.40000000e-01 9.80000000e-01 1.10675422e-08
4.50000000e-01 9.80000000e-01 1.13756386e-08
4.60000000e-01 9.80000000e-01 1.16320324e-08
4.70000000e-01 9.80000000e-01 1.18328901e-08
4.80000000e-01 9.80000000e-01 1.19751729e-08
4.90000000e-01 9.80000000e-01 1.20567141e-08
5.00000000e-01 9.80000000e-01 1.20762742e-08
5.10000000e-01 9.80000000e-01 1.20335721e-08
5.20000000e-01 9.80000000e-01 1.19292921e-08
5.30000000e-01 9.80000000e-01 1.17650654e-08
5.40000000e-01 9.80000000e-01 1.15434277e-08
5.50000000e-01 9.80000000e-01 1.12677535e-08
5.60000000e-01 9.80000000e-01 1.09421708e-08
5.70000000e-01 9.80000000e-01 1.05714574e-08
5.80000000e-01 9.80000000e-01 1.01609248e-08
5.90000000e-01 9.80000000e-01 9.71629114e-09
6.00000000e-01 9.80000000e-01 9.24354915e-09
6.10000000e-01 9.80000000e-01 8.74883306e-09
6.20000000e-01 9.80000000e-01 8.23828787e-09
6.30000000e-01 9.80000000e-01 7.71794551e-09
6.40000000e-01 9.80000000e-01 7.19361094e-09
6.50000000e-01 9.80000000e-01 6.67076107e-09
6.60000000e-01 9.80000000e-01 6.15445871e-09
6.70000000e-01 9.80000000e-01 5.64928299e-09
6.80000000e-01 9.80000000e-01 5.15927720e-09
6.90000000e-01 9.80000000e-01 4.68791409e-09
7.00000000e-01 9.80000000e-01 4.23807822e-09
7.10000000e-01 9.80000000e-01 3.81206442e-09
7.20000000e-01 9.80000000e-01 3.41159076e-09
7.30000000e-01 9.80000000e-01 3.03782427e-09
7.40000000e-01 9.80000000e-01 2.69141740e-09
7.50000000e-01 9.80000000e-01 2.37255290e-09
7.60000000e-01 9.80000000e-01 2.08099488e-09
7.70000000e-01 9.80000000e-01 1.81614391e-09
7.80000000e-01 9.80000000e-01 1.57709399e-09
7.90000000e-01 9.80000000e-01 1.36268962e-09
8.00000000e-01 9.80000000e-01 1.17158116e-09
8.10000000e-01 9.80000000e-01 1.00227732e-09
8.20000000e-01 9.80000000e-01 8.53193563e-10
8.30000000e-01 9.80000000e-01 7.22695614e-10
8.40000000e-01 9.80000000e-01 6.09137704e-10
8.50000000e-01 9.80000000e-01 5.10895131e-10
8.60000000e-01 9.80000000e-01 4.26391195e-10
8.70000000e-01 9.80000000e-01 3.54118636e-10
8.80000000e-01 9.80000000e-01 2.92655886e-10
8.90000000e-01 9.80000000e-01 2.40678567e-10
9.00000000e-01 9.80000000e-01 1.96966735e-10
9.10000000e-01 9.80000000e-01 1.60408430e-10
9.20000000e-01 9.80000000e-01 1.30000102e-10
9.30000000e-01 9.80000000e-01 1.04844488e-10
9.40000000e-01 9.80000000e-01 8.41464745e-11
9.50000000e-01 9.80000000e-01 6.72074559e-11
9.60000000e-01 9.80000000e-01 5.34186290e-11
9.70000000e-01 9.80000000e-01 4.22536310e-11
9.80000000e-01 9.80000000e-01 3.32608466e-11
9.90000000e-01 9.80000000e-01 2.60556629e-11
1.00000000e+00 9.80000000e-01 2.03128898e-11
0.00000000e+00 9.90000000e-01 1.28626724e-11
1.00000000e-02 9.90000000e-01 1.65239624e-11
2.00000000e-02 9.90000000e-01 2.11232846e-11
3.00000000e-02 9.90000000e-01 2.68701561e-11
4.00000000e-02 9.90000000e-01 3.40124089e-11
5.00000000e-02 9.90000000e-01 4.28410236e-11
6.00000000e-02 9.90000000e-01 5.36950379e-11
7.00000000e-02 9.90000000e-01 6.69663817e-11
8.00000000e-02 9.90000000e-01 8.31044511e-11
9.00000000e-02 9.90000000e-01 1.02620198e-10
1.00000000e-01 9.90000000e-01 1.26089470e-10
1.10000000e-01 9.90000000e-01 1.54155305e-10
1.20000000e-01 9.90000000e-01 1.87528849e-10
1.30000000e-01 9.90000000e-01 2.26988545e-10
1.40000000e-01 9.90000000e-01 2.73377238e-10
1.50000000e-01 9.90000000e-01 3.27596815e-10
1.60000000e-01 9.90000000e-01 3.90600056e-10
1.70000000e-01 9.90000000e-01 4.63379385e-10
1.80000000e-01 9.90000000e-01 5.46952272e-10
1.90000000e-01 9.90000000e-01 6.42343124e-10
2.00000000e-01 9.90000000e-01 7.50561627e-10
2.10000000e-01 9.90000000e-01 8.72577588e-10
2.20000000e-01 9.90000000e-01 1.00929254e-09
2.30000000e-01 9.90000000e-01 1.16150845e-09
2.40000000e-01 9.90000000e-01 1.32989421e-09
2.50000000e-01 9.90000000e-01 1.51495048e-09
2.60000000e-01 9.90000000e-01 1.71697405e-09
2.70000000e-01 9.90000000e-01 1.93602263e-09
2.80000000e-01 9.90000000e-01 2.17188140e-09
2.90000000e-01 9.90000000e-01 2.42403262e-09
3.00000000e-01 9.90000000e-01 2.69162974e-09
3.10000000e-01 9.90000000e-01 2.97347737e-09
3.20000000e-01 9.90000000e-01 3.26801850e-09
3.30000000e-01 9.90000000e-01 3.57333019e-09
3.40000000e-01 9.90000000e-01 3.88712871e-09
3.50000000e-01 9.90000000e-01 4.20678502e-09
3.60000000e-01 9.90000000e-01 4.52935094e-09
3.70000000e-01 9.90000000e-01 4.85159623e-09
3.80000000e-01 9.90000000e-01 5.17005616e-09
3.90000000e-01 9.90000000e-01 5.48108898e-09
4.00000000e-01 9.90000000e-01 5.78094203e-09
4.10000000e-01 9.90000000e-01 6.06582497e-09
4.20000000e-01 9.90000000e-01 6.33198828e-09
4.30000000e-01 9.90000000e-01 6.57580475e-09
4.40000000e-01 9.90000000e-01 6.79385147e-09
4.50000000e-01 9.90000000e-01 6.98298988e-09
4.60000000e-01 9.90000000e-01 7.14044106e-09
4.70000000e-01 9.90000000e-01 7.26385395e-09
4.80000000e-01 9.90000000e-01 7.35136397e-09
4.90000000e-01 9.90000000e-01 7.40164013e-09
5.00000000e-01 9.90000000e-01 7.41391881e-09
5.10000000e-01 9.90000000e-01 7.38802313e-09
5.20000000e-01 9.90000000e-01 7.32436724e-09
5.30000000e-01 9.90000000e-01 7.22394520e-09
5.40000000e-01 9.90000000e-01 7.08830510e-09
5.50000000e-01 9.90000000e-01 6.91950920e-09
5.60000000e-01 9.90000000e-01 6.72008161e-09
5.70000000e-01 9.90000000e-01 6.49294532e-09
5.80000000e-01 9.90000000e-01 6.24135085e-09
5.90000000e-01 9.90000000e-01 5.96879888e-09
6.00000000e-01 9.90000000e-01 5.67895949e-09
6.10000000e-01 9.90000000e-01 5.37559053e-09
6.20000000e-01 9.90000000e-01 5.06245776e-09
6.30000000e-01 9.90000000e-01 4.74325892e-09
6.40000000e-01 9.90000000e-01 4.42155395e-09
6.50000000e-01 9.90000000e-01 4.10070297e-09
6.60000000e-01 9.90000000e-01 3.78381342e-09
6.70000000e-01 9.90000000e-01 3.47369733e-09
6.80000000e-01 9.90000000e-01 3.17283914e-09
6.90000000e-01 9.90000000e-01 2.88337422e-09
7.00000000e-01 9.90000000e-01 2.60707792e-09
7.10000000e-01 9.90000000e-01 2.34536434e-09
7.20000000e-01 9.90000000e-01 2.09929409e-09
7.30000000e-01 9.90000000e-01 1.86958987e-09
7.40000000e-01 9.90000000e-01 1.65665863e-09
7.50000000e-01 9.90000000e-01 1.46061889e-09
7.60000000e-01 9.90000000e-01 1.28133198e-09
7.70000000e-01 9.90000000e-01 1.11843563e-09
7.80000000e-01 9.90000000e-01 9.71378883e-10
7.90000000e-01 9.90000000e-01 8.39457008e-10
8.00000000e-01 9.90000000e-01 7.21845454e-10
8.10000000e-01 9.90000000e-01 6.17632026e-10
8.20000000e-01 9.90000000e-01 5.25846587e-10
8.30000000e-01 9.90000000e-01 4.45487822e-10
8.40000000e-01 9.90000000e-01 3.75546723e-10
8.50000000e-01 9.90000000e-01 3.15026647e-10
8.60000000e-01 9.90000000e-01 2.62959913e-10
8.70000000e-01 9.90000000e-01 2.18421034e-10
8.80000000e-01 9.90000000e-01 1.80536771e-10
8.90000000e-01 9.90000000e-01 1.48493259e-10
9.00000000e-01 9.90000000e-01 1.21540526e-10
9.10000000e-01 9.90000000e-01 9.89947415e-11
9.20000000e-01 9.90000000e-01 8.02385307e-11
9.30000000e-01 9.90000000e-01 6.47197250e-11
9.40000000e-01 9.90000000e-01 5.19488639e-11
9.50000000e-01 9.90000000e-01 4.14957646e-11
9.60000000e-01 9.90000000e-01 3.29854341e-11
9.70000000e-01 9.90000000e-01 2.60935683e-11
9.80000000e-01 9.90000000e-01 2.05418425e-11
9.90000000e-01 9.90000000e-01 1.60931642e-11
1.00000000e+00 9.90000000e-01 1.25470233e-11
0.00000000e+00 1.00000000e+00 7.85982347e-12
1.00000000e-02 1.00000000e+00 1.00953378e-11
2.00000000e-02 1.00000000e+00 1.29030117e-11
3.00000000e-02 1.00000000e+00 1.64104672e-11
4.00000000e-02 1.00000000e+00 2.07686195e-11
5.00000000e-02 1.00000000e+00 2.61546045e-11
6.00000000e-02 1.00000000e+00 3.27747494e-11
7.00000000e-02 1.00000000e+00 4.08674960e-11
8.00000000e-02 1.00000000e+00 5.07061621e-11
9.00000000e-02 1.00000000e+00 6.26014051e-11
1.00000000e-01 1.00000000e+00 7.69032290e-11
1.10000000e-01 1.00000000e+00 9.40023520e-11
1.20000000e-01 1.00000000e+00 1.14330738e-10
1.30000000e-01 1.00000000e+00 1.38361076e-10
1.40000000e-01 1.00000000e+00 1.66604994e-10
1.50000000e-01 1.00000000e+00 1.99609780e-10
1.60000000e-01 1.00000000e+00 2.37953410e-10
1.70000000e-01 1.00000000e+00 2.82237697e-10
1.80000000e-01 1.00000000e+00 3.33079416e-10
1.90000000e-01 1.00000000e+00 3.91099312e-10
2.00000000e-01 1.00000000e+00 4.56908942e-10
2.10000000e-01 1.00000000e+00 5.31095436e-10
2.20000000e-01 1.00000000e+00 6.14204269e-10
2.30000000e-01 1.00000000e+00 7.06720331e-10
2.40000000e-01 1.00000000e+00 8.09047604e-10
2.50000000e-01 1.00000000e+00 9.21487929e-10
2.60000000e-01 1.00000000e+00 1.04421942e-09
2.70000000e-01 1.00000000e+00 1.17727520e-09
2.80000000e-01 1.00000000e+00 1.32052315e-09
2.90000000e-01 1.00000000e+00 1.47364762e-09
3.00000000e-01 1.00000000e+00 1.63613374e-09
3.10000000e-01 1.00000000e+00 1.80725538e-09
3.20000000e-01 1.00000000e+00 1.98606749e-09
3.30000000e-01 1.00000000e+00 2.17140346e-09
3.40000000e-01 1.00000000e+00 2.36187836e-09
3.50000000e-01 1.00000000e+00 2.55589826e-09
3.60000000e-01 1.00000000e+00 2.75167617e-09
3.70000000e-01 1.00000000e+00 2.94725442e-09
3.80000000e-01 1.00000000e+00 3.14053353e-09
3.90000000e-01 1.00000000e+00 3.32930687e-09
4.00000000e-01 1.00000000e+00 3.51130076e-09
4.10000000e-01 1.00000000e+00 3.68421867e-09
4.20000000e-01 1.00000000e+00 3.84578875e-09
4.30000000e-01 1.00000000e+00 3.99381308e-09
4.40000000e-01 1.00000000e+00 4.12621727e-09
4.50000000e-01 1.00000000e+00 4.24109885e-09
4.60000000e-01 1.00000000e+00 4.33677287e-09
4.70000000e-01 1.00000000e+00 4.41181314e-09
4.80000000e-01 1.00000000e+00 4.46508774e-09
4.90000000e-01 1.00000000e+00 4.49578757e-09
5.00000000e-01 1.00000000e+00 4.50344684e-09
5.10000000e-01 1.00000000e+00 4.48795490e-09
5.20000000e-01 1.00000000e+00 4.44955889e-09
5.30000000e-01 1.00000000e+00 4.38885714e-09
5.40000000e-01 1.00000000e+00 4.30678363e-09
5.50000000e-01 1.00000000e+00 4.20458399e-09
5.60000000e-01 1.00000000e+00 4.08378394e-09
5.70000000e-01 1.00000000e+00 3.94615132e-09
5.80000000e-01 1.00000000e+00 3.79365299e-09
5.90000000e-01 1.00000000e+00 3.62840808e-09
6.00000000e-01 1.00000000e+00 3.45263916e-09
6.10000000e-01 1.00000000e+00 3.26862288e-09
6.20000000e-01 1.00000000e+00 3.07864161e-09
6.30000000e-01 1.00000000e+00 2.88493748e-09
6.40000000e-01 1.00000000e+00 2.68967002e-09
6.50000000e-01 1.00000000e+00 2.49487857e-09
6.60000000e-01 1.00000000e+00 2.30245014e-09
6.70000000e-01 1.00000000e+00 2.11409343e-09
6.80000000e-01 1.00000000e+00 1.93131916e-09
6.90000000e-01 1.00000000e+00 1.75542695e-09
7.00000000e-01 1.00000000e+00 1.58749850e-09
7.10000000e-01 1.00000000e+00 1.42839666e-09
7.20000000e-01 1.00000000e+00 1.27877004e-09
7.30000000e-01 1.00000000e+00 1.13906226e-09
7.40000000e-01 1.00000000e+00 1.00952526e-09
7.50000000e-01 1.00000000e+00 8.90235740e-10
7.60000000e-01 1.00000000e+00 7.81114019e-10
7.70000000e-01 1.00000000e+00 6.81944318e-10
7.80000000e-01 1.00000000e+00 5.92395873e-10
7.90000000e-01 1.00000000e+00 5.12044074e-10
8.00000000e-01 1.00000000e+00 4.40391050e-10
8.10000000e-01 1.00000000e+00 3.76885186e-10
8.20000000e-01 1.00000000e+00 3.20939169e-10
8.30000000e-01 1.00000000e+00 2.71946251e-10
8.40000000e-01 1.00000000e+00 2.29294549e-10
8.50000000e-01 1.00000000e+00 1.92379266e-10
8.60000000e-01 1.00000000e+00 1.60612822e-10
8.70000000e-01 1.00000000e+00 1.33432939e-10
8.80000000e-01 1.00000000e+00 1.10308810e-10
8.90000000e-01 1.00000000e+00 9.07454740e-11
9.00000000e-01 1.00000000e+00 7.42866211e-11
9.10000000e-01 1.00000000e+00 6.05159984e-11
9.20000000e-01 1.00000000e+00 4.90576497e-11
9.30000000e-01 1.00000000e+00 3.95751917e-11
9.40000000e-01 1.00000000e+00 3.17703289e-11
9.50000000e-01 1.00000000e+00 2.53807951e-11
9.60000000e-01 1.00000000e+00 2.01778911e-11
9.70000000e-01 1.00000000e+00 1.59637644e-11
9.80000000e-01 1.00000000e+00 1.25685590e-11
9.90000000e-01 1.00000000e+00 9.84753739e-12
1.00000000e+00 1.00000000e+00 7.67825822e-12
